solid OpenSCAD_Model
  facet normal 0.999453 0.0330722 0
    outer loop
      vertex 6.9856 0.439992 4.35793
      vertex 6.98501 0.457822 0
      vertex 6.98501 0.457822 4.36333
    endloop
  endfacet
  facet normal 0.999467 0.0326582 -1.69574e-06
    outer loop
      vertex 6.98914 0.331653 4.33266
      vertex 6.98501 0.457822 0
      vertex 6.9856 0.439992 4.35793
    endloop
  endfacet
  facet normal 0.999463 0.0327812 1.89029e-06
    outer loop
      vertex 6.99274 0.221894 4.31454
      vertex 6.98501 0.457822 0
      vertex 6.98914 0.331653 4.33266
    endloop
  endfacet
  facet normal 0.999466 0.0326812 -3.58222e-06
    outer loop
      vertex 6.99636 0.111185 4.30364
      vertex 6.98501 0.457822 0
      vertex 6.99274 0.221894 4.31454
    endloop
  endfacet
  facet normal 0.999465 0.0327207 -0
    outer loop
      vertex 7 0 0
      vertex 6.99636 0.111185 4.30364
      vertex 7 0 4.3
    endloop
  endfacet
  facet normal 0.999464 0.0327244 -9.69231e-08
    outer loop
      vertex 6.99636 0.111185 4.30364
      vertex 7 0 0
      vertex 6.98501 0.457822 0
    endloop
  endfacet
  facet normal 0.999453 0.0330722 0
    outer loop
      vertex 6.98501 0.457822 89.98
      vertex 6.9856 0.439992 28.6421
      vertex 6.98501 0.457822 28.6367
    endloop
  endfacet
  facet normal 0.999467 0.0326578 1.20586e-07
    outer loop
      vertex 6.98501 0.457822 89.98
      vertex 6.98914 0.331653 28.6673
      vertex 6.9856 0.439992 28.6421
    endloop
  endfacet
  facet normal 0.999463 0.0327815 -1.34173e-07
    outer loop
      vertex 6.98501 0.457822 89.98
      vertex 6.99274 0.221894 28.6855
      vertex 6.98914 0.331653 28.6673
    endloop
  endfacet
  facet normal 0.999466 0.0326809 2.53415e-07
    outer loop
      vertex 6.98501 0.457822 89.98
      vertex 6.99636 0.111185 28.6964
      vertex 6.99274 0.221894 28.6855
    endloop
  endfacet
  facet normal 0.999464 0.0327244 -0
    outer loop
      vertex 7 0 28.7
      vertex 6.98501 0.457822 89.98
      vertex 7 0 89.98
    endloop
  endfacet
  facet normal 0.999465 0.0327207 2.80214e-08
    outer loop
      vertex 6.98501 0.457822 89.98
      vertex 7 0 28.7
      vertex 6.99636 0.111185 28.6964
    endloop
  endfacet
  facet normal 0.999453 0.0330722 0
    outer loop
      vertex 6.9856 0.439992 11.3579
      vertex 6.98501 0.457822 7.63666
      vertex 6.98501 0.457822 11.3633
    endloop
  endfacet
  facet normal 0.999453 0.0330722 0
    outer loop
      vertex 6.9856 0.439992 11.3579
      vertex 6.9856 0.439992 7.64207
      vertex 6.98501 0.457822 7.63666
    endloop
  endfacet
  facet normal 0.999467 0.0326578 0
    outer loop
      vertex 6.98914 0.331653 11.3327
      vertex 6.9856 0.439992 7.64207
      vertex 6.9856 0.439992 11.3579
    endloop
  endfacet
  facet normal 0.999467 0.0326578 0
    outer loop
      vertex 6.98914 0.331653 11.3327
      vertex 6.98914 0.331653 7.66733
      vertex 6.9856 0.439992 7.64207
    endloop
  endfacet
  facet normal 0.999463 0.0327815 0
    outer loop
      vertex 6.99274 0.221894 11.3145
      vertex 6.98914 0.331653 7.66733
      vertex 6.98914 0.331653 11.3327
    endloop
  endfacet
  facet normal 0.999463 0.0327815 0
    outer loop
      vertex 6.99274 0.221894 11.3145
      vertex 6.99274 0.221894 7.68546
      vertex 6.98914 0.331653 7.66733
    endloop
  endfacet
  facet normal 0.999466 0.0326809 0
    outer loop
      vertex 6.99636 0.111185 11.3036
      vertex 6.99274 0.221894 7.68546
      vertex 6.99274 0.221894 11.3145
    endloop
  endfacet
  facet normal 0.999466 0.0326809 0
    outer loop
      vertex 6.99636 0.111185 11.3036
      vertex 6.99636 0.111185 7.69636
      vertex 6.99274 0.221894 7.68546
    endloop
  endfacet
  facet normal 0.999465 0.0327207 0
    outer loop
      vertex 7 0 11.3
      vertex 6.99636 0.111185 7.69636
      vertex 6.99636 0.111185 11.3036
    endloop
  endfacet
  facet normal 0.999465 0.0327207 0
    outer loop
      vertex 6.99636 0.111185 7.69636
      vertex 7 0 11.3
      vertex 7 0 7.7
    endloop
  endfacet
  facet normal 0.999453 0.0330722 0
    outer loop
      vertex 6.9856 0.439992 18.3579
      vertex 6.98501 0.457822 14.6367
      vertex 6.98501 0.457822 18.3633
    endloop
  endfacet
  facet normal 0.999453 0.0330722 0
    outer loop
      vertex 6.9856 0.439992 18.3579
      vertex 6.9856 0.439992 14.6421
      vertex 6.98501 0.457822 14.6367
    endloop
  endfacet
  facet normal 0.999467 0.0326578 0
    outer loop
      vertex 6.98914 0.331653 18.3327
      vertex 6.9856 0.439992 14.6421
      vertex 6.9856 0.439992 18.3579
    endloop
  endfacet
  facet normal 0.999467 0.0326578 0
    outer loop
      vertex 6.98914 0.331653 18.3327
      vertex 6.98914 0.331653 14.6673
      vertex 6.9856 0.439992 14.6421
    endloop
  endfacet
  facet normal 0.999463 0.0327815 0
    outer loop
      vertex 6.99274 0.221894 18.3145
      vertex 6.98914 0.331653 14.6673
      vertex 6.98914 0.331653 18.3327
    endloop
  endfacet
  facet normal 0.999463 0.0327815 0
    outer loop
      vertex 6.99274 0.221894 18.3145
      vertex 6.99274 0.221894 14.6855
      vertex 6.98914 0.331653 14.6673
    endloop
  endfacet
  facet normal 0.999466 0.0326809 0
    outer loop
      vertex 6.99636 0.111185 18.3036
      vertex 6.99274 0.221894 14.6855
      vertex 6.99274 0.221894 18.3145
    endloop
  endfacet
  facet normal 0.999466 0.0326809 0
    outer loop
      vertex 6.99636 0.111185 18.3036
      vertex 6.99636 0.111185 14.6964
      vertex 6.99274 0.221894 14.6855
    endloop
  endfacet
  facet normal 0.999465 0.0327207 0
    outer loop
      vertex 7 0 18.3
      vertex 6.99636 0.111185 14.6964
      vertex 6.99636 0.111185 18.3036
    endloop
  endfacet
  facet normal 0.999465 0.0327207 0
    outer loop
      vertex 6.99636 0.111185 14.6964
      vertex 7 0 18.3
      vertex 7 0 14.7
    endloop
  endfacet
  facet normal 0.999453 0.0330722 0
    outer loop
      vertex 6.9856 0.439992 25.3579
      vertex 6.98501 0.457822 21.6367
      vertex 6.98501 0.457822 25.3633
    endloop
  endfacet
  facet normal 0.999453 0.0330722 0
    outer loop
      vertex 6.9856 0.439992 25.3579
      vertex 6.9856 0.439992 21.6421
      vertex 6.98501 0.457822 21.6367
    endloop
  endfacet
  facet normal 0.999467 0.0326578 0
    outer loop
      vertex 6.98914 0.331653 25.3327
      vertex 6.9856 0.439992 21.6421
      vertex 6.9856 0.439992 25.3579
    endloop
  endfacet
  facet normal 0.999467 0.0326578 0
    outer loop
      vertex 6.98914 0.331653 25.3327
      vertex 6.98914 0.331653 21.6673
      vertex 6.9856 0.439992 21.6421
    endloop
  endfacet
  facet normal 0.999463 0.0327815 0
    outer loop
      vertex 6.99274 0.221894 25.3145
      vertex 6.98914 0.331653 21.6673
      vertex 6.98914 0.331653 25.3327
    endloop
  endfacet
  facet normal 0.999463 0.0327815 0
    outer loop
      vertex 6.99274 0.221894 25.3145
      vertex 6.99274 0.221894 21.6855
      vertex 6.98914 0.331653 21.6673
    endloop
  endfacet
  facet normal 0.999466 0.0326809 0
    outer loop
      vertex 6.99636 0.111185 25.3036
      vertex 6.99274 0.221894 21.6855
      vertex 6.99274 0.221894 25.3145
    endloop
  endfacet
  facet normal 0.999466 0.0326809 0
    outer loop
      vertex 6.99636 0.111185 25.3036
      vertex 6.99636 0.111185 21.6964
      vertex 6.99274 0.221894 21.6855
    endloop
  endfacet
  facet normal 0.999465 0.0327207 0
    outer loop
      vertex 7 0 25.3
      vertex 6.99636 0.111185 21.6964
      vertex 6.99636 0.111185 25.3036
    endloop
  endfacet
  facet normal 0.999465 0.0327207 0
    outer loop
      vertex 6.99636 0.111185 21.6964
      vertex 7 0 25.3
      vertex 7 0 21.7
    endloop
  endfacet
  facet normal -0.999453 0.0330722 0
    outer loop
      vertex -6.98501 0.457822 0
      vertex -6.9856 0.439992 4.35793
      vertex -6.98501 0.457822 4.36333
    endloop
  endfacet
  facet normal -0.999467 0.0326582 -1.69574e-06
    outer loop
      vertex -6.98501 0.457822 0
      vertex -6.98914 0.331653 4.33266
      vertex -6.9856 0.439992 4.35793
    endloop
  endfacet
  facet normal -0.999463 0.0327812 1.89029e-06
    outer loop
      vertex -6.98501 0.457822 0
      vertex -6.99274 0.221894 4.31454
      vertex -6.98914 0.331653 4.33266
    endloop
  endfacet
  facet normal -0.999466 0.0326812 -3.58222e-06
    outer loop
      vertex -6.98501 0.457822 0
      vertex -6.99636 0.111185 4.30364
      vertex -6.99274 0.221894 4.31454
    endloop
  endfacet
  facet normal -0.999464 0.0327244 -9.69231e-08
    outer loop
      vertex -7 0 0
      vertex -6.99636 0.111185 4.30364
      vertex -6.98501 0.457822 0
    endloop
  endfacet
  facet normal -0.999465 0.0327207 0
    outer loop
      vertex -6.99636 0.111185 4.30364
      vertex -7 0 0
      vertex -7 0 4.3
    endloop
  endfacet
  facet normal -0.999453 0.0330722 0
    outer loop
      vertex -6.9856 0.439992 28.6421
      vertex -6.98501 0.457822 89.98
      vertex -6.98501 0.457822 28.6367
    endloop
  endfacet
  facet normal -0.999467 0.0326578 1.20586e-07
    outer loop
      vertex -6.98914 0.331653 28.6673
      vertex -6.98501 0.457822 89.98
      vertex -6.9856 0.439992 28.6421
    endloop
  endfacet
  facet normal -0.999463 0.0327815 -1.34173e-07
    outer loop
      vertex -6.99274 0.221894 28.6855
      vertex -6.98501 0.457822 89.98
      vertex -6.98914 0.331653 28.6673
    endloop
  endfacet
  facet normal -0.999466 0.0326809 2.53415e-07
    outer loop
      vertex -6.99636 0.111185 28.6964
      vertex -6.98501 0.457822 89.98
      vertex -6.99274 0.221894 28.6855
    endloop
  endfacet
  facet normal -0.999465 0.0327207 2.80214e-08
    outer loop
      vertex -7 0 28.7
      vertex -6.98501 0.457822 89.98
      vertex -6.99636 0.111185 28.6964
    endloop
  endfacet
  facet normal -0.999464 0.0327244 0
    outer loop
      vertex -6.98501 0.457822 89.98
      vertex -7 0 28.7
      vertex -7 0 89.98
    endloop
  endfacet
  facet normal -0.999453 0.0330722 0
    outer loop
      vertex -6.9856 0.439992 7.64207
      vertex -6.98501 0.457822 11.3633
      vertex -6.98501 0.457822 7.63666
    endloop
  endfacet
  facet normal -0.999453 0.0330722 0
    outer loop
      vertex -6.9856 0.439992 7.64207
      vertex -6.9856 0.439992 11.3579
      vertex -6.98501 0.457822 11.3633
    endloop
  endfacet
  facet normal -0.999467 0.0326578 0
    outer loop
      vertex -6.98914 0.331653 7.66733
      vertex -6.9856 0.439992 11.3579
      vertex -6.9856 0.439992 7.64207
    endloop
  endfacet
  facet normal -0.999467 0.0326578 0
    outer loop
      vertex -6.98914 0.331653 7.66733
      vertex -6.98914 0.331653 11.3327
      vertex -6.9856 0.439992 11.3579
    endloop
  endfacet
  facet normal -0.999463 0.0327815 0
    outer loop
      vertex -6.99274 0.221894 7.68546
      vertex -6.98914 0.331653 11.3327
      vertex -6.98914 0.331653 7.66733
    endloop
  endfacet
  facet normal -0.999463 0.0327815 0
    outer loop
      vertex -6.99274 0.221894 7.68546
      vertex -6.99274 0.221894 11.3145
      vertex -6.98914 0.331653 11.3327
    endloop
  endfacet
  facet normal -0.999466 0.0326809 0
    outer loop
      vertex -6.99636 0.111185 7.69636
      vertex -6.99274 0.221894 11.3145
      vertex -6.99274 0.221894 7.68546
    endloop
  endfacet
  facet normal -0.999466 0.0326809 0
    outer loop
      vertex -6.99636 0.111185 7.69636
      vertex -6.99636 0.111185 11.3036
      vertex -6.99274 0.221894 11.3145
    endloop
  endfacet
  facet normal -0.999465 0.0327207 0
    outer loop
      vertex -7 0 7.7
      vertex -6.99636 0.111185 11.3036
      vertex -6.99636 0.111185 7.69636
    endloop
  endfacet
  facet normal -0.999465 0.0327207 0
    outer loop
      vertex -6.99636 0.111185 11.3036
      vertex -7 0 7.7
      vertex -7 0 11.3
    endloop
  endfacet
  facet normal -0.999453 0.0330722 0
    outer loop
      vertex -6.9856 0.439992 14.6421
      vertex -6.98501 0.457822 18.3633
      vertex -6.98501 0.457822 14.6367
    endloop
  endfacet
  facet normal -0.999453 0.0330722 0
    outer loop
      vertex -6.9856 0.439992 14.6421
      vertex -6.9856 0.439992 18.3579
      vertex -6.98501 0.457822 18.3633
    endloop
  endfacet
  facet normal -0.999467 0.0326578 0
    outer loop
      vertex -6.98914 0.331653 14.6673
      vertex -6.9856 0.439992 18.3579
      vertex -6.9856 0.439992 14.6421
    endloop
  endfacet
  facet normal -0.999467 0.0326578 0
    outer loop
      vertex -6.98914 0.331653 14.6673
      vertex -6.98914 0.331653 18.3327
      vertex -6.9856 0.439992 18.3579
    endloop
  endfacet
  facet normal -0.999463 0.0327815 0
    outer loop
      vertex -6.99274 0.221894 14.6855
      vertex -6.98914 0.331653 18.3327
      vertex -6.98914 0.331653 14.6673
    endloop
  endfacet
  facet normal -0.999463 0.0327815 0
    outer loop
      vertex -6.99274 0.221894 14.6855
      vertex -6.99274 0.221894 18.3145
      vertex -6.98914 0.331653 18.3327
    endloop
  endfacet
  facet normal -0.999466 0.0326809 0
    outer loop
      vertex -6.99636 0.111185 14.6964
      vertex -6.99274 0.221894 18.3145
      vertex -6.99274 0.221894 14.6855
    endloop
  endfacet
  facet normal -0.999466 0.0326809 0
    outer loop
      vertex -6.99636 0.111185 14.6964
      vertex -6.99636 0.111185 18.3036
      vertex -6.99274 0.221894 18.3145
    endloop
  endfacet
  facet normal -0.999465 0.0327207 0
    outer loop
      vertex -7 0 14.7
      vertex -6.99636 0.111185 18.3036
      vertex -6.99636 0.111185 14.6964
    endloop
  endfacet
  facet normal -0.999465 0.0327207 0
    outer loop
      vertex -6.99636 0.111185 18.3036
      vertex -7 0 14.7
      vertex -7 0 18.3
    endloop
  endfacet
  facet normal -0.999453 0.0330722 0
    outer loop
      vertex -6.9856 0.439992 21.6421
      vertex -6.98501 0.457822 25.3633
      vertex -6.98501 0.457822 21.6367
    endloop
  endfacet
  facet normal -0.999453 0.0330722 0
    outer loop
      vertex -6.9856 0.439992 21.6421
      vertex -6.9856 0.439992 25.3579
      vertex -6.98501 0.457822 25.3633
    endloop
  endfacet
  facet normal -0.999467 0.0326578 0
    outer loop
      vertex -6.98914 0.331653 21.6673
      vertex -6.9856 0.439992 25.3579
      vertex -6.9856 0.439992 21.6421
    endloop
  endfacet
  facet normal -0.999467 0.0326578 0
    outer loop
      vertex -6.98914 0.331653 21.6673
      vertex -6.98914 0.331653 25.3327
      vertex -6.9856 0.439992 25.3579
    endloop
  endfacet
  facet normal -0.999463 0.0327815 0
    outer loop
      vertex -6.99274 0.221894 21.6855
      vertex -6.98914 0.331653 25.3327
      vertex -6.98914 0.331653 21.6673
    endloop
  endfacet
  facet normal -0.999463 0.0327815 0
    outer loop
      vertex -6.99274 0.221894 21.6855
      vertex -6.99274 0.221894 25.3145
      vertex -6.98914 0.331653 25.3327
    endloop
  endfacet
  facet normal -0.999466 0.0326809 0
    outer loop
      vertex -6.99636 0.111185 21.6964
      vertex -6.99274 0.221894 25.3145
      vertex -6.99274 0.221894 21.6855
    endloop
  endfacet
  facet normal -0.999466 0.0326809 0
    outer loop
      vertex -6.99636 0.111185 21.6964
      vertex -6.99636 0.111185 25.3036
      vertex -6.99274 0.221894 25.3145
    endloop
  endfacet
  facet normal -0.999465 0.0327207 0
    outer loop
      vertex -7 0 21.7
      vertex -6.99636 0.111185 25.3036
      vertex -6.99636 0.111185 21.6964
    endloop
  endfacet
  facet normal -0.999465 0.0327207 0
    outer loop
      vertex -6.99636 0.111185 25.3036
      vertex -7 0 21.7
      vertex -7 0 25.3
    endloop
  endfacet
  facet normal 0.0327244 0.999464 -0
    outer loop
      vertex 0.457822 6.98501 0
      vertex 0 7 89.98
      vertex 0.457822 6.98501 89.98
    endloop
  endfacet
  facet normal 0.0327244 0.999464 0
    outer loop
      vertex 0 7 89.98
      vertex 0.457822 6.98501 0
      vertex 0 7 0
    endloop
  endfacet
  facet normal 0.683587 0.729869 -0
    outer loop
      vertex 4.94975 4.94975 0
      vertex 4.61542 5.26288 89.98
      vertex 4.94975 4.94975 89.98
    endloop
  endfacet
  facet normal 0.683587 0.729869 0
    outer loop
      vertex 4.61542 5.26288 89.98
      vertex 4.94975 4.94975 0
      vertex 4.61542 5.26288 0
    endloop
  endfacet
  facet normal -0.683587 0.729869 0
    outer loop
      vertex -4.61542 5.26288 0
      vertex -4.94975 4.94975 89.98
      vertex -4.61542 5.26288 89.98
    endloop
  endfacet
  facet normal -0.683587 0.729869 0
    outer loop
      vertex -4.94975 4.94975 89.98
      vertex -4.61542 5.26288 0
      vertex -4.94975 4.94975 0
    endloop
  endfacet
  facet normal -0.352248 0.935907 0
    outer loop
      vertex -2.25008 6.62851 0
      vertex -2.67878 6.46716 89.98
      vertex -2.25008 6.62851 89.98
    endloop
  endfacet
  facet normal -0.352248 0.935907 0
    outer loop
      vertex -2.67878 6.46716 89.98
      vertex -2.25008 6.62851 0
      vertex -2.67878 6.46716 0
    endloop
  endfacet
  facet normal -0.935907 -0.352248 0
    outer loop
      vertex -6.46716 -2.67878 0
      vertex -6.62851 -2.25008 89.98
      vertex -6.62851 -2.25008 0
    endloop
  endfacet
  facet normal -0.935907 -0.352248 0
    outer loop
      vertex -6.62851 -2.25008 89.98
      vertex -6.46716 -2.67878 0
      vertex -6.46716 -2.67878 89.98
    endloop
  endfacet
  facet normal 0.910863 0.412709 0
    outer loop
      vertex 6.46716 2.67878 89.98
      vertex 6.27811 3.09602 0
      vertex 6.27811 3.09602 89.98
    endloop
  endfacet
  facet normal 0.910863 0.412709 0
    outer loop
      vertex 6.27811 3.09602 0
      vertex 6.46716 2.67878 89.98
      vertex 6.46716 2.67878 0
    endloop
  endfacet
  facet normal 0.412709 0.910863 -0
    outer loop
      vertex 3.09602 6.27811 0
      vertex 2.67878 6.46716 89.98
      vertex 3.09602 6.27811 89.98
    endloop
  endfacet
  facet normal 0.412709 0.910863 0
    outer loop
      vertex 2.67878 6.46716 89.98
      vertex 3.09602 6.27811 0
      vertex 2.67878 6.46716 0
    endloop
  endfacet
  facet normal 0.528069 0.849202 -0
    outer loop
      vertex 3.88899 5.82029 0
      vertex 3.5 6.06218 89.98
      vertex 3.88899 5.82029 89.98
    endloop
  endfacet
  facet normal 0.528069 0.849202 0
    outer loop
      vertex 3.5 6.06218 89.98
      vertex 3.88899 5.82029 0
      vertex 3.5 6.06218 0
    endloop
  endfacet
  facet normal -0.910863 0.412709 0
    outer loop
      vertex -6.46716 2.67878 0
      vertex -6.27811 3.09602 89.98
      vertex -6.27811 3.09602 0
    endloop
  endfacet
  facet normal -0.910863 0.412709 0
    outer loop
      vertex -6.27811 3.09602 89.98
      vertex -6.46716 2.67878 0
      vertex -6.46716 2.67878 89.98
    endloop
  endfacet
  facet normal -0.162881 0.986646 0
    outer loop
      vertex -0.913683 6.94011 0
      vertex -1.36563 6.8655 89.98
      vertex -0.913683 6.94011 89.98
    endloop
  endfacet
  facet normal -0.162881 0.986646 0
    outer loop
      vertex -1.36563 6.8655 89.98
      vertex -0.913683 6.94011 0
      vertex -1.36563 6.8655 0
    endloop
  endfacet
  facet normal 0.935907 -0.352248 0
    outer loop
      vertex 6.46716 -2.67878 89.98
      vertex 6.62851 -2.25008 0
      vertex 6.62851 -2.25008 89.98
    endloop
  endfacet
  facet normal 0.935907 -0.352248 0
    outer loop
      vertex 6.62851 -2.25008 0
      vertex 6.46716 -2.67878 89.98
      vertex 6.46716 -2.67878 0
    endloop
  endfacet
  facet normal 0.973802 0.227399 0
    outer loop
      vertex 6.78838 1.69636 12.8888
      vertex 6.78753 1.7 6
      vertex 6.78753 1.7 13
    endloop
  endfacet
  facet normal 0.973802 0.227399 0
    outer loop
      vertex 6.78838 1.69636 12.8888
      vertex 6.78838 1.69636 6.11119
      vertex 6.78753 1.7 6
    endloop
  endfacet
  facet normal 0.973907 0.226947 0
    outer loop
      vertex 6.79092 1.68546 12.7781
      vertex 6.78838 1.69636 6.11119
      vertex 6.78838 1.69636 12.8888
    endloop
  endfacet
  facet normal 0.973907 0.226947 0
    outer loop
      vertex 6.79092 1.68546 12.7781
      vertex 6.79092 1.68546 6.22189
      vertex 6.78838 1.69636 6.11119
    endloop
  endfacet
  facet normal 0.973845 0.227213 0
    outer loop
      vertex 6.79515 1.66733 12.6683
      vertex 6.79092 1.68546 6.22189
      vertex 6.79092 1.68546 12.7781
    endloop
  endfacet
  facet normal 0.973845 0.227213 0
    outer loop
      vertex 6.79515 1.66733 12.6683
      vertex 6.79515 1.66733 6.33165
      vertex 6.79092 1.68546 6.22189
    endloop
  endfacet
  facet normal 0.973875 0.227083 0
    outer loop
      vertex 6.80104 1.64207 12.56
      vertex 6.79515 1.66733 6.33165
      vertex 6.79515 1.66733 12.6683
    endloop
  endfacet
  facet normal 0.973875 0.227083 0
    outer loop
      vertex 6.80104 1.64207 12.56
      vertex 6.80104 1.64207 6.43999
      vertex 6.79515 1.66733 6.33165
    endloop
  endfacet
  facet normal 0.97387 0.227106 0
    outer loop
      vertex 6.80857 1.60978 12.4536
      vertex 6.80104 1.64207 6.43999
      vertex 6.80104 1.64207 12.56
    endloop
  endfacet
  facet normal 0.97387 0.227106 0
    outer loop
      vertex 6.80857 1.60978 12.4536
      vertex 6.80857 1.60978 6.54645
      vertex 6.80104 1.64207 6.43999
    endloop
  endfacet
  facet normal 0.973865 0.227127 0
    outer loop
      vertex 6.81771 1.57059 12.3494
      vertex 6.80857 1.60978 6.54645
      vertex 6.80857 1.60978 12.4536
    endloop
  endfacet
  facet normal 0.973865 0.227127 0
    outer loop
      vertex 6.81771 1.57059 12.3494
      vertex 6.81771 1.57059 6.65056
      vertex 6.80857 1.60978 6.54645
    endloop
  endfacet
  facet normal 0.973899 0.226981 0
    outer loop
      vertex 6.82841 1.52468 12.2481
      vertex 6.81771 1.57059 6.65056
      vertex 6.81771 1.57059 12.3494
    endloop
  endfacet
  facet normal 0.973899 0.226981 0
    outer loop
      vertex 6.82841 1.52468 12.2481
      vertex 6.82841 1.52468 6.75189
      vertex 6.81771 1.57059 6.65056
    endloop
  endfacet
  facet normal 0.973866 0.227124 0
    outer loop
      vertex 6.84064 1.47224 12.15
      vertex 6.82841 1.52468 6.75189
      vertex 6.82841 1.52468 12.2481
    endloop
  endfacet
  facet normal 0.973866 0.227124 0
    outer loop
      vertex 6.84064 1.47224 12.15
      vertex 6.84064 1.47224 6.85
      vertex 6.82841 1.52468 6.75189
    endloop
  endfacet
  facet normal 0.973863 0.227135 0
    outer loop
      vertex 6.85434 1.4135 12.0555
      vertex 6.84064 1.47224 6.85
      vertex 6.84064 1.47224 12.15
    endloop
  endfacet
  facet normal 0.973863 0.227135 0
    outer loop
      vertex 6.85434 1.4135 12.0555
      vertex 6.85434 1.4135 6.94447
      vertex 6.84064 1.47224 6.85
    endloop
  endfacet
  facet normal 0.973885 0.227043 0
    outer loop
      vertex 6.8655 1.36563 11.9887
      vertex 6.85434 1.4135 6.94447
      vertex 6.85434 1.4135 12.0555
    endloop
  endfacet
  facet normal 0.973885 0.227043 0
    outer loop
      vertex 6.85434 1.4135 6.94447
      vertex 6.8655 1.36563 11.9887
      vertex 6.8655 1.36563 7.01127
    endloop
  endfacet
  facet normal 0.973802 0.227399 0
    outer loop
      vertex 6.78838 1.69636 19.8888
      vertex 6.78753 1.7 13
      vertex 6.78753 1.7 20
    endloop
  endfacet
  facet normal 0.973802 0.227399 0
    outer loop
      vertex 6.78838 1.69636 19.8888
      vertex 6.78838 1.69636 13.1112
      vertex 6.78753 1.7 13
    endloop
  endfacet
  facet normal 0.973907 0.226947 0
    outer loop
      vertex 6.79092 1.68546 19.7781
      vertex 6.78838 1.69636 13.1112
      vertex 6.78838 1.69636 19.8888
    endloop
  endfacet
  facet normal 0.973907 0.226947 0
    outer loop
      vertex 6.79092 1.68546 19.7781
      vertex 6.79092 1.68546 13.2219
      vertex 6.78838 1.69636 13.1112
    endloop
  endfacet
  facet normal 0.973845 0.227213 0
    outer loop
      vertex 6.79515 1.66733 19.6683
      vertex 6.79092 1.68546 13.2219
      vertex 6.79092 1.68546 19.7781
    endloop
  endfacet
  facet normal 0.973845 0.227213 0
    outer loop
      vertex 6.79515 1.66733 19.6683
      vertex 6.79515 1.66733 13.3317
      vertex 6.79092 1.68546 13.2219
    endloop
  endfacet
  facet normal 0.973875 0.227083 0
    outer loop
      vertex 6.80104 1.64207 19.56
      vertex 6.79515 1.66733 13.3317
      vertex 6.79515 1.66733 19.6683
    endloop
  endfacet
  facet normal 0.973875 0.227083 0
    outer loop
      vertex 6.80104 1.64207 19.56
      vertex 6.80104 1.64207 13.44
      vertex 6.79515 1.66733 13.3317
    endloop
  endfacet
  facet normal 0.97387 0.227106 0
    outer loop
      vertex 6.80857 1.60978 19.4536
      vertex 6.80104 1.64207 13.44
      vertex 6.80104 1.64207 19.56
    endloop
  endfacet
  facet normal 0.97387 0.227106 0
    outer loop
      vertex 6.80857 1.60978 19.4536
      vertex 6.80857 1.60978 13.5464
      vertex 6.80104 1.64207 13.44
    endloop
  endfacet
  facet normal 0.973865 0.227127 0
    outer loop
      vertex 6.81771 1.57059 19.3494
      vertex 6.80857 1.60978 13.5464
      vertex 6.80857 1.60978 19.4536
    endloop
  endfacet
  facet normal 0.973865 0.227127 0
    outer loop
      vertex 6.81771 1.57059 19.3494
      vertex 6.81771 1.57059 13.6506
      vertex 6.80857 1.60978 13.5464
    endloop
  endfacet
  facet normal 0.973899 0.226981 0
    outer loop
      vertex 6.82841 1.52468 19.2481
      vertex 6.81771 1.57059 13.6506
      vertex 6.81771 1.57059 19.3494
    endloop
  endfacet
  facet normal 0.973899 0.226981 0
    outer loop
      vertex 6.82841 1.52468 19.2481
      vertex 6.82841 1.52468 13.7519
      vertex 6.81771 1.57059 13.6506
    endloop
  endfacet
  facet normal 0.973866 0.227124 0
    outer loop
      vertex 6.84064 1.47224 19.15
      vertex 6.82841 1.52468 13.7519
      vertex 6.82841 1.52468 19.2481
    endloop
  endfacet
  facet normal 0.973866 0.227124 0
    outer loop
      vertex 6.84064 1.47224 19.15
      vertex 6.84064 1.47224 13.85
      vertex 6.82841 1.52468 13.7519
    endloop
  endfacet
  facet normal 0.973863 0.227135 0
    outer loop
      vertex 6.85434 1.4135 19.0555
      vertex 6.84064 1.47224 13.85
      vertex 6.84064 1.47224 19.15
    endloop
  endfacet
  facet normal 0.973863 0.227135 0
    outer loop
      vertex 6.85434 1.4135 19.0555
      vertex 6.85434 1.4135 13.9445
      vertex 6.84064 1.47224 13.85
    endloop
  endfacet
  facet normal 0.973885 0.227043 0
    outer loop
      vertex 6.8655 1.36563 18.9887
      vertex 6.85434 1.4135 13.9445
      vertex 6.85434 1.4135 19.0555
    endloop
  endfacet
  facet normal 0.973885 0.227043 0
    outer loop
      vertex 6.85434 1.4135 13.9445
      vertex 6.8655 1.36563 18.9887
      vertex 6.8655 1.36563 14.0113
    endloop
  endfacet
  facet normal 0.973802 0.227399 0
    outer loop
      vertex 6.78838 1.69636 26.8888
      vertex 6.78753 1.7 20
      vertex 6.78753 1.7 27
    endloop
  endfacet
  facet normal 0.973802 0.227399 0
    outer loop
      vertex 6.78838 1.69636 26.8888
      vertex 6.78838 1.69636 20.1112
      vertex 6.78753 1.7 20
    endloop
  endfacet
  facet normal 0.973907 0.226947 0
    outer loop
      vertex 6.79092 1.68546 26.7781
      vertex 6.78838 1.69636 20.1112
      vertex 6.78838 1.69636 26.8888
    endloop
  endfacet
  facet normal 0.973907 0.226947 0
    outer loop
      vertex 6.79092 1.68546 26.7781
      vertex 6.79092 1.68546 20.2219
      vertex 6.78838 1.69636 20.1112
    endloop
  endfacet
  facet normal 0.973845 0.227213 0
    outer loop
      vertex 6.79515 1.66733 26.6683
      vertex 6.79092 1.68546 20.2219
      vertex 6.79092 1.68546 26.7781
    endloop
  endfacet
  facet normal 0.973845 0.227213 0
    outer loop
      vertex 6.79515 1.66733 26.6683
      vertex 6.79515 1.66733 20.3317
      vertex 6.79092 1.68546 20.2219
    endloop
  endfacet
  facet normal 0.973875 0.227083 0
    outer loop
      vertex 6.80104 1.64207 26.56
      vertex 6.79515 1.66733 20.3317
      vertex 6.79515 1.66733 26.6683
    endloop
  endfacet
  facet normal 0.973875 0.227083 0
    outer loop
      vertex 6.80104 1.64207 26.56
      vertex 6.80104 1.64207 20.44
      vertex 6.79515 1.66733 20.3317
    endloop
  endfacet
  facet normal 0.97387 0.227106 0
    outer loop
      vertex 6.80857 1.60978 26.4536
      vertex 6.80104 1.64207 20.44
      vertex 6.80104 1.64207 26.56
    endloop
  endfacet
  facet normal 0.97387 0.227106 0
    outer loop
      vertex 6.80857 1.60978 26.4536
      vertex 6.80857 1.60978 20.5464
      vertex 6.80104 1.64207 20.44
    endloop
  endfacet
  facet normal 0.973865 0.227127 0
    outer loop
      vertex 6.81771 1.57059 26.3494
      vertex 6.80857 1.60978 20.5464
      vertex 6.80857 1.60978 26.4536
    endloop
  endfacet
  facet normal 0.973865 0.227127 0
    outer loop
      vertex 6.81771 1.57059 26.3494
      vertex 6.81771 1.57059 20.6506
      vertex 6.80857 1.60978 20.5464
    endloop
  endfacet
  facet normal 0.973899 0.226981 0
    outer loop
      vertex 6.82841 1.52468 26.2481
      vertex 6.81771 1.57059 20.6506
      vertex 6.81771 1.57059 26.3494
    endloop
  endfacet
  facet normal 0.973899 0.226981 0
    outer loop
      vertex 6.82841 1.52468 26.2481
      vertex 6.82841 1.52468 20.7519
      vertex 6.81771 1.57059 20.6506
    endloop
  endfacet
  facet normal 0.973866 0.227124 0
    outer loop
      vertex 6.84064 1.47224 26.15
      vertex 6.82841 1.52468 20.7519
      vertex 6.82841 1.52468 26.2481
    endloop
  endfacet
  facet normal 0.973866 0.227124 0
    outer loop
      vertex 6.84064 1.47224 26.15
      vertex 6.84064 1.47224 20.85
      vertex 6.82841 1.52468 20.7519
    endloop
  endfacet
  facet normal 0.973863 0.227135 0
    outer loop
      vertex 6.85434 1.4135 26.0555
      vertex 6.84064 1.47224 20.85
      vertex 6.84064 1.47224 26.15
    endloop
  endfacet
  facet normal 0.973863 0.227135 0
    outer loop
      vertex 6.85434 1.4135 26.0555
      vertex 6.85434 1.4135 20.9445
      vertex 6.84064 1.47224 20.85
    endloop
  endfacet
  facet normal 0.973885 0.227043 0
    outer loop
      vertex 6.8655 1.36563 25.9887
      vertex 6.85434 1.4135 20.9445
      vertex 6.85434 1.4135 26.0555
    endloop
  endfacet
  facet normal 0.973885 0.227043 0
    outer loop
      vertex 6.85434 1.4135 20.9445
      vertex 6.8655 1.36563 25.9887
      vertex 6.8655 1.36563 21.0113
    endloop
  endfacet
  facet normal 0.97388 0.227062 0
    outer loop
      vertex 6.76148 1.81173 89.98
      vertex 6.78753 1.7 27
      vertex 6.76148 1.81173 0
    endloop
  endfacet
  facet normal 0.973806 0.227381 -5.98375e-07
    outer loop
      vertex 6.76148 1.81173 89.98
      vertex 6.78838 1.69636 27.1112
      vertex 6.78753 1.7 27
    endloop
  endfacet
  facet normal 0.973907 0.226949 2.37463e-07
    outer loop
      vertex 6.76148 1.81173 89.98
      vertex 6.79092 1.68546 27.2219
      vertex 6.78838 1.69636 27.1112
    endloop
  endfacet
  facet normal 0.973846 0.227211 -3.17014e-07
    outer loop
      vertex 6.76148 1.81173 89.98
      vertex 6.79515 1.66733 27.3317
      vertex 6.79092 1.68546 27.2219
    endloop
  endfacet
  facet normal 0.973875 0.227083 -7.19071e-09
    outer loop
      vertex 6.76148 1.81173 89.98
      vertex 6.80104 1.64207 27.44
      vertex 6.79515 1.66733 27.3317
    endloop
  endfacet
  facet normal 0.97387 0.227105 -7.04543e-08
    outer loop
      vertex 6.76148 1.81173 89.98
      vertex 6.80857 1.60978 27.5464
      vertex 6.80104 1.64207 27.44
    endloop
  endfacet
  facet normal 0.973865 0.227127 -1.44394e-07
    outer loop
      vertex 6.76148 1.81173 89.98
      vertex 6.81771 1.57059 27.6506
      vertex 6.80857 1.60978 27.5464
    endloop
  endfacet
  facet normal 0.973899 0.226982 4.45886e-07
    outer loop
      vertex 6.76148 1.81173 89.98
      vertex 6.82841 1.52468 27.7519
      vertex 6.81771 1.57059 27.6506
    endloop
  endfacet
  facet normal 0.973866 0.227124 -2.40345e-07
    outer loop
      vertex 6.76148 1.81173 89.98
      vertex 6.84064 1.47224 27.85
      vertex 6.82841 1.52468 27.7519
    endloop
  endfacet
  facet normal 0.973863 0.227135 -3.05417e-07
    outer loop
      vertex 6.76148 1.81173 89.98
      vertex 6.85434 1.4135 27.9445
      vertex 6.84064 1.47224 27.85
    endloop
  endfacet
  facet normal 0.973875 0.227085 -0
    outer loop
      vertex 6.8655 1.36563 28.0113
      vertex 6.76148 1.81173 89.98
      vertex 6.8655 1.36563 89.98
    endloop
  endfacet
  facet normal 0.973885 0.227044 3.12489e-07
    outer loop
      vertex 6.76148 1.81173 89.98
      vertex 6.8655 1.36563 28.0113
      vertex 6.85434 1.4135 27.9445
    endloop
  endfacet
  facet normal 0.97388 0.227062 -0
    outer loop
      vertex 6.78753 1.7 20
      vertex 6.76148 1.81173 0
      vertex 6.78753 1.7 27
    endloop
  endfacet
  facet normal 0.97388 0.227062 -0
    outer loop
      vertex 6.78753 1.7 13
      vertex 6.76148 1.81173 0
      vertex 6.78753 1.7 20
    endloop
  endfacet
  facet normal 0.97388 0.227062 -0
    outer loop
      vertex 6.78753 1.7 6
      vertex 6.76148 1.81173 0
      vertex 6.78753 1.7 13
    endloop
  endfacet
  facet normal 0.97383 0.227276 4.22067e-06
    outer loop
      vertex 6.78838 1.69636 5.88881
      vertex 6.76148 1.81173 0
      vertex 6.78753 1.7 6
    endloop
  endfacet
  facet normal 0.973902 0.226968 -2.1538e-06
    outer loop
      vertex 6.79092 1.68546 5.7781
      vertex 6.76148 1.81173 0
      vertex 6.78838 1.69636 5.88881
    endloop
  endfacet
  facet normal 0.973849 0.227195 3.07799e-06
    outer loop
      vertex 6.79515 1.66733 5.66835
      vertex 6.76148 1.81173 0
      vertex 6.79092 1.68546 5.7781
    endloop
  endfacet
  facet normal 0.973875 0.227083 7.23538e-08
    outer loop
      vertex 6.80104 1.64207 5.56001
      vertex 6.76148 1.81173 0
      vertex 6.79515 1.66733 5.66835
    endloop
  endfacet
  facet normal 0.973871 0.227103 7.2648e-07
    outer loop
      vertex 6.80857 1.60978 5.45355
      vertex 6.76148 1.81173 0
      vertex 6.80104 1.64207 5.56001
    endloop
  endfacet
  facet normal 0.973866 0.227124 1.51795e-06
    outer loop
      vertex 6.81771 1.57059 5.34944
      vertex 6.76148 1.81173 0
      vertex 6.80857 1.60978 5.45355
    endloop
  endfacet
  facet normal 0.973897 0.226991 -4.76548e-06
    outer loop
      vertex 6.82841 1.52468 5.24811
      vertex 6.76148 1.81173 0
      vertex 6.81771 1.57059 5.34944
    endloop
  endfacet
  facet normal 0.973867 0.227119 2.60759e-06
    outer loop
      vertex 6.84064 1.47224 5.15
      vertex 6.76148 1.81173 0
      vertex 6.82841 1.52468 5.24811
    endloop
  endfacet
  facet normal 0.973864 0.22713 3.36068e-06
    outer loop
      vertex 6.85434 1.4135 5.05553
      vertex 6.76148 1.81173 0
      vertex 6.84064 1.47224 5.15
    endloop
  endfacet
  facet normal 0.973884 0.227048 -3.48569e-06
    outer loop
      vertex 6.8655 1.36563 4.98873
      vertex 6.76148 1.81173 0
      vertex 6.85434 1.4135 5.05553
    endloop
  endfacet
  facet normal 0.973875 0.227085 0
    outer loop
      vertex 6.76148 1.81173 0
      vertex 6.8655 1.36563 4.98873
      vertex 6.8655 1.36563 0
    endloop
  endfacet
  facet normal 0.995173 0.0981359 0
    outer loop
      vertex 6.94639 0.849999 4.52776
      vertex 6.94011 0.913683 0
      vertex 6.94011 0.913683 4.56736
    endloop
  endfacet
  facet normal 0.995187 0.0979892 -2.08371e-06
    outer loop
      vertex 6.95605 0.75189 4.47532
      vertex 6.94011 0.913683 0
      vertex 6.94639 0.849999 4.52776
    endloop
  endfacet
  facet normal 0.995185 0.0980173 -1.05826e-06
    outer loop
      vertex 6.96603 0.650561 4.4294
      vertex 6.94011 0.913683 0
      vertex 6.95605 0.75189 4.47532
    endloop
  endfacet
  facet normal 0.995189 0.0979774 -3.44987e-06
    outer loop
      vertex 6.97628 0.546447 4.39022
      vertex 6.94011 0.913683 0
      vertex 6.96603 0.650561 4.4294
    endloop
  endfacet
  facet normal 0.995183 0.0980302 1.00783e-06
    outer loop
      vertex 6.98501 0.457822 4.36333
      vertex 6.94011 0.913683 0
      vertex 6.97628 0.546447 4.39022
    endloop
  endfacet
  facet normal 0.995184 0.0980206 0
    outer loop
      vertex 6.94011 0.913683 0
      vertex 6.98501 0.457822 4.36333
      vertex 6.98501 0.457822 0
    endloop
  endfacet
  facet normal 0.995173 0.0981359 0
    outer loop
      vertex 6.94011 0.913683 89.98
      vertex 6.94639 0.849999 28.4722
      vertex 6.94011 0.913683 28.4326
    endloop
  endfacet
  facet normal 0.995188 0.0979882 1.54455e-07
    outer loop
      vertex 6.94011 0.913683 89.98
      vertex 6.95605 0.75189 28.5247
      vertex 6.94639 0.849999 28.4722
    endloop
  endfacet
  facet normal 0.995185 0.0980168 7.8234e-08
    outer loop
      vertex 6.94011 0.913683 89.98
      vertex 6.96603 0.650561 28.5706
      vertex 6.95605 0.75189 28.5247
    endloop
  endfacet
  facet normal 0.995189 0.0979762 2.53989e-07
    outer loop
      vertex 6.94011 0.913683 89.98
      vertex 6.97628 0.546447 28.6098
      vertex 6.96603 0.650561 28.5706
    endloop
  endfacet
  facet normal 0.995184 0.0980206 -0
    outer loop
      vertex 6.98501 0.457822 28.6367
      vertex 6.94011 0.913683 89.98
      vertex 6.98501 0.457822 89.98
    endloop
  endfacet
  facet normal 0.995183 0.0980305 -7.37929e-08
    outer loop
      vertex 6.94011 0.913683 89.98
      vertex 6.98501 0.457822 28.6367
      vertex 6.97628 0.546447 28.6098
    endloop
  endfacet
  facet normal 0.995173 0.0981359 0
    outer loop
      vertex 6.94639 0.849999 11.5278
      vertex 6.94011 0.913683 7.43264
      vertex 6.94011 0.913683 11.5674
    endloop
  endfacet
  facet normal 0.995173 0.0981359 0
    outer loop
      vertex 6.94639 0.849999 11.5278
      vertex 6.94639 0.849999 7.47224
      vertex 6.94011 0.913683 7.43264
    endloop
  endfacet
  facet normal 0.995188 0.0979881 0
    outer loop
      vertex 6.95605 0.75189 11.4753
      vertex 6.94639 0.849999 7.47224
      vertex 6.94639 0.849999 11.5278
    endloop
  endfacet
  facet normal 0.995188 0.0979881 0
    outer loop
      vertex 6.95605 0.75189 11.4753
      vertex 6.95605 0.75189 7.52468
      vertex 6.94639 0.849999 7.47224
    endloop
  endfacet
  facet normal 0.995185 0.0980168 0
    outer loop
      vertex 6.96603 0.650561 11.4294
      vertex 6.95605 0.75189 7.52468
      vertex 6.95605 0.75189 11.4753
    endloop
  endfacet
  facet normal 0.995185 0.0980168 0
    outer loop
      vertex 6.96603 0.650561 11.4294
      vertex 6.96603 0.650561 7.57059
      vertex 6.95605 0.75189 7.52468
    endloop
  endfacet
  facet normal 0.995189 0.0979761 0
    outer loop
      vertex 6.97628 0.546447 11.3902
      vertex 6.96603 0.650561 7.57059
      vertex 6.96603 0.650561 11.4294
    endloop
  endfacet
  facet normal 0.995189 0.0979761 0
    outer loop
      vertex 6.97628 0.546447 11.3902
      vertex 6.97628 0.546447 7.60978
      vertex 6.96603 0.650561 7.57059
    endloop
  endfacet
  facet normal 0.995183 0.0980305 0
    outer loop
      vertex 6.98501 0.457822 11.3633
      vertex 6.97628 0.546447 7.60978
      vertex 6.97628 0.546447 11.3902
    endloop
  endfacet
  facet normal 0.995183 0.0980305 0
    outer loop
      vertex 6.97628 0.546447 7.60978
      vertex 6.98501 0.457822 11.3633
      vertex 6.98501 0.457822 7.63666
    endloop
  endfacet
  facet normal 0.995173 0.0981359 0
    outer loop
      vertex 6.94639 0.849999 18.5278
      vertex 6.94011 0.913683 14.4326
      vertex 6.94011 0.913683 18.5674
    endloop
  endfacet
  facet normal 0.995173 0.0981359 0
    outer loop
      vertex 6.94639 0.849999 18.5278
      vertex 6.94639 0.849999 14.4722
      vertex 6.94011 0.913683 14.4326
    endloop
  endfacet
  facet normal 0.995188 0.0979881 0
    outer loop
      vertex 6.95605 0.75189 18.4753
      vertex 6.94639 0.849999 14.4722
      vertex 6.94639 0.849999 18.5278
    endloop
  endfacet
  facet normal 0.995188 0.0979881 0
    outer loop
      vertex 6.95605 0.75189 18.4753
      vertex 6.95605 0.75189 14.5247
      vertex 6.94639 0.849999 14.4722
    endloop
  endfacet
  facet normal 0.995185 0.0980168 0
    outer loop
      vertex 6.96603 0.650561 18.4294
      vertex 6.95605 0.75189 14.5247
      vertex 6.95605 0.75189 18.4753
    endloop
  endfacet
  facet normal 0.995185 0.0980168 0
    outer loop
      vertex 6.96603 0.650561 18.4294
      vertex 6.96603 0.650561 14.5706
      vertex 6.95605 0.75189 14.5247
    endloop
  endfacet
  facet normal 0.995189 0.0979761 0
    outer loop
      vertex 6.97628 0.546447 18.3902
      vertex 6.96603 0.650561 14.5706
      vertex 6.96603 0.650561 18.4294
    endloop
  endfacet
  facet normal 0.995189 0.0979761 0
    outer loop
      vertex 6.97628 0.546447 18.3902
      vertex 6.97628 0.546447 14.6098
      vertex 6.96603 0.650561 14.5706
    endloop
  endfacet
  facet normal 0.995183 0.0980305 0
    outer loop
      vertex 6.98501 0.457822 18.3633
      vertex 6.97628 0.546447 14.6098
      vertex 6.97628 0.546447 18.3902
    endloop
  endfacet
  facet normal 0.995183 0.0980305 0
    outer loop
      vertex 6.97628 0.546447 14.6098
      vertex 6.98501 0.457822 18.3633
      vertex 6.98501 0.457822 14.6367
    endloop
  endfacet
  facet normal 0.995173 0.0981359 0
    outer loop
      vertex 6.94639 0.849999 25.5278
      vertex 6.94011 0.913683 21.4326
      vertex 6.94011 0.913683 25.5674
    endloop
  endfacet
  facet normal 0.995173 0.0981359 0
    outer loop
      vertex 6.94639 0.849999 25.5278
      vertex 6.94639 0.849999 21.4722
      vertex 6.94011 0.913683 21.4326
    endloop
  endfacet
  facet normal 0.995188 0.0979881 0
    outer loop
      vertex 6.95605 0.75189 25.4753
      vertex 6.94639 0.849999 21.4722
      vertex 6.94639 0.849999 25.5278
    endloop
  endfacet
  facet normal 0.995188 0.0979881 0
    outer loop
      vertex 6.95605 0.75189 25.4753
      vertex 6.95605 0.75189 21.5247
      vertex 6.94639 0.849999 21.4722
    endloop
  endfacet
  facet normal 0.995185 0.0980168 0
    outer loop
      vertex 6.96603 0.650561 25.4294
      vertex 6.95605 0.75189 21.5247
      vertex 6.95605 0.75189 25.4753
    endloop
  endfacet
  facet normal 0.995185 0.0980168 0
    outer loop
      vertex 6.96603 0.650561 25.4294
      vertex 6.96603 0.650561 21.5706
      vertex 6.95605 0.75189 21.5247
    endloop
  endfacet
  facet normal 0.995189 0.0979761 0
    outer loop
      vertex 6.97628 0.546447 25.3902
      vertex 6.96603 0.650561 21.5706
      vertex 6.96603 0.650561 25.4294
    endloop
  endfacet
  facet normal 0.995189 0.0979761 0
    outer loop
      vertex 6.97628 0.546447 25.3902
      vertex 6.97628 0.546447 21.6098
      vertex 6.96603 0.650561 21.5706
    endloop
  endfacet
  facet normal 0.995183 0.0980305 0
    outer loop
      vertex 6.98501 0.457822 25.3633
      vertex 6.97628 0.546447 21.6098
      vertex 6.97628 0.546447 25.3902
    endloop
  endfacet
  facet normal 0.995183 0.0980305 0
    outer loop
      vertex 6.97628 0.546447 21.6098
      vertex 6.98501 0.457822 25.3633
      vertex 6.98501 0.457822 21.6367
    endloop
  endfacet
  facet normal 0.812842 0.582485 0
    outer loop
      vertex 5.82029 3.88899 89.98
      vertex 5.55347 4.26133 0
      vertex 5.55347 4.26133 89.98
    endloop
  endfacet
  facet normal 0.812842 0.582485 0
    outer loop
      vertex 5.55347 4.26133 0
      vertex 5.82029 3.88899 89.98
      vertex 5.82029 3.88899 0
    endloop
  endfacet
  facet normal 0.773015 0.634388 0
    outer loop
      vertex 5.55347 4.26133 89.98
      vertex 5.26288 4.61542 0
      vertex 5.26288 4.61542 89.98
    endloop
  endfacet
  facet normal 0.773015 0.634388 0
    outer loop
      vertex 5.26288 4.61542 0
      vertex 5.55347 4.26133 89.98
      vertex 5.55347 4.26133 0
    endloop
  endfacet
  facet normal 0.881923 0.471394 0
    outer loop
      vertex 6.27811 3.09602 89.98
      vertex 6.06218 3.5 0
      vertex 6.06218 3.5 89.98
    endloop
  endfacet
  facet normal 0.881923 0.471394 0
    outer loop
      vertex 6.06218 3.5 0
      vertex 6.27811 3.09602 89.98
      vertex 6.27811 3.09602 0
    endloop
  endfacet
  facet normal 0.227085 0.973875 -0
    outer loop
      vertex 1.81173 6.76148 0
      vertex 1.36563 6.8655 89.98
      vertex 1.81173 6.76148 89.98
    endloop
  endfacet
  facet normal 0.227085 0.973875 0
    outer loop
      vertex 1.36563 6.8655 89.98
      vertex 1.81173 6.76148 0
      vertex 1.36563 6.8655 0
    endloop
  endfacet
  facet normal 0.162881 0.986646 -0
    outer loop
      vertex 1.36563 6.8655 0
      vertex 0.913683 6.94011 89.98
      vertex 1.36563 6.8655 89.98
    endloop
  endfacet
  facet normal 0.162881 0.986646 0
    outer loop
      vertex 0.913683 6.94011 89.98
      vertex 1.36563 6.8655 0
      vertex 0.913683 6.94011 0
    endloop
  endfacet
  facet normal 0.471394 0.881923 -0
    outer loop
      vertex 3.5 6.06218 0
      vertex 3.09602 6.27811 89.98
      vertex 3.5 6.06218 89.98
    endloop
  endfacet
  facet normal 0.471394 0.881923 0
    outer loop
      vertex 3.09602 6.27811 89.98
      vertex 3.5 6.06218 0
      vertex 3.09602 6.27811 0
    endloop
  endfacet
  facet normal 0.582485 0.812842 -0
    outer loop
      vertex 4.26133 5.55347 0
      vertex 3.88899 5.82029 89.98
      vertex 4.26133 5.55347 89.98
    endloop
  endfacet
  facet normal 0.582485 0.812842 0
    outer loop
      vertex 3.88899 5.82029 89.98
      vertex 4.26133 5.55347 0
      vertex 3.88899 5.82029 0
    endloop
  endfacet
  facet normal -0.973802 0.227399 0
    outer loop
      vertex -6.78838 1.69636 20.1112
      vertex -6.78753 1.7 27
      vertex -6.78753 1.7 20
    endloop
  endfacet
  facet normal -0.973802 0.227399 0
    outer loop
      vertex -6.78838 1.69636 20.1112
      vertex -6.78838 1.69636 26.8888
      vertex -6.78753 1.7 27
    endloop
  endfacet
  facet normal -0.973907 0.226947 0
    outer loop
      vertex -6.79092 1.68546 20.2219
      vertex -6.78838 1.69636 26.8888
      vertex -6.78838 1.69636 20.1112
    endloop
  endfacet
  facet normal -0.973907 0.226947 0
    outer loop
      vertex -6.79092 1.68546 20.2219
      vertex -6.79092 1.68546 26.7781
      vertex -6.78838 1.69636 26.8888
    endloop
  endfacet
  facet normal -0.973845 0.227213 0
    outer loop
      vertex -6.79515 1.66733 20.3317
      vertex -6.79092 1.68546 26.7781
      vertex -6.79092 1.68546 20.2219
    endloop
  endfacet
  facet normal -0.973845 0.227213 0
    outer loop
      vertex -6.79515 1.66733 20.3317
      vertex -6.79515 1.66733 26.6683
      vertex -6.79092 1.68546 26.7781
    endloop
  endfacet
  facet normal -0.973875 0.227083 0
    outer loop
      vertex -6.80104 1.64207 20.44
      vertex -6.79515 1.66733 26.6683
      vertex -6.79515 1.66733 20.3317
    endloop
  endfacet
  facet normal -0.973875 0.227083 0
    outer loop
      vertex -6.80104 1.64207 20.44
      vertex -6.80104 1.64207 26.56
      vertex -6.79515 1.66733 26.6683
    endloop
  endfacet
  facet normal -0.97387 0.227106 0
    outer loop
      vertex -6.80857 1.60978 20.5464
      vertex -6.80104 1.64207 26.56
      vertex -6.80104 1.64207 20.44
    endloop
  endfacet
  facet normal -0.97387 0.227106 0
    outer loop
      vertex -6.80857 1.60978 20.5464
      vertex -6.80857 1.60978 26.4536
      vertex -6.80104 1.64207 26.56
    endloop
  endfacet
  facet normal -0.973865 0.227127 0
    outer loop
      vertex -6.81771 1.57059 20.6506
      vertex -6.80857 1.60978 26.4536
      vertex -6.80857 1.60978 20.5464
    endloop
  endfacet
  facet normal -0.973865 0.227127 0
    outer loop
      vertex -6.81771 1.57059 20.6506
      vertex -6.81771 1.57059 26.3494
      vertex -6.80857 1.60978 26.4536
    endloop
  endfacet
  facet normal -0.973899 0.226981 0
    outer loop
      vertex -6.82841 1.52468 20.7519
      vertex -6.81771 1.57059 26.3494
      vertex -6.81771 1.57059 20.6506
    endloop
  endfacet
  facet normal -0.973899 0.226981 0
    outer loop
      vertex -6.82841 1.52468 20.7519
      vertex -6.82841 1.52468 26.2481
      vertex -6.81771 1.57059 26.3494
    endloop
  endfacet
  facet normal -0.973866 0.227124 0
    outer loop
      vertex -6.84064 1.47224 20.85
      vertex -6.82841 1.52468 26.2481
      vertex -6.82841 1.52468 20.7519
    endloop
  endfacet
  facet normal -0.973866 0.227124 0
    outer loop
      vertex -6.84064 1.47224 20.85
      vertex -6.84064 1.47224 26.15
      vertex -6.82841 1.52468 26.2481
    endloop
  endfacet
  facet normal -0.973863 0.227135 0
    outer loop
      vertex -6.85434 1.4135 20.9445
      vertex -6.84064 1.47224 26.15
      vertex -6.84064 1.47224 20.85
    endloop
  endfacet
  facet normal -0.973863 0.227135 0
    outer loop
      vertex -6.85434 1.4135 20.9445
      vertex -6.85434 1.4135 26.0555
      vertex -6.84064 1.47224 26.15
    endloop
  endfacet
  facet normal -0.973885 0.227043 0
    outer loop
      vertex -6.8655 1.36563 21.0113
      vertex -6.85434 1.4135 26.0555
      vertex -6.85434 1.4135 20.9445
    endloop
  endfacet
  facet normal -0.973885 0.227043 0
    outer loop
      vertex -6.85434 1.4135 26.0555
      vertex -6.8655 1.36563 21.0113
      vertex -6.8655 1.36563 25.9887
    endloop
  endfacet
  facet normal -0.973802 0.227399 0
    outer loop
      vertex -6.78838 1.69636 13.1112
      vertex -6.78753 1.7 20
      vertex -6.78753 1.7 13
    endloop
  endfacet
  facet normal -0.973802 0.227399 0
    outer loop
      vertex -6.78838 1.69636 13.1112
      vertex -6.78838 1.69636 19.8888
      vertex -6.78753 1.7 20
    endloop
  endfacet
  facet normal -0.973907 0.226947 0
    outer loop
      vertex -6.79092 1.68546 13.2219
      vertex -6.78838 1.69636 19.8888
      vertex -6.78838 1.69636 13.1112
    endloop
  endfacet
  facet normal -0.973907 0.226947 0
    outer loop
      vertex -6.79092 1.68546 13.2219
      vertex -6.79092 1.68546 19.7781
      vertex -6.78838 1.69636 19.8888
    endloop
  endfacet
  facet normal -0.973845 0.227213 0
    outer loop
      vertex -6.79515 1.66733 13.3317
      vertex -6.79092 1.68546 19.7781
      vertex -6.79092 1.68546 13.2219
    endloop
  endfacet
  facet normal -0.973845 0.227213 0
    outer loop
      vertex -6.79515 1.66733 13.3317
      vertex -6.79515 1.66733 19.6683
      vertex -6.79092 1.68546 19.7781
    endloop
  endfacet
  facet normal -0.973875 0.227083 0
    outer loop
      vertex -6.80104 1.64207 13.44
      vertex -6.79515 1.66733 19.6683
      vertex -6.79515 1.66733 13.3317
    endloop
  endfacet
  facet normal -0.973875 0.227083 0
    outer loop
      vertex -6.80104 1.64207 13.44
      vertex -6.80104 1.64207 19.56
      vertex -6.79515 1.66733 19.6683
    endloop
  endfacet
  facet normal -0.97387 0.227106 0
    outer loop
      vertex -6.80857 1.60978 13.5464
      vertex -6.80104 1.64207 19.56
      vertex -6.80104 1.64207 13.44
    endloop
  endfacet
  facet normal -0.97387 0.227106 0
    outer loop
      vertex -6.80857 1.60978 13.5464
      vertex -6.80857 1.60978 19.4536
      vertex -6.80104 1.64207 19.56
    endloop
  endfacet
  facet normal -0.973865 0.227127 0
    outer loop
      vertex -6.81771 1.57059 13.6506
      vertex -6.80857 1.60978 19.4536
      vertex -6.80857 1.60978 13.5464
    endloop
  endfacet
  facet normal -0.973865 0.227127 0
    outer loop
      vertex -6.81771 1.57059 13.6506
      vertex -6.81771 1.57059 19.3494
      vertex -6.80857 1.60978 19.4536
    endloop
  endfacet
  facet normal -0.973899 0.226981 0
    outer loop
      vertex -6.82841 1.52468 13.7519
      vertex -6.81771 1.57059 19.3494
      vertex -6.81771 1.57059 13.6506
    endloop
  endfacet
  facet normal -0.973899 0.226981 0
    outer loop
      vertex -6.82841 1.52468 13.7519
      vertex -6.82841 1.52468 19.2481
      vertex -6.81771 1.57059 19.3494
    endloop
  endfacet
  facet normal -0.973866 0.227124 0
    outer loop
      vertex -6.84064 1.47224 13.85
      vertex -6.82841 1.52468 19.2481
      vertex -6.82841 1.52468 13.7519
    endloop
  endfacet
  facet normal -0.973866 0.227124 0
    outer loop
      vertex -6.84064 1.47224 13.85
      vertex -6.84064 1.47224 19.15
      vertex -6.82841 1.52468 19.2481
    endloop
  endfacet
  facet normal -0.973863 0.227135 0
    outer loop
      vertex -6.85434 1.4135 13.9445
      vertex -6.84064 1.47224 19.15
      vertex -6.84064 1.47224 13.85
    endloop
  endfacet
  facet normal -0.973863 0.227135 0
    outer loop
      vertex -6.85434 1.4135 13.9445
      vertex -6.85434 1.4135 19.0555
      vertex -6.84064 1.47224 19.15
    endloop
  endfacet
  facet normal -0.973885 0.227043 0
    outer loop
      vertex -6.8655 1.36563 14.0113
      vertex -6.85434 1.4135 19.0555
      vertex -6.85434 1.4135 13.9445
    endloop
  endfacet
  facet normal -0.973885 0.227043 0
    outer loop
      vertex -6.85434 1.4135 19.0555
      vertex -6.8655 1.36563 14.0113
      vertex -6.8655 1.36563 18.9887
    endloop
  endfacet
  facet normal -0.973802 0.227399 0
    outer loop
      vertex -6.78838 1.69636 6.11119
      vertex -6.78753 1.7 13
      vertex -6.78753 1.7 6
    endloop
  endfacet
  facet normal -0.973802 0.227399 0
    outer loop
      vertex -6.78838 1.69636 6.11119
      vertex -6.78838 1.69636 12.8888
      vertex -6.78753 1.7 13
    endloop
  endfacet
  facet normal -0.973907 0.226947 0
    outer loop
      vertex -6.79092 1.68546 6.22189
      vertex -6.78838 1.69636 12.8888
      vertex -6.78838 1.69636 6.11119
    endloop
  endfacet
  facet normal -0.973907 0.226947 0
    outer loop
      vertex -6.79092 1.68546 6.22189
      vertex -6.79092 1.68546 12.7781
      vertex -6.78838 1.69636 12.8888
    endloop
  endfacet
  facet normal -0.973845 0.227213 0
    outer loop
      vertex -6.79515 1.66733 6.33165
      vertex -6.79092 1.68546 12.7781
      vertex -6.79092 1.68546 6.22189
    endloop
  endfacet
  facet normal -0.973845 0.227213 0
    outer loop
      vertex -6.79515 1.66733 6.33165
      vertex -6.79515 1.66733 12.6683
      vertex -6.79092 1.68546 12.7781
    endloop
  endfacet
  facet normal -0.973875 0.227083 0
    outer loop
      vertex -6.80104 1.64207 6.43999
      vertex -6.79515 1.66733 12.6683
      vertex -6.79515 1.66733 6.33165
    endloop
  endfacet
  facet normal -0.973875 0.227083 0
    outer loop
      vertex -6.80104 1.64207 6.43999
      vertex -6.80104 1.64207 12.56
      vertex -6.79515 1.66733 12.6683
    endloop
  endfacet
  facet normal -0.97387 0.227106 0
    outer loop
      vertex -6.80857 1.60978 6.54645
      vertex -6.80104 1.64207 12.56
      vertex -6.80104 1.64207 6.43999
    endloop
  endfacet
  facet normal -0.97387 0.227106 0
    outer loop
      vertex -6.80857 1.60978 6.54645
      vertex -6.80857 1.60978 12.4536
      vertex -6.80104 1.64207 12.56
    endloop
  endfacet
  facet normal -0.973865 0.227127 0
    outer loop
      vertex -6.81771 1.57059 6.65056
      vertex -6.80857 1.60978 12.4536
      vertex -6.80857 1.60978 6.54645
    endloop
  endfacet
  facet normal -0.973865 0.227127 0
    outer loop
      vertex -6.81771 1.57059 6.65056
      vertex -6.81771 1.57059 12.3494
      vertex -6.80857 1.60978 12.4536
    endloop
  endfacet
  facet normal -0.973899 0.226981 0
    outer loop
      vertex -6.82841 1.52468 6.75189
      vertex -6.81771 1.57059 12.3494
      vertex -6.81771 1.57059 6.65056
    endloop
  endfacet
  facet normal -0.973899 0.226981 0
    outer loop
      vertex -6.82841 1.52468 6.75189
      vertex -6.82841 1.52468 12.2481
      vertex -6.81771 1.57059 12.3494
    endloop
  endfacet
  facet normal -0.973866 0.227124 0
    outer loop
      vertex -6.84064 1.47224 6.85
      vertex -6.82841 1.52468 12.2481
      vertex -6.82841 1.52468 6.75189
    endloop
  endfacet
  facet normal -0.973866 0.227124 0
    outer loop
      vertex -6.84064 1.47224 6.85
      vertex -6.84064 1.47224 12.15
      vertex -6.82841 1.52468 12.2481
    endloop
  endfacet
  facet normal -0.973863 0.227135 0
    outer loop
      vertex -6.85434 1.4135 6.94447
      vertex -6.84064 1.47224 12.15
      vertex -6.84064 1.47224 6.85
    endloop
  endfacet
  facet normal -0.973863 0.227135 0
    outer loop
      vertex -6.85434 1.4135 6.94447
      vertex -6.85434 1.4135 12.0555
      vertex -6.84064 1.47224 12.15
    endloop
  endfacet
  facet normal -0.973885 0.227043 0
    outer loop
      vertex -6.8655 1.36563 7.01127
      vertex -6.85434 1.4135 12.0555
      vertex -6.85434 1.4135 6.94447
    endloop
  endfacet
  facet normal -0.973885 0.227043 0
    outer loop
      vertex -6.85434 1.4135 12.0555
      vertex -6.8655 1.36563 7.01127
      vertex -6.8655 1.36563 11.9887
    endloop
  endfacet
  facet normal -0.97388 0.227062 0
    outer loop
      vertex -6.78753 1.7 13
      vertex -6.76148 1.81173 0
      vertex -6.78753 1.7 6
    endloop
  endfacet
  facet normal -0.97383 0.227276 4.22067e-06
    outer loop
      vertex -6.76148 1.81173 0
      vertex -6.78838 1.69636 5.88881
      vertex -6.78753 1.7 6
    endloop
  endfacet
  facet normal -0.973902 0.226968 -2.1538e-06
    outer loop
      vertex -6.76148 1.81173 0
      vertex -6.79092 1.68546 5.7781
      vertex -6.78838 1.69636 5.88881
    endloop
  endfacet
  facet normal -0.973849 0.227195 3.07799e-06
    outer loop
      vertex -6.76148 1.81173 0
      vertex -6.79515 1.66733 5.66835
      vertex -6.79092 1.68546 5.7781
    endloop
  endfacet
  facet normal -0.973875 0.227083 7.23538e-08
    outer loop
      vertex -6.76148 1.81173 0
      vertex -6.80104 1.64207 5.56001
      vertex -6.79515 1.66733 5.66835
    endloop
  endfacet
  facet normal -0.973871 0.227103 7.2648e-07
    outer loop
      vertex -6.76148 1.81173 0
      vertex -6.80857 1.60978 5.45355
      vertex -6.80104 1.64207 5.56001
    endloop
  endfacet
  facet normal -0.973866 0.227124 1.51795e-06
    outer loop
      vertex -6.76148 1.81173 0
      vertex -6.81771 1.57059 5.34944
      vertex -6.80857 1.60978 5.45355
    endloop
  endfacet
  facet normal -0.973897 0.226991 -4.76548e-06
    outer loop
      vertex -6.76148 1.81173 0
      vertex -6.82841 1.52468 5.24811
      vertex -6.81771 1.57059 5.34944
    endloop
  endfacet
  facet normal -0.973867 0.227119 2.60759e-06
    outer loop
      vertex -6.76148 1.81173 0
      vertex -6.84064 1.47224 5.15
      vertex -6.82841 1.52468 5.24811
    endloop
  endfacet
  facet normal -0.973864 0.22713 3.36068e-06
    outer loop
      vertex -6.76148 1.81173 0
      vertex -6.85434 1.4135 5.05553
      vertex -6.84064 1.47224 5.15
    endloop
  endfacet
  facet normal -0.973875 0.227085 0
    outer loop
      vertex -6.8655 1.36563 4.98873
      vertex -6.76148 1.81173 0
      vertex -6.8655 1.36563 0
    endloop
  endfacet
  facet normal -0.973884 0.227048 -3.48569e-06
    outer loop
      vertex -6.76148 1.81173 0
      vertex -6.8655 1.36563 4.98873
      vertex -6.85434 1.4135 5.05553
    endloop
  endfacet
  facet normal -0.97388 0.227062 0
    outer loop
      vertex -6.76148 1.81173 0
      vertex -6.78753 1.7 13
      vertex -6.76148 1.81173 89.98
    endloop
  endfacet
  facet normal -0.97388 0.227062 0
    outer loop
      vertex -6.78753 1.7 20
      vertex -6.76148 1.81173 89.98
      vertex -6.78753 1.7 13
    endloop
  endfacet
  facet normal -0.97388 0.227062 0
    outer loop
      vertex -6.78753 1.7 27
      vertex -6.76148 1.81173 89.98
      vertex -6.78753 1.7 20
    endloop
  endfacet
  facet normal -0.973806 0.227381 -5.98375e-07
    outer loop
      vertex -6.78838 1.69636 27.1112
      vertex -6.76148 1.81173 89.98
      vertex -6.78753 1.7 27
    endloop
  endfacet
  facet normal -0.973907 0.226949 2.37463e-07
    outer loop
      vertex -6.79092 1.68546 27.2219
      vertex -6.76148 1.81173 89.98
      vertex -6.78838 1.69636 27.1112
    endloop
  endfacet
  facet normal -0.973846 0.227211 -3.17014e-07
    outer loop
      vertex -6.79515 1.66733 27.3317
      vertex -6.76148 1.81173 89.98
      vertex -6.79092 1.68546 27.2219
    endloop
  endfacet
  facet normal -0.973875 0.227083 -7.19071e-09
    outer loop
      vertex -6.80104 1.64207 27.44
      vertex -6.76148 1.81173 89.98
      vertex -6.79515 1.66733 27.3317
    endloop
  endfacet
  facet normal -0.97387 0.227105 -7.04543e-08
    outer loop
      vertex -6.80857 1.60978 27.5464
      vertex -6.76148 1.81173 89.98
      vertex -6.80104 1.64207 27.44
    endloop
  endfacet
  facet normal -0.973865 0.227127 -1.44394e-07
    outer loop
      vertex -6.81771 1.57059 27.6506
      vertex -6.76148 1.81173 89.98
      vertex -6.80857 1.60978 27.5464
    endloop
  endfacet
  facet normal -0.973899 0.226982 4.45886e-07
    outer loop
      vertex -6.82841 1.52468 27.7519
      vertex -6.76148 1.81173 89.98
      vertex -6.81771 1.57059 27.6506
    endloop
  endfacet
  facet normal -0.973866 0.227124 -2.40345e-07
    outer loop
      vertex -6.84064 1.47224 27.85
      vertex -6.76148 1.81173 89.98
      vertex -6.82841 1.52468 27.7519
    endloop
  endfacet
  facet normal -0.973863 0.227135 -3.05417e-07
    outer loop
      vertex -6.85434 1.4135 27.9445
      vertex -6.76148 1.81173 89.98
      vertex -6.84064 1.47224 27.85
    endloop
  endfacet
  facet normal -0.973885 0.227044 3.12489e-07
    outer loop
      vertex -6.8655 1.36563 28.0113
      vertex -6.76148 1.81173 89.98
      vertex -6.85434 1.4135 27.9445
    endloop
  endfacet
  facet normal -0.973875 0.227085 0
    outer loop
      vertex -6.76148 1.81173 89.98
      vertex -6.8655 1.36563 28.0113
      vertex -6.8655 1.36563 89.98
    endloop
  endfacet
  facet normal -0.812842 0.582485 0
    outer loop
      vertex -5.82029 3.88899 0
      vertex -5.55347 4.26133 89.98
      vertex -5.55347 4.26133 0
    endloop
  endfacet
  facet normal -0.812842 0.582485 0
    outer loop
      vertex -5.55347 4.26133 89.98
      vertex -5.82029 3.88899 0
      vertex -5.82029 3.88899 89.98
    endloop
  endfacet
  facet normal -0.729869 0.683587 0
    outer loop
      vertex -5.26288 4.61542 0
      vertex -4.94975 4.94975 89.98
      vertex -4.94975 4.94975 0
    endloop
  endfacet
  facet normal -0.729869 0.683587 0
    outer loop
      vertex -4.94975 4.94975 89.98
      vertex -5.26288 4.61542 0
      vertex -5.26288 4.61542 89.98
    endloop
  endfacet
  facet normal -0.849202 0.528069 0
    outer loop
      vertex -6.06218 3.5 0
      vertex -5.82029 3.88899 89.98
      vertex -5.82029 3.88899 0
    endloop
  endfacet
  facet normal -0.849202 0.528069 0
    outer loop
      vertex -5.82029 3.88899 89.98
      vertex -6.06218 3.5 0
      vertex -6.06218 3.5 89.98
    endloop
  endfacet
  facet normal -0.986692 0.162603 0
    outer loop
      vertex -6.8655 1.36563 0
      vertex -6.86829 1.3487 4.96511
      vertex -6.8655 1.36563 4.98873
    endloop
  endfacet
  facet normal -0.986646 0.162879 9.65211e-07
    outer loop
      vertex -6.8655 1.36563 0
      vertex -6.87994 1.27813 4.87911
      vertex -6.86829 1.3487 4.96511
    endloop
  endfacet
  facet normal -0.986635 0.162945 2.18637e-06
    outer loop
      vertex -6.8655 1.36563 0
      vertex -6.8925 1.20208 4.79792
      vertex -6.87994 1.27813 4.87911
    endloop
  endfacet
  facet normal -0.986652 0.162843 -1.37451e-06
    outer loop
      vertex -6.8655 1.36563 0
      vertex -6.9059 1.12089 4.72187
      vertex -6.8925 1.20208 4.79792
    endloop
  endfacet
  facet normal -0.986641 0.162909 2.11613e-06
    outer loop
      vertex -6.8655 1.36563 0
      vertex -6.9201 1.03489 4.6513
      vertex -6.9059 1.12089 4.72187
    endloop
  endfacet
  facet normal -0.986641 0.162908 2.02457e-06
    outer loop
      vertex -6.8655 1.36563 0
      vertex -6.93503 0.944468 4.5865
      vertex -6.9201 1.03489 4.6513
    endloop
  endfacet
  facet normal -0.986646 0.162881 0
    outer loop
      vertex -6.94011 0.913683 4.56736
      vertex -6.8655 1.36563 0
      vertex -6.94011 0.913683 0
    endloop
  endfacet
  facet normal -0.986656 0.162818 -6.46564e-06
    outer loop
      vertex -6.8655 1.36563 0
      vertex -6.94011 0.913683 4.56736
      vertex -6.93503 0.944468 4.5865
    endloop
  endfacet
  facet normal -0.986692 0.162603 0
    outer loop
      vertex -6.86829 1.3487 28.0349
      vertex -6.8655 1.36563 89.98
      vertex -6.8655 1.36563 28.0113
    endloop
  endfacet
  facet normal -0.986646 0.16288 -7.76606e-08
    outer loop
      vertex -6.87994 1.27813 28.1209
      vertex -6.8655 1.36563 89.98
      vertex -6.86829 1.3487 28.0349
    endloop
  endfacet
  facet normal -0.986635 0.162947 -1.75486e-07
    outer loop
      vertex -6.8925 1.20208 28.2021
      vertex -6.8655 1.36563 89.98
      vertex -6.87994 1.27813 28.1209
    endloop
  endfacet
  facet normal -0.986652 0.162842 1.09886e-07
    outer loop
      vertex -6.9059 1.12089 28.2781
      vertex -6.8655 1.36563 89.98
      vertex -6.8925 1.20208 28.2021
    endloop
  endfacet
  facet normal -0.986641 0.16291 -1.68281e-07
    outer loop
      vertex -6.9201 1.03489 28.3487
      vertex -6.8655 1.36563 89.98
      vertex -6.9059 1.12089 28.2781
    endloop
  endfacet
  facet normal -0.986641 0.162909 -1.59965e-07
    outer loop
      vertex -6.93503 0.944468 28.4135
      vertex -6.8655 1.36563 89.98
      vertex -6.9201 1.03489 28.3487
    endloop
  endfacet
  facet normal -0.986657 0.162814 5.07016e-07
    outer loop
      vertex -6.94011 0.913683 28.4326
      vertex -6.8655 1.36563 89.98
      vertex -6.93503 0.944468 28.4135
    endloop
  endfacet
  facet normal -0.986646 0.162881 0
    outer loop
      vertex -6.8655 1.36563 89.98
      vertex -6.94011 0.913683 28.4326
      vertex -6.94011 0.913683 89.98
    endloop
  endfacet
  facet normal -0.986692 0.162603 0
    outer loop
      vertex -6.86829 1.3487 7.03489
      vertex -6.8655 1.36563 11.9887
      vertex -6.8655 1.36563 7.01127
    endloop
  endfacet
  facet normal -0.986692 0.162603 0
    outer loop
      vertex -6.86829 1.3487 7.03489
      vertex -6.86829 1.3487 11.9651
      vertex -6.8655 1.36563 11.9887
    endloop
  endfacet
  facet normal -0.986646 0.16288 0
    outer loop
      vertex -6.87994 1.27813 7.12089
      vertex -6.86829 1.3487 11.9651
      vertex -6.86829 1.3487 7.03489
    endloop
  endfacet
  facet normal -0.986646 0.16288 0
    outer loop
      vertex -6.87994 1.27813 7.12089
      vertex -6.87994 1.27813 11.8791
      vertex -6.86829 1.3487 11.9651
    endloop
  endfacet
  facet normal -0.986635 0.162947 0
    outer loop
      vertex -6.8925 1.20208 7.20208
      vertex -6.87994 1.27813 11.8791
      vertex -6.87994 1.27813 7.12089
    endloop
  endfacet
  facet normal -0.986635 0.162947 0
    outer loop
      vertex -6.8925 1.20208 7.20208
      vertex -6.8925 1.20208 11.7979
      vertex -6.87994 1.27813 11.8791
    endloop
  endfacet
  facet normal -0.986652 0.162842 0
    outer loop
      vertex -6.9059 1.12089 7.27813
      vertex -6.8925 1.20208 11.7979
      vertex -6.8925 1.20208 7.20208
    endloop
  endfacet
  facet normal -0.986652 0.162842 0
    outer loop
      vertex -6.9059 1.12089 7.27813
      vertex -6.9059 1.12089 11.7219
      vertex -6.8925 1.20208 11.7979
    endloop
  endfacet
  facet normal -0.986641 0.16291 0
    outer loop
      vertex -6.9201 1.03489 7.3487
      vertex -6.9059 1.12089 11.7219
      vertex -6.9059 1.12089 7.27813
    endloop
  endfacet
  facet normal -0.986641 0.16291 0
    outer loop
      vertex -6.9201 1.03489 7.3487
      vertex -6.9201 1.03489 11.6513
      vertex -6.9059 1.12089 11.7219
    endloop
  endfacet
  facet normal -0.986641 0.162909 0
    outer loop
      vertex -6.93503 0.944468 7.4135
      vertex -6.9201 1.03489 11.6513
      vertex -6.9201 1.03489 7.3487
    endloop
  endfacet
  facet normal -0.986641 0.162909 0
    outer loop
      vertex -6.93503 0.944468 7.4135
      vertex -6.93503 0.944468 11.5865
      vertex -6.9201 1.03489 11.6513
    endloop
  endfacet
  facet normal -0.986657 0.162814 0
    outer loop
      vertex -6.94011 0.913683 7.43264
      vertex -6.93503 0.944468 11.5865
      vertex -6.93503 0.944468 7.4135
    endloop
  endfacet
  facet normal -0.986657 0.162814 0
    outer loop
      vertex -6.93503 0.944468 11.5865
      vertex -6.94011 0.913683 7.43264
      vertex -6.94011 0.913683 11.5674
    endloop
  endfacet
  facet normal -0.986692 0.162603 0
    outer loop
      vertex -6.86829 1.3487 14.0349
      vertex -6.8655 1.36563 18.9887
      vertex -6.8655 1.36563 14.0113
    endloop
  endfacet
  facet normal -0.986692 0.162603 0
    outer loop
      vertex -6.86829 1.3487 14.0349
      vertex -6.86829 1.3487 18.9651
      vertex -6.8655 1.36563 18.9887
    endloop
  endfacet
  facet normal -0.986646 0.16288 0
    outer loop
      vertex -6.87994 1.27813 14.1209
      vertex -6.86829 1.3487 18.9651
      vertex -6.86829 1.3487 14.0349
    endloop
  endfacet
  facet normal -0.986646 0.16288 0
    outer loop
      vertex -6.87994 1.27813 14.1209
      vertex -6.87994 1.27813 18.8791
      vertex -6.86829 1.3487 18.9651
    endloop
  endfacet
  facet normal -0.986635 0.162947 0
    outer loop
      vertex -6.8925 1.20208 14.2021
      vertex -6.87994 1.27813 18.8791
      vertex -6.87994 1.27813 14.1209
    endloop
  endfacet
  facet normal -0.986635 0.162947 0
    outer loop
      vertex -6.8925 1.20208 14.2021
      vertex -6.8925 1.20208 18.7979
      vertex -6.87994 1.27813 18.8791
    endloop
  endfacet
  facet normal -0.986652 0.162842 0
    outer loop
      vertex -6.9059 1.12089 14.2781
      vertex -6.8925 1.20208 18.7979
      vertex -6.8925 1.20208 14.2021
    endloop
  endfacet
  facet normal -0.986652 0.162842 0
    outer loop
      vertex -6.9059 1.12089 14.2781
      vertex -6.9059 1.12089 18.7219
      vertex -6.8925 1.20208 18.7979
    endloop
  endfacet
  facet normal -0.986641 0.16291 0
    outer loop
      vertex -6.9201 1.03489 14.3487
      vertex -6.9059 1.12089 18.7219
      vertex -6.9059 1.12089 14.2781
    endloop
  endfacet
  facet normal -0.986641 0.16291 0
    outer loop
      vertex -6.9201 1.03489 14.3487
      vertex -6.9201 1.03489 18.6513
      vertex -6.9059 1.12089 18.7219
    endloop
  endfacet
  facet normal -0.986641 0.162909 0
    outer loop
      vertex -6.93503 0.944468 14.4135
      vertex -6.9201 1.03489 18.6513
      vertex -6.9201 1.03489 14.3487
    endloop
  endfacet
  facet normal -0.986641 0.162909 0
    outer loop
      vertex -6.93503 0.944468 14.4135
      vertex -6.93503 0.944468 18.5865
      vertex -6.9201 1.03489 18.6513
    endloop
  endfacet
  facet normal -0.986657 0.162814 0
    outer loop
      vertex -6.94011 0.913683 14.4326
      vertex -6.93503 0.944468 18.5865
      vertex -6.93503 0.944468 14.4135
    endloop
  endfacet
  facet normal -0.986657 0.162814 0
    outer loop
      vertex -6.93503 0.944468 18.5865
      vertex -6.94011 0.913683 14.4326
      vertex -6.94011 0.913683 18.5674
    endloop
  endfacet
  facet normal -0.986692 0.162603 0
    outer loop
      vertex -6.86829 1.3487 21.0349
      vertex -6.8655 1.36563 25.9887
      vertex -6.8655 1.36563 21.0113
    endloop
  endfacet
  facet normal -0.986692 0.162603 0
    outer loop
      vertex -6.86829 1.3487 21.0349
      vertex -6.86829 1.3487 25.9651
      vertex -6.8655 1.36563 25.9887
    endloop
  endfacet
  facet normal -0.986646 0.16288 0
    outer loop
      vertex -6.87994 1.27813 21.1209
      vertex -6.86829 1.3487 25.9651
      vertex -6.86829 1.3487 21.0349
    endloop
  endfacet
  facet normal -0.986646 0.16288 0
    outer loop
      vertex -6.87994 1.27813 21.1209
      vertex -6.87994 1.27813 25.8791
      vertex -6.86829 1.3487 25.9651
    endloop
  endfacet
  facet normal -0.986635 0.162947 0
    outer loop
      vertex -6.8925 1.20208 21.2021
      vertex -6.87994 1.27813 25.8791
      vertex -6.87994 1.27813 21.1209
    endloop
  endfacet
  facet normal -0.986635 0.162947 0
    outer loop
      vertex -6.8925 1.20208 21.2021
      vertex -6.8925 1.20208 25.7979
      vertex -6.87994 1.27813 25.8791
    endloop
  endfacet
  facet normal -0.986652 0.162842 0
    outer loop
      vertex -6.9059 1.12089 21.2781
      vertex -6.8925 1.20208 25.7979
      vertex -6.8925 1.20208 21.2021
    endloop
  endfacet
  facet normal -0.986652 0.162842 0
    outer loop
      vertex -6.9059 1.12089 21.2781
      vertex -6.9059 1.12089 25.7219
      vertex -6.8925 1.20208 25.7979
    endloop
  endfacet
  facet normal -0.986641 0.16291 0
    outer loop
      vertex -6.9201 1.03489 21.3487
      vertex -6.9059 1.12089 25.7219
      vertex -6.9059 1.12089 21.2781
    endloop
  endfacet
  facet normal -0.986641 0.16291 0
    outer loop
      vertex -6.9201 1.03489 21.3487
      vertex -6.9201 1.03489 25.6513
      vertex -6.9059 1.12089 25.7219
    endloop
  endfacet
  facet normal -0.986641 0.162909 0
    outer loop
      vertex -6.93503 0.944468 21.4135
      vertex -6.9201 1.03489 25.6513
      vertex -6.9201 1.03489 21.3487
    endloop
  endfacet
  facet normal -0.986641 0.162909 0
    outer loop
      vertex -6.93503 0.944468 21.4135
      vertex -6.93503 0.944468 25.5865
      vertex -6.9201 1.03489 25.6513
    endloop
  endfacet
  facet normal -0.986657 0.162814 0
    outer loop
      vertex -6.94011 0.913683 21.4326
      vertex -6.93503 0.944468 25.5865
      vertex -6.93503 0.944468 21.4135
    endloop
  endfacet
  facet normal -0.986657 0.162814 0
    outer loop
      vertex -6.93503 0.944468 25.5865
      vertex -6.94011 0.913683 21.4326
      vertex -6.94011 0.913683 25.5674
    endloop
  endfacet
  facet normal -0.528069 0.849202 0
    outer loop
      vertex -3.5 6.06218 0
      vertex -3.88899 5.82029 89.98
      vertex -3.5 6.06218 89.98
    endloop
  endfacet
  facet normal -0.528069 0.849202 0
    outer loop
      vertex -3.88899 5.82029 89.98
      vertex -3.5 6.06218 0
      vertex -3.88899 5.82029 0
    endloop
  endfacet
  facet normal -0.227085 0.973875 0
    outer loop
      vertex -1.36563 6.8655 0
      vertex -1.81173 6.76148 89.98
      vertex -1.36563 6.8655 89.98
    endloop
  endfacet
  facet normal -0.227085 0.973875 0
    outer loop
      vertex -1.81173 6.76148 89.98
      vertex -1.36563 6.8655 0
      vertex -1.81173 6.76148 0
    endloop
  endfacet
  facet normal -0.0980206 0.995184 0
    outer loop
      vertex -0.457822 6.98501 0
      vertex -0.913683 6.94011 89.98
      vertex -0.457822 6.98501 89.98
    endloop
  endfacet
  facet normal -0.0980206 0.995184 0
    outer loop
      vertex -0.913683 6.94011 89.98
      vertex -0.457822 6.98501 0
      vertex -0.913683 6.94011 0
    endloop
  endfacet
  facet normal 0.227085 -0.973875 0
    outer loop
      vertex 1.36563 -6.8655 0
      vertex 1.81173 -6.76148 89.98
      vertex 1.36563 -6.8655 89.98
    endloop
  endfacet
  facet normal 0.227085 -0.973875 0
    outer loop
      vertex 1.81173 -6.76148 89.98
      vertex 1.36563 -6.8655 0
      vertex 1.81173 -6.76148 0
    endloop
  endfacet
  facet normal -0.582485 -0.812842 0
    outer loop
      vertex -4.26133 -5.55347 0
      vertex -3.88899 -5.82029 89.98
      vertex -4.26133 -5.55347 89.98
    endloop
  endfacet
  facet normal -0.582485 -0.812842 -0
    outer loop
      vertex -3.88899 -5.82029 89.98
      vertex -4.26133 -5.55347 0
      vertex -3.88899 -5.82029 0
    endloop
  endfacet
  facet normal -0.683587 -0.729869 0
    outer loop
      vertex -4.94975 -4.94975 0
      vertex -4.61542 -5.26288 89.98
      vertex -4.94975 -4.94975 89.98
    endloop
  endfacet
  facet normal -0.683587 -0.729869 -0
    outer loop
      vertex -4.61542 -5.26288 89.98
      vertex -4.94975 -4.94975 0
      vertex -4.61542 -5.26288 0
    endloop
  endfacet
  facet normal -0.528069 -0.849202 0
    outer loop
      vertex -3.88899 -5.82029 0
      vertex -3.5 -6.06218 89.98
      vertex -3.88899 -5.82029 89.98
    endloop
  endfacet
  facet normal -0.528069 -0.849202 -0
    outer loop
      vertex -3.5 -6.06218 89.98
      vertex -3.88899 -5.82029 0
      vertex -3.5 -6.06218 0
    endloop
  endfacet
  facet normal -0.162881 -0.986646 0
    outer loop
      vertex -1.36563 -6.8655 0
      vertex -0.913683 -6.94011 89.98
      vertex -1.36563 -6.8655 89.98
    endloop
  endfacet
  facet normal -0.162881 -0.986646 -0
    outer loop
      vertex -0.913683 -6.94011 89.98
      vertex -1.36563 -6.8655 0
      vertex -0.913683 -6.94011 0
    endloop
  endfacet
  facet normal -0.973875 -0.227085 0
    outer loop
      vertex -6.76148 -1.81173 0
      vertex -6.8655 -1.36563 4.98873
      vertex -6.8655 -1.36563 0
    endloop
  endfacet
  facet normal -0.973884 -0.227048 -3.48569e-06
    outer loop
      vertex -6.8655 -1.36563 4.98873
      vertex -6.76148 -1.81173 0
      vertex -6.85434 -1.4135 5.05553
    endloop
  endfacet
  facet normal -0.973864 -0.22713 3.36068e-06
    outer loop
      vertex -6.85434 -1.4135 5.05553
      vertex -6.76148 -1.81173 0
      vertex -6.84064 -1.47224 5.15
    endloop
  endfacet
  facet normal -0.973867 -0.227119 2.60759e-06
    outer loop
      vertex -6.84064 -1.47224 5.15
      vertex -6.76148 -1.81173 0
      vertex -6.82841 -1.52468 5.24811
    endloop
  endfacet
  facet normal -0.973897 -0.226991 -4.76548e-06
    outer loop
      vertex -6.82841 -1.52468 5.24811
      vertex -6.76148 -1.81173 0
      vertex -6.81771 -1.57059 5.34944
    endloop
  endfacet
  facet normal -0.973866 -0.227124 1.51795e-06
    outer loop
      vertex -6.81771 -1.57059 5.34944
      vertex -6.76148 -1.81173 0
      vertex -6.80857 -1.60978 5.45355
    endloop
  endfacet
  facet normal -0.973871 -0.227103 7.2648e-07
    outer loop
      vertex -6.80857 -1.60978 5.45355
      vertex -6.76148 -1.81173 0
      vertex -6.80104 -1.64207 5.56001
    endloop
  endfacet
  facet normal -0.973875 -0.227083 7.23538e-08
    outer loop
      vertex -6.80104 -1.64207 5.56001
      vertex -6.76148 -1.81173 0
      vertex -6.79515 -1.66733 5.66835
    endloop
  endfacet
  facet normal -0.973849 -0.227195 3.07799e-06
    outer loop
      vertex -6.79515 -1.66733 5.66835
      vertex -6.76148 -1.81173 0
      vertex -6.79092 -1.68546 5.7781
    endloop
  endfacet
  facet normal -0.97388 -0.227062 0
    outer loop
      vertex -6.76148 -1.81173 0
      vertex -6.78753 -1.7 13
      vertex -6.78753 -1.7 6
    endloop
  endfacet
  facet normal -0.97388 -0.227062 0
    outer loop
      vertex -6.78753 -1.7 13
      vertex -6.76148 -1.81173 0
      vertex -6.78753 -1.7 20
    endloop
  endfacet
  facet normal -0.97388 -0.227062 0
    outer loop
      vertex -6.78753 -1.7 20
      vertex -6.76148 -1.81173 0
      vertex -6.78753 -1.7 27
    endloop
  endfacet
  facet normal -0.97383 -0.227276 4.22067e-06
    outer loop
      vertex -6.78838 -1.69636 5.88881
      vertex -6.76148 -1.81173 0
      vertex -6.78753 -1.7 6
    endloop
  endfacet
  facet normal -0.973902 -0.226968 -2.1538e-06
    outer loop
      vertex -6.79092 -1.68546 5.7781
      vertex -6.76148 -1.81173 0
      vertex -6.78838 -1.69636 5.88881
    endloop
  endfacet
  facet normal -0.973885 -0.227043 0
    outer loop
      vertex -6.85434 -1.4135 6.94447
      vertex -6.8655 -1.36563 11.9887
      vertex -6.8655 -1.36563 7.01127
    endloop
  endfacet
  facet normal -0.973885 -0.227043 0
    outer loop
      vertex -6.85434 -1.4135 6.94447
      vertex -6.85434 -1.4135 12.0555
      vertex -6.8655 -1.36563 11.9887
    endloop
  endfacet
  facet normal -0.973863 -0.227135 0
    outer loop
      vertex -6.84064 -1.47224 6.85
      vertex -6.85434 -1.4135 12.0555
      vertex -6.85434 -1.4135 6.94447
    endloop
  endfacet
  facet normal -0.973863 -0.227135 0
    outer loop
      vertex -6.84064 -1.47224 6.85
      vertex -6.84064 -1.47224 12.15
      vertex -6.85434 -1.4135 12.0555
    endloop
  endfacet
  facet normal -0.973866 -0.227124 0
    outer loop
      vertex -6.82841 -1.52468 6.75189
      vertex -6.84064 -1.47224 12.15
      vertex -6.84064 -1.47224 6.85
    endloop
  endfacet
  facet normal -0.973866 -0.227124 0
    outer loop
      vertex -6.82841 -1.52468 6.75189
      vertex -6.82841 -1.52468 12.2481
      vertex -6.84064 -1.47224 12.15
    endloop
  endfacet
  facet normal -0.973899 -0.226981 0
    outer loop
      vertex -6.81771 -1.57059 6.65056
      vertex -6.82841 -1.52468 12.2481
      vertex -6.82841 -1.52468 6.75189
    endloop
  endfacet
  facet normal -0.973899 -0.226981 0
    outer loop
      vertex -6.81771 -1.57059 6.65056
      vertex -6.81771 -1.57059 12.3494
      vertex -6.82841 -1.52468 12.2481
    endloop
  endfacet
  facet normal -0.973865 -0.227127 0
    outer loop
      vertex -6.80857 -1.60978 6.54645
      vertex -6.81771 -1.57059 12.3494
      vertex -6.81771 -1.57059 6.65056
    endloop
  endfacet
  facet normal -0.973865 -0.227127 0
    outer loop
      vertex -6.80857 -1.60978 6.54645
      vertex -6.80857 -1.60978 12.4536
      vertex -6.81771 -1.57059 12.3494
    endloop
  endfacet
  facet normal -0.97387 -0.227106 0
    outer loop
      vertex -6.80104 -1.64207 6.43999
      vertex -6.80857 -1.60978 12.4536
      vertex -6.80857 -1.60978 6.54645
    endloop
  endfacet
  facet normal -0.97387 -0.227106 0
    outer loop
      vertex -6.80104 -1.64207 6.43999
      vertex -6.80104 -1.64207 12.56
      vertex -6.80857 -1.60978 12.4536
    endloop
  endfacet
  facet normal -0.973875 -0.227083 0
    outer loop
      vertex -6.79515 -1.66733 6.33165
      vertex -6.80104 -1.64207 12.56
      vertex -6.80104 -1.64207 6.43999
    endloop
  endfacet
  facet normal -0.973875 -0.227083 0
    outer loop
      vertex -6.79515 -1.66733 6.33165
      vertex -6.79515 -1.66733 12.6683
      vertex -6.80104 -1.64207 12.56
    endloop
  endfacet
  facet normal -0.973845 -0.227213 0
    outer loop
      vertex -6.79092 -1.68546 6.22189
      vertex -6.79515 -1.66733 12.6683
      vertex -6.79515 -1.66733 6.33165
    endloop
  endfacet
  facet normal -0.973845 -0.227213 0
    outer loop
      vertex -6.79092 -1.68546 6.22189
      vertex -6.79092 -1.68546 12.7781
      vertex -6.79515 -1.66733 12.6683
    endloop
  endfacet
  facet normal -0.973907 -0.226947 0
    outer loop
      vertex -6.78838 -1.69636 6.11119
      vertex -6.79092 -1.68546 12.7781
      vertex -6.79092 -1.68546 6.22189
    endloop
  endfacet
  facet normal -0.973907 -0.226947 0
    outer loop
      vertex -6.78838 -1.69636 6.11119
      vertex -6.78838 -1.69636 12.8888
      vertex -6.79092 -1.68546 12.7781
    endloop
  endfacet
  facet normal -0.973802 -0.227399 0
    outer loop
      vertex -6.78753 -1.7 6
      vertex -6.78838 -1.69636 12.8888
      vertex -6.78838 -1.69636 6.11119
    endloop
  endfacet
  facet normal -0.973802 -0.227399 0
    outer loop
      vertex -6.78838 -1.69636 12.8888
      vertex -6.78753 -1.7 6
      vertex -6.78753 -1.7 13
    endloop
  endfacet
  facet normal -0.973885 -0.227043 0
    outer loop
      vertex -6.85434 -1.4135 13.9445
      vertex -6.8655 -1.36563 18.9887
      vertex -6.8655 -1.36563 14.0113
    endloop
  endfacet
  facet normal -0.973885 -0.227043 0
    outer loop
      vertex -6.85434 -1.4135 13.9445
      vertex -6.85434 -1.4135 19.0555
      vertex -6.8655 -1.36563 18.9887
    endloop
  endfacet
  facet normal -0.973863 -0.227135 0
    outer loop
      vertex -6.84064 -1.47224 13.85
      vertex -6.85434 -1.4135 19.0555
      vertex -6.85434 -1.4135 13.9445
    endloop
  endfacet
  facet normal -0.973863 -0.227135 0
    outer loop
      vertex -6.84064 -1.47224 13.85
      vertex -6.84064 -1.47224 19.15
      vertex -6.85434 -1.4135 19.0555
    endloop
  endfacet
  facet normal -0.973866 -0.227124 0
    outer loop
      vertex -6.82841 -1.52468 13.7519
      vertex -6.84064 -1.47224 19.15
      vertex -6.84064 -1.47224 13.85
    endloop
  endfacet
  facet normal -0.973866 -0.227124 0
    outer loop
      vertex -6.82841 -1.52468 13.7519
      vertex -6.82841 -1.52468 19.2481
      vertex -6.84064 -1.47224 19.15
    endloop
  endfacet
  facet normal -0.973899 -0.226981 0
    outer loop
      vertex -6.81771 -1.57059 13.6506
      vertex -6.82841 -1.52468 19.2481
      vertex -6.82841 -1.52468 13.7519
    endloop
  endfacet
  facet normal -0.973899 -0.226981 0
    outer loop
      vertex -6.81771 -1.57059 13.6506
      vertex -6.81771 -1.57059 19.3494
      vertex -6.82841 -1.52468 19.2481
    endloop
  endfacet
  facet normal -0.973865 -0.227127 0
    outer loop
      vertex -6.80857 -1.60978 13.5464
      vertex -6.81771 -1.57059 19.3494
      vertex -6.81771 -1.57059 13.6506
    endloop
  endfacet
  facet normal -0.973865 -0.227127 0
    outer loop
      vertex -6.80857 -1.60978 13.5464
      vertex -6.80857 -1.60978 19.4536
      vertex -6.81771 -1.57059 19.3494
    endloop
  endfacet
  facet normal -0.97387 -0.227106 0
    outer loop
      vertex -6.80104 -1.64207 13.44
      vertex -6.80857 -1.60978 19.4536
      vertex -6.80857 -1.60978 13.5464
    endloop
  endfacet
  facet normal -0.97387 -0.227106 0
    outer loop
      vertex -6.80104 -1.64207 13.44
      vertex -6.80104 -1.64207 19.56
      vertex -6.80857 -1.60978 19.4536
    endloop
  endfacet
  facet normal -0.973875 -0.227083 0
    outer loop
      vertex -6.79515 -1.66733 13.3317
      vertex -6.80104 -1.64207 19.56
      vertex -6.80104 -1.64207 13.44
    endloop
  endfacet
  facet normal -0.973875 -0.227083 0
    outer loop
      vertex -6.79515 -1.66733 13.3317
      vertex -6.79515 -1.66733 19.6683
      vertex -6.80104 -1.64207 19.56
    endloop
  endfacet
  facet normal -0.973845 -0.227213 0
    outer loop
      vertex -6.79092 -1.68546 13.2219
      vertex -6.79515 -1.66733 19.6683
      vertex -6.79515 -1.66733 13.3317
    endloop
  endfacet
  facet normal -0.973845 -0.227213 0
    outer loop
      vertex -6.79092 -1.68546 13.2219
      vertex -6.79092 -1.68546 19.7781
      vertex -6.79515 -1.66733 19.6683
    endloop
  endfacet
  facet normal -0.973907 -0.226947 0
    outer loop
      vertex -6.78838 -1.69636 13.1112
      vertex -6.79092 -1.68546 19.7781
      vertex -6.79092 -1.68546 13.2219
    endloop
  endfacet
  facet normal -0.973907 -0.226947 0
    outer loop
      vertex -6.78838 -1.69636 13.1112
      vertex -6.78838 -1.69636 19.8888
      vertex -6.79092 -1.68546 19.7781
    endloop
  endfacet
  facet normal -0.973802 -0.227399 0
    outer loop
      vertex -6.78753 -1.7 13
      vertex -6.78838 -1.69636 19.8888
      vertex -6.78838 -1.69636 13.1112
    endloop
  endfacet
  facet normal -0.973802 -0.227399 0
    outer loop
      vertex -6.78838 -1.69636 19.8888
      vertex -6.78753 -1.7 13
      vertex -6.78753 -1.7 20
    endloop
  endfacet
  facet normal -0.973885 -0.227043 0
    outer loop
      vertex -6.85434 -1.4135 20.9445
      vertex -6.8655 -1.36563 25.9887
      vertex -6.8655 -1.36563 21.0113
    endloop
  endfacet
  facet normal -0.973885 -0.227043 0
    outer loop
      vertex -6.85434 -1.4135 20.9445
      vertex -6.85434 -1.4135 26.0555
      vertex -6.8655 -1.36563 25.9887
    endloop
  endfacet
  facet normal -0.973863 -0.227135 0
    outer loop
      vertex -6.84064 -1.47224 20.85
      vertex -6.85434 -1.4135 26.0555
      vertex -6.85434 -1.4135 20.9445
    endloop
  endfacet
  facet normal -0.973863 -0.227135 0
    outer loop
      vertex -6.84064 -1.47224 20.85
      vertex -6.84064 -1.47224 26.15
      vertex -6.85434 -1.4135 26.0555
    endloop
  endfacet
  facet normal -0.973866 -0.227124 0
    outer loop
      vertex -6.82841 -1.52468 20.7519
      vertex -6.84064 -1.47224 26.15
      vertex -6.84064 -1.47224 20.85
    endloop
  endfacet
  facet normal -0.973866 -0.227124 0
    outer loop
      vertex -6.82841 -1.52468 20.7519
      vertex -6.82841 -1.52468 26.2481
      vertex -6.84064 -1.47224 26.15
    endloop
  endfacet
  facet normal -0.973899 -0.226981 0
    outer loop
      vertex -6.81771 -1.57059 20.6506
      vertex -6.82841 -1.52468 26.2481
      vertex -6.82841 -1.52468 20.7519
    endloop
  endfacet
  facet normal -0.973899 -0.226981 0
    outer loop
      vertex -6.81771 -1.57059 20.6506
      vertex -6.81771 -1.57059 26.3494
      vertex -6.82841 -1.52468 26.2481
    endloop
  endfacet
  facet normal -0.973865 -0.227127 0
    outer loop
      vertex -6.80857 -1.60978 20.5464
      vertex -6.81771 -1.57059 26.3494
      vertex -6.81771 -1.57059 20.6506
    endloop
  endfacet
  facet normal -0.973865 -0.227127 0
    outer loop
      vertex -6.80857 -1.60978 20.5464
      vertex -6.80857 -1.60978 26.4536
      vertex -6.81771 -1.57059 26.3494
    endloop
  endfacet
  facet normal -0.97387 -0.227106 0
    outer loop
      vertex -6.80104 -1.64207 20.44
      vertex -6.80857 -1.60978 26.4536
      vertex -6.80857 -1.60978 20.5464
    endloop
  endfacet
  facet normal -0.97387 -0.227106 0
    outer loop
      vertex -6.80104 -1.64207 20.44
      vertex -6.80104 -1.64207 26.56
      vertex -6.80857 -1.60978 26.4536
    endloop
  endfacet
  facet normal -0.973875 -0.227083 0
    outer loop
      vertex -6.79515 -1.66733 20.3317
      vertex -6.80104 -1.64207 26.56
      vertex -6.80104 -1.64207 20.44
    endloop
  endfacet
  facet normal -0.973875 -0.227083 0
    outer loop
      vertex -6.79515 -1.66733 20.3317
      vertex -6.79515 -1.66733 26.6683
      vertex -6.80104 -1.64207 26.56
    endloop
  endfacet
  facet normal -0.973845 -0.227213 0
    outer loop
      vertex -6.79092 -1.68546 20.2219
      vertex -6.79515 -1.66733 26.6683
      vertex -6.79515 -1.66733 20.3317
    endloop
  endfacet
  facet normal -0.973845 -0.227213 0
    outer loop
      vertex -6.79092 -1.68546 20.2219
      vertex -6.79092 -1.68546 26.7781
      vertex -6.79515 -1.66733 26.6683
    endloop
  endfacet
  facet normal -0.973907 -0.226947 0
    outer loop
      vertex -6.78838 -1.69636 20.1112
      vertex -6.79092 -1.68546 26.7781
      vertex -6.79092 -1.68546 20.2219
    endloop
  endfacet
  facet normal -0.973907 -0.226947 0
    outer loop
      vertex -6.78838 -1.69636 20.1112
      vertex -6.78838 -1.69636 26.8888
      vertex -6.79092 -1.68546 26.7781
    endloop
  endfacet
  facet normal -0.973802 -0.227399 0
    outer loop
      vertex -6.78753 -1.7 20
      vertex -6.78838 -1.69636 26.8888
      vertex -6.78838 -1.69636 20.1112
    endloop
  endfacet
  facet normal -0.973802 -0.227399 0
    outer loop
      vertex -6.78838 -1.69636 26.8888
      vertex -6.78753 -1.7 20
      vertex -6.78753 -1.7 27
    endloop
  endfacet
  facet normal -0.973885 -0.227044 3.12489e-07
    outer loop
      vertex -6.76148 -1.81173 89.98
      vertex -6.8655 -1.36563 28.0113
      vertex -6.85434 -1.4135 27.9445
    endloop
  endfacet
  facet normal -0.973863 -0.227135 -3.05417e-07
    outer loop
      vertex -6.76148 -1.81173 89.98
      vertex -6.85434 -1.4135 27.9445
      vertex -6.84064 -1.47224 27.85
    endloop
  endfacet
  facet normal -0.973866 -0.227124 -2.40345e-07
    outer loop
      vertex -6.76148 -1.81173 89.98
      vertex -6.84064 -1.47224 27.85
      vertex -6.82841 -1.52468 27.7519
    endloop
  endfacet
  facet normal -0.973899 -0.226982 4.45886e-07
    outer loop
      vertex -6.76148 -1.81173 89.98
      vertex -6.82841 -1.52468 27.7519
      vertex -6.81771 -1.57059 27.6506
    endloop
  endfacet
  facet normal -0.973865 -0.227127 -1.44394e-07
    outer loop
      vertex -6.76148 -1.81173 89.98
      vertex -6.81771 -1.57059 27.6506
      vertex -6.80857 -1.60978 27.5464
    endloop
  endfacet
  facet normal -0.97387 -0.227105 -7.04543e-08
    outer loop
      vertex -6.76148 -1.81173 89.98
      vertex -6.80857 -1.60978 27.5464
      vertex -6.80104 -1.64207 27.44
    endloop
  endfacet
  facet normal -0.973875 -0.227083 -7.19071e-09
    outer loop
      vertex -6.76148 -1.81173 89.98
      vertex -6.80104 -1.64207 27.44
      vertex -6.79515 -1.66733 27.3317
    endloop
  endfacet
  facet normal -0.973846 -0.227211 -3.17014e-07
    outer loop
      vertex -6.76148 -1.81173 89.98
      vertex -6.79515 -1.66733 27.3317
      vertex -6.79092 -1.68546 27.2219
    endloop
  endfacet
  facet normal -0.973907 -0.226949 2.37463e-07
    outer loop
      vertex -6.76148 -1.81173 89.98
      vertex -6.79092 -1.68546 27.2219
      vertex -6.78838 -1.69636 27.1112
    endloop
  endfacet
  facet normal -0.973806 -0.227381 -5.98375e-07
    outer loop
      vertex -6.76148 -1.81173 89.98
      vertex -6.78838 -1.69636 27.1112
      vertex -6.78753 -1.7 27
    endloop
  endfacet
  facet normal -0.973875 -0.227085 0
    outer loop
      vertex -6.8655 -1.36563 28.0113
      vertex -6.76148 -1.81173 89.98
      vertex -6.8655 -1.36563 89.98
    endloop
  endfacet
  facet normal -0.97388 -0.227062 -0
    outer loop
      vertex -6.76148 -1.81173 89.98
      vertex -6.78753 -1.7 27
      vertex -6.76148 -1.81173 0
    endloop
  endfacet
  facet normal 0 0 -1
    outer loop
      vertex 4.5 0 0
      vertex 7 0 0
      vertex 6.98501 -0.457822 0
    endloop
  endfacet
  facet normal 0 0 -1
    outer loop
      vertex 4.49037 -0.294313 0
      vertex 6.98501 -0.457822 0
      vertex 6.94011 -0.913683 0
    endloop
  endfacet
  facet normal 0 0 -1
    outer loop
      vertex 7 0 0
      vertex 4.5 0 0
      vertex 6.98501 0.457822 0
    endloop
  endfacet
  facet normal 0 0 -1
    outer loop
      vertex 4.4615 -0.587367 0
      vertex 6.94011 -0.913683 0
      vertex 6.8655 -1.36563 0
    endloop
  endfacet
  facet normal 0 0 -1
    outer loop
      vertex 4.49037 0.294313 0
      vertex 6.98501 0.457822 0
      vertex 4.5 0 0
    endloop
  endfacet
  facet normal 0 0 -1
    outer loop
      vertex 4.41353 -0.877906 0
      vertex 6.8655 -1.36563 0
      vertex 6.76148 -1.81173 0
    endloop
  endfacet
  facet normal -0 0 -1
    outer loop
      vertex 6.98501 0.457822 0
      vertex 4.49037 0.294313 0
      vertex 6.94011 0.913683 0
    endloop
  endfacet
  facet normal 0 0 -1
    outer loop
      vertex 4.34667 -1.16469 0
      vertex 6.76148 -1.81173 0
      vertex 6.62851 -2.25008 0
    endloop
  endfacet
  facet normal 0 0 -1
    outer loop
      vertex 4.4615 0.587367 0
      vertex 6.94011 0.913683 0
      vertex 4.49037 0.294313 0
    endloop
  endfacet
  facet normal 0 0 -1
    outer loop
      vertex 4.26118 -1.44648 0
      vertex 6.62851 -2.25008 0
      vertex 6.46716 -2.67878 0
    endloop
  endfacet
  facet normal -0 0 -1
    outer loop
      vertex 6.94011 0.913683 0
      vertex 4.4615 0.587367 0
      vertex 6.8655 1.36563 0
    endloop
  endfacet
  facet normal 0 0 -1
    outer loop
      vertex 4.15746 -1.72207 0
      vertex 6.46716 -2.67878 0
      vertex 6.27811 -3.09602 0
    endloop
  endfacet
  facet normal 0 0 -1
    outer loop
      vertex 4.41353 0.877906 0
      vertex 6.8655 1.36563 0
      vertex 4.4615 0.587367 0
    endloop
  endfacet
  facet normal 0 0 -1
    outer loop
      vertex 4.03593 -1.9903 0
      vertex 6.27811 -3.09602 0
      vertex 6.06218 -3.5 0
    endloop
  endfacet
  facet normal -0 0 -1
    outer loop
      vertex 6.8655 1.36563 0
      vertex 4.41353 0.877906 0
      vertex 6.76148 1.81173 0
    endloop
  endfacet
  facet normal 0 0 -1
    outer loop
      vertex 3.89711 -2.25 0
      vertex 6.06218 -3.5 0
      vertex 5.82029 -3.88899 0
    endloop
  endfacet
  facet normal 0 0 -1
    outer loop
      vertex 4.34667 1.16469 0
      vertex 6.76148 1.81173 0
      vertex 4.41353 0.877906 0
    endloop
  endfacet
  facet normal 0 0 -1
    outer loop
      vertex 3.74161 -2.50007 0
      vertex 5.82029 -3.88899 0
      vertex 5.55347 -4.26133 0
    endloop
  endfacet
  facet normal -0 0 -1
    outer loop
      vertex 6.76148 1.81173 0
      vertex 4.34667 1.16469 0
      vertex 6.62851 2.25008 0
    endloop
  endfacet
  facet normal 0 0 -1
    outer loop
      vertex 3.57009 -2.73943 0
      vertex 5.55347 -4.26133 0
      vertex 5.26288 -4.61542 0
    endloop
  endfacet
  facet normal 0 0 -1
    outer loop
      vertex 4.26118 1.44648 0
      vertex 6.62851 2.25008 0
      vertex 4.34667 1.16469 0
    endloop
  endfacet
  facet normal 0 0 -1
    outer loop
      vertex 3.38328 -2.96706 0
      vertex 5.26288 -4.61542 0
      vertex 4.94975 -4.94975 0
    endloop
  endfacet
  facet normal -0 0 -1
    outer loop
      vertex 6.62851 2.25008 0
      vertex 4.26118 1.44648 0
      vertex 6.46716 2.67878 0
    endloop
  endfacet
  facet normal 0 0 -1
    outer loop
      vertex 3.18198 -3.18198 0
      vertex 4.94975 -4.94975 0
      vertex 4.61542 -5.26288 0
    endloop
  endfacet
  facet normal 0 0 -1
    outer loop
      vertex 4.15746 1.72207 0
      vertex 6.46716 2.67878 0
      vertex 4.26118 1.44648 0
    endloop
  endfacet
  facet normal -0 0 -1
    outer loop
      vertex 6.46716 2.67878 0
      vertex 4.15746 1.72207 0
      vertex 6.27811 3.09602 0
    endloop
  endfacet
  facet normal 0 0 -1
    outer loop
      vertex 6.98501 -0.457822 0
      vertex 4.49037 -0.294313 0
      vertex 4.5 0 0
    endloop
  endfacet
  facet normal 0 0 -1
    outer loop
      vertex 6.94011 -0.913683 0
      vertex 4.4615 -0.587367 0
      vertex 4.49037 -0.294313 0
    endloop
  endfacet
  facet normal 0 0 -1
    outer loop
      vertex 6.8655 -1.36563 0
      vertex 4.41353 -0.877906 0
      vertex 4.4615 -0.587367 0
    endloop
  endfacet
  facet normal 0 0 -1
    outer loop
      vertex 6.76148 -1.81173 0
      vertex 4.34667 -1.16469 0
      vertex 4.41353 -0.877906 0
    endloop
  endfacet
  facet normal 0 0 -1
    outer loop
      vertex 2.96706 -3.38328 0
      vertex 4.61542 -5.26288 0
      vertex 4.26133 -5.55347 0
    endloop
  endfacet
  facet normal 0 0 -1
    outer loop
      vertex 6.62851 -2.25008 0
      vertex 4.26118 -1.44648 0
      vertex 4.34667 -1.16469 0
    endloop
  endfacet
  facet normal 0 0 -1
    outer loop
      vertex 6.46716 -2.67878 0
      vertex 4.15746 -1.72207 0
      vertex 4.26118 -1.44648 0
    endloop
  endfacet
  facet normal 0 0 -1
    outer loop
      vertex 6.27811 -3.09602 0
      vertex 4.03593 -1.9903 0
      vertex 4.15746 -1.72207 0
    endloop
  endfacet
  facet normal 0 0 -1
    outer loop
      vertex 6.06218 -3.5 0
      vertex 3.89711 -2.25 0
      vertex 4.03593 -1.9903 0
    endloop
  endfacet
  facet normal 0 0 -1
    outer loop
      vertex 2.73943 -3.57009 0
      vertex 4.26133 -5.55347 0
      vertex 3.88899 -5.82029 0
    endloop
  endfacet
  facet normal 0 0 -1
    outer loop
      vertex 5.82029 -3.88899 0
      vertex 3.74161 -2.50007 0
      vertex 3.89711 -2.25 0
    endloop
  endfacet
  facet normal 0 0 -1
    outer loop
      vertex 5.55347 -4.26133 0
      vertex 3.57009 -2.73943 0
      vertex 3.74161 -2.50007 0
    endloop
  endfacet
  facet normal 0 0 -1
    outer loop
      vertex 2.50007 -3.74161 0
      vertex 3.88899 -5.82029 0
      vertex 3.5 -6.06218 0
    endloop
  endfacet
  facet normal 0 0 -1
    outer loop
      vertex 5.26288 -4.61542 0
      vertex 3.38328 -2.96706 0
      vertex 3.57009 -2.73943 0
    endloop
  endfacet
  facet normal 0 0 -1
    outer loop
      vertex 4.94975 -4.94975 0
      vertex 3.18198 -3.18198 0
      vertex 3.38328 -2.96706 0
    endloop
  endfacet
  facet normal 0 0 -1
    outer loop
      vertex 2.25 -3.89711 0
      vertex 3.5 -6.06218 0
      vertex 3.09602 -6.27811 0
    endloop
  endfacet
  facet normal 0 0 -1
    outer loop
      vertex 4.61542 -5.26288 0
      vertex 2.96706 -3.38328 0
      vertex 3.18198 -3.18198 0
    endloop
  endfacet
  facet normal 0 0 -1
    outer loop
      vertex 4.26133 -5.55347 0
      vertex 2.73943 -3.57009 0
      vertex 2.96706 -3.38328 0
    endloop
  endfacet
  facet normal 0 0 -1
    outer loop
      vertex 1.9903 -4.03593 0
      vertex 3.09602 -6.27811 0
      vertex 2.67878 -6.46716 0
    endloop
  endfacet
  facet normal 0 0 -1
    outer loop
      vertex 3.88899 -5.82029 0
      vertex 2.50007 -3.74161 0
      vertex 2.73943 -3.57009 0
    endloop
  endfacet
  facet normal 0 0 -1
    outer loop
      vertex 1.72207 -4.15746 0
      vertex 2.67878 -6.46716 0
      vertex 2.25008 -6.62851 0
    endloop
  endfacet
  facet normal 0 0 -1
    outer loop
      vertex 3.5 -6.06218 0
      vertex 2.25 -3.89711 0
      vertex 2.50007 -3.74161 0
    endloop
  endfacet
  facet normal 0 0 -1
    outer loop
      vertex 3.09602 -6.27811 0
      vertex 1.9903 -4.03593 0
      vertex 2.25 -3.89711 0
    endloop
  endfacet
  facet normal 0 0 -1
    outer loop
      vertex 1.44648 -4.26118 0
      vertex 2.25008 -6.62851 0
      vertex 1.81173 -6.76148 0
    endloop
  endfacet
  facet normal 0 0 -1
    outer loop
      vertex 2.67878 -6.46716 0
      vertex 1.72207 -4.15746 0
      vertex 1.9903 -4.03593 0
    endloop
  endfacet
  facet normal 0 0 -1
    outer loop
      vertex 2.25008 -6.62851 0
      vertex 1.44648 -4.26118 0
      vertex 1.72207 -4.15746 0
    endloop
  endfacet
  facet normal 0 0 -1
    outer loop
      vertex 1.16469 -4.34667 0
      vertex 1.81173 -6.76148 0
      vertex 1.36563 -6.8655 0
    endloop
  endfacet
  facet normal 0 0 -1
    outer loop
      vertex 1.81173 -6.76148 0
      vertex 1.16469 -4.34667 0
      vertex 1.44648 -4.26118 0
    endloop
  endfacet
  facet normal 0 0 -1
    outer loop
      vertex 0.877906 -4.41353 0
      vertex 1.36563 -6.8655 0
      vertex 0.913683 -6.94011 0
    endloop
  endfacet
  facet normal 0 0 -1
    outer loop
      vertex 1.36563 -6.8655 0
      vertex 0.877906 -4.41353 0
      vertex 1.16469 -4.34667 0
    endloop
  endfacet
  facet normal 0 0 -1
    outer loop
      vertex 0.913683 -6.94011 0
      vertex 0.587367 -4.4615 0
      vertex 0.877906 -4.41353 0
    endloop
  endfacet
  facet normal 0 0 -1
    outer loop
      vertex 0.457822 -6.98501 0
      vertex 0.587367 -4.4615 0
      vertex 0.913683 -6.94011 0
    endloop
  endfacet
  facet normal 0 0 -1
    outer loop
      vertex 0.457822 -6.98501 0
      vertex 0.294313 -4.49037 0
      vertex 0.587367 -4.4615 0
    endloop
  endfacet
  facet normal 0 0 -1
    outer loop
      vertex 0 -7 0
      vertex 0.294313 -4.49037 0
      vertex 0.457822 -6.98501 0
    endloop
  endfacet
  facet normal 0 0 -1
    outer loop
      vertex 0 -7 0
      vertex 0 -4.5 0
      vertex 0.294313 -4.49037 0
    endloop
  endfacet
  facet normal 0 0 -1
    outer loop
      vertex 0 -7 0
      vertex -0.294313 -4.49037 0
      vertex 0 -4.5 0
    endloop
  endfacet
  facet normal 0 0 -1
    outer loop
      vertex -0.457822 -6.98501 0
      vertex -0.294313 -4.49037 0
      vertex 0 -7 0
    endloop
  endfacet
  facet normal 0 0 -1
    outer loop
      vertex -0.457822 -6.98501 0
      vertex -0.587367 -4.4615 0
      vertex -0.294313 -4.49037 0
    endloop
  endfacet
  facet normal 0 0 -1
    outer loop
      vertex -0.913683 -6.94011 0
      vertex -0.587367 -4.4615 0
      vertex -0.457822 -6.98501 0
    endloop
  endfacet
  facet normal -0 0 -1
    outer loop
      vertex -0.587367 -4.4615 0
      vertex -0.913683 -6.94011 0
      vertex -0.877906 -4.41353 0
    endloop
  endfacet
  facet normal 0 0 -1
    outer loop
      vertex -1.36563 -6.8655 0
      vertex -0.877906 -4.41353 0
      vertex -0.913683 -6.94011 0
    endloop
  endfacet
  facet normal -0 0 -1
    outer loop
      vertex -0.877906 -4.41353 0
      vertex -1.36563 -6.8655 0
      vertex -1.16469 -4.34667 0
    endloop
  endfacet
  facet normal 0 0 -1
    outer loop
      vertex -1.81173 -6.76148 0
      vertex -1.16469 -4.34667 0
      vertex -1.36563 -6.8655 0
    endloop
  endfacet
  facet normal -0 0 -1
    outer loop
      vertex -1.16469 -4.34667 0
      vertex -1.81173 -6.76148 0
      vertex -1.44648 -4.26118 0
    endloop
  endfacet
  facet normal 0 0 -1
    outer loop
      vertex -2.25008 -6.62851 0
      vertex -1.44648 -4.26118 0
      vertex -1.81173 -6.76148 0
    endloop
  endfacet
  facet normal -0 0 -1
    outer loop
      vertex -1.44648 -4.26118 0
      vertex -2.25008 -6.62851 0
      vertex -1.72207 -4.15746 0
    endloop
  endfacet
  facet normal 0 0 -1
    outer loop
      vertex -2.67878 -6.46716 0
      vertex -1.72207 -4.15746 0
      vertex -2.25008 -6.62851 0
    endloop
  endfacet
  facet normal -0 0 -1
    outer loop
      vertex -1.72207 -4.15746 0
      vertex -2.67878 -6.46716 0
      vertex -1.9903 -4.03593 0
    endloop
  endfacet
  facet normal 0 0 -1
    outer loop
      vertex -3.09602 -6.27811 0
      vertex -1.9903 -4.03593 0
      vertex -2.67878 -6.46716 0
    endloop
  endfacet
  facet normal -0 0 -1
    outer loop
      vertex -1.9903 -4.03593 0
      vertex -3.09602 -6.27811 0
      vertex -2.25 -3.89711 0
    endloop
  endfacet
  facet normal 0 0 -1
    outer loop
      vertex -3.5 -6.06218 0
      vertex -2.25 -3.89711 0
      vertex -3.09602 -6.27811 0
    endloop
  endfacet
  facet normal -0 0 -1
    outer loop
      vertex -2.25 -3.89711 0
      vertex -3.5 -6.06218 0
      vertex -2.50007 -3.74161 0
    endloop
  endfacet
  facet normal 0 0 -1
    outer loop
      vertex -3.88899 -5.82029 0
      vertex -2.50007 -3.74161 0
      vertex -3.5 -6.06218 0
    endloop
  endfacet
  facet normal -0 0 -1
    outer loop
      vertex -2.50007 -3.74161 0
      vertex -3.88899 -5.82029 0
      vertex -2.73943 -3.57009 0
    endloop
  endfacet
  facet normal 0 0 -1
    outer loop
      vertex -4.26133 -5.55347 0
      vertex -2.73943 -3.57009 0
      vertex -3.88899 -5.82029 0
    endloop
  endfacet
  facet normal -0 0 -1
    outer loop
      vertex -2.73943 -3.57009 0
      vertex -4.26133 -5.55347 0
      vertex -2.96706 -3.38328 0
    endloop
  endfacet
  facet normal 0 0 -1
    outer loop
      vertex -4.61542 -5.26288 0
      vertex -2.96706 -3.38328 0
      vertex -4.26133 -5.55347 0
    endloop
  endfacet
  facet normal -0 0 -1
    outer loop
      vertex -2.96706 -3.38328 0
      vertex -4.61542 -5.26288 0
      vertex -3.18198 -3.18198 0
    endloop
  endfacet
  facet normal 0 0 -1
    outer loop
      vertex -4.94975 -4.94975 0
      vertex -3.18198 -3.18198 0
      vertex -4.61542 -5.26288 0
    endloop
  endfacet
  facet normal -0 0 -1
    outer loop
      vertex -3.18198 -3.18198 0
      vertex -4.94975 -4.94975 0
      vertex -3.38328 -2.96706 0
    endloop
  endfacet
  facet normal 0 0 -1
    outer loop
      vertex -5.26288 -4.61542 0
      vertex -3.38328 -2.96706 0
      vertex -4.94975 -4.94975 0
    endloop
  endfacet
  facet normal -0 0 -1
    outer loop
      vertex -3.38328 -2.96706 0
      vertex -5.26288 -4.61542 0
      vertex -3.57009 -2.73943 0
    endloop
  endfacet
  facet normal 0 0 -1
    outer loop
      vertex -5.55347 -4.26133 0
      vertex -3.57009 -2.73943 0
      vertex -5.26288 -4.61542 0
    endloop
  endfacet
  facet normal -0 0 -1
    outer loop
      vertex -3.57009 -2.73943 0
      vertex -5.55347 -4.26133 0
      vertex -3.74161 -2.50007 0
    endloop
  endfacet
  facet normal 0 0 -1
    outer loop
      vertex -5.82029 -3.88899 0
      vertex -3.74161 -2.50007 0
      vertex -5.55347 -4.26133 0
    endloop
  endfacet
  facet normal -0 0 -1
    outer loop
      vertex -3.74161 -2.50007 0
      vertex -5.82029 -3.88899 0
      vertex -3.89711 -2.25 0
    endloop
  endfacet
  facet normal 0 0 -1
    outer loop
      vertex -6.06218 -3.5 0
      vertex -3.89711 -2.25 0
      vertex -5.82029 -3.88899 0
    endloop
  endfacet
  facet normal -0 0 -1
    outer loop
      vertex -3.89711 -2.25 0
      vertex -6.06218 -3.5 0
      vertex -4.03593 -1.9903 0
    endloop
  endfacet
  facet normal -0 0 -1
    outer loop
      vertex -4.03593 -1.9903 0
      vertex -6.27811 -3.09602 0
      vertex -4.15746 -1.72207 0
    endloop
  endfacet
  facet normal 0 0 -1
    outer loop
      vertex -6.27811 -3.09602 0
      vertex -4.03593 -1.9903 0
      vertex -6.06218 -3.5 0
    endloop
  endfacet
  facet normal 0 0 -1
    outer loop
      vertex 4.03593 1.9903 0
      vertex 6.27811 3.09602 0
      vertex 4.15746 1.72207 0
    endloop
  endfacet
  facet normal -0 0 -1
    outer loop
      vertex 6.27811 3.09602 0
      vertex 4.03593 1.9903 0
      vertex 6.06218 3.5 0
    endloop
  endfacet
  facet normal 0 0 -1
    outer loop
      vertex 3.89711 2.25 0
      vertex 6.06218 3.5 0
      vertex 4.03593 1.9903 0
    endloop
  endfacet
  facet normal -0 0 -1
    outer loop
      vertex 6.06218 3.5 0
      vertex 3.89711 2.25 0
      vertex 5.82029 3.88899 0
    endloop
  endfacet
  facet normal 0 0 -1
    outer loop
      vertex 3.74161 2.50007 0
      vertex 5.82029 3.88899 0
      vertex 3.89711 2.25 0
    endloop
  endfacet
  facet normal -0 0 -1
    outer loop
      vertex 5.82029 3.88899 0
      vertex 3.74161 2.50007 0
      vertex 5.55347 4.26133 0
    endloop
  endfacet
  facet normal 0 0 -1
    outer loop
      vertex 3.57009 2.73943 0
      vertex 5.55347 4.26133 0
      vertex 3.74161 2.50007 0
    endloop
  endfacet
  facet normal -0 0 -1
    outer loop
      vertex 5.55347 4.26133 0
      vertex 3.57009 2.73943 0
      vertex 5.26288 4.61542 0
    endloop
  endfacet
  facet normal 0 0 -1
    outer loop
      vertex 3.38328 2.96706 0
      vertex 5.26288 4.61542 0
      vertex 3.57009 2.73943 0
    endloop
  endfacet
  facet normal -0 0 -1
    outer loop
      vertex 5.26288 4.61542 0
      vertex 3.38328 2.96706 0
      vertex 4.94975 4.94975 0
    endloop
  endfacet
  facet normal 0 0 -1
    outer loop
      vertex 3.18198 3.18198 0
      vertex 4.94975 4.94975 0
      vertex 3.38328 2.96706 0
    endloop
  endfacet
  facet normal -0 0 -1
    outer loop
      vertex 4.94975 4.94975 0
      vertex 3.18198 3.18198 0
      vertex 4.61542 5.26288 0
    endloop
  endfacet
  facet normal 0 0 -1
    outer loop
      vertex 2.96706 3.38328 0
      vertex 4.61542 5.26288 0
      vertex 3.18198 3.18198 0
    endloop
  endfacet
  facet normal -0 0 -1
    outer loop
      vertex 4.61542 5.26288 0
      vertex 2.96706 3.38328 0
      vertex 4.26133 5.55347 0
    endloop
  endfacet
  facet normal 0 0 -1
    outer loop
      vertex 2.73943 3.57009 0
      vertex 4.26133 5.55347 0
      vertex 2.96706 3.38328 0
    endloop
  endfacet
  facet normal -0 0 -1
    outer loop
      vertex 4.26133 5.55347 0
      vertex 2.73943 3.57009 0
      vertex 3.88899 5.82029 0
    endloop
  endfacet
  facet normal 0 0 -1
    outer loop
      vertex 2.50007 3.74161 0
      vertex 3.88899 5.82029 0
      vertex 2.73943 3.57009 0
    endloop
  endfacet
  facet normal -0 0 -1
    outer loop
      vertex 3.88899 5.82029 0
      vertex 2.50007 3.74161 0
      vertex 3.5 6.06218 0
    endloop
  endfacet
  facet normal 0 0 -1
    outer loop
      vertex 2.25 3.89711 0
      vertex 3.5 6.06218 0
      vertex 2.50007 3.74161 0
    endloop
  endfacet
  facet normal -0 0 -1
    outer loop
      vertex 3.5 6.06218 0
      vertex 2.25 3.89711 0
      vertex 3.09602 6.27811 0
    endloop
  endfacet
  facet normal 0 0 -1
    outer loop
      vertex 1.9903 4.03593 0
      vertex 3.09602 6.27811 0
      vertex 2.25 3.89711 0
    endloop
  endfacet
  facet normal -0 0 -1
    outer loop
      vertex 3.09602 6.27811 0
      vertex 1.9903 4.03593 0
      vertex 2.67878 6.46716 0
    endloop
  endfacet
  facet normal 0 0 -1
    outer loop
      vertex 1.72207 4.15746 0
      vertex 2.67878 6.46716 0
      vertex 1.9903 4.03593 0
    endloop
  endfacet
  facet normal -0 0 -1
    outer loop
      vertex 2.67878 6.46716 0
      vertex 1.72207 4.15746 0
      vertex 2.25008 6.62851 0
    endloop
  endfacet
  facet normal 0 0 -1
    outer loop
      vertex 1.44648 4.26118 0
      vertex 2.25008 6.62851 0
      vertex 1.72207 4.15746 0
    endloop
  endfacet
  facet normal -0 0 -1
    outer loop
      vertex 2.25008 6.62851 0
      vertex 1.44648 4.26118 0
      vertex 1.81173 6.76148 0
    endloop
  endfacet
  facet normal 0 0 -1
    outer loop
      vertex 1.16469 4.34667 0
      vertex 1.81173 6.76148 0
      vertex 1.44648 4.26118 0
    endloop
  endfacet
  facet normal -0 0 -1
    outer loop
      vertex 1.81173 6.76148 0
      vertex 1.16469 4.34667 0
      vertex 1.36563 6.8655 0
    endloop
  endfacet
  facet normal 0 0 -1
    outer loop
      vertex 0.877906 4.41353 0
      vertex 1.36563 6.8655 0
      vertex 1.16469 4.34667 0
    endloop
  endfacet
  facet normal -0 0 -1
    outer loop
      vertex 1.36563 6.8655 0
      vertex 0.877906 4.41353 0
      vertex 0.913683 6.94011 0
    endloop
  endfacet
  facet normal 0 0 -1
    outer loop
      vertex 0.587367 4.4615 0
      vertex 0.913683 6.94011 0
      vertex 0.877906 4.41353 0
    endloop
  endfacet
  facet normal 0 0 -1
    outer loop
      vertex 0.587367 4.4615 0
      vertex 0.457822 6.98501 0
      vertex 0.913683 6.94011 0
    endloop
  endfacet
  facet normal 0 0 -1
    outer loop
      vertex 0.294313 4.49037 0
      vertex 0.457822 6.98501 0
      vertex 0.587367 4.4615 0
    endloop
  endfacet
  facet normal 0 0 -1
    outer loop
      vertex 0 4.5 0
      vertex 0.457822 6.98501 0
      vertex 0.294313 4.49037 0
    endloop
  endfacet
  facet normal 0 0 -1
    outer loop
      vertex 0 4.5 0
      vertex 0 7 0
      vertex 0.457822 6.98501 0
    endloop
  endfacet
  facet normal 0 0 -1
    outer loop
      vertex -0.294313 4.49037 0
      vertex 0 7 0
      vertex 0 4.5 0
    endloop
  endfacet
  facet normal 0 0 -1
    outer loop
      vertex -0.294313 4.49037 0
      vertex -0.457822 6.98501 0
      vertex 0 7 0
    endloop
  endfacet
  facet normal 0 0 -1
    outer loop
      vertex -0.587367 4.4615 0
      vertex -0.457822 6.98501 0
      vertex -0.294313 4.49037 0
    endloop
  endfacet
  facet normal 0 0 -1
    outer loop
      vertex -0.913683 6.94011 0
      vertex -0.587367 4.4615 0
      vertex -0.877906 4.41353 0
    endloop
  endfacet
  facet normal 0 0 -1
    outer loop
      vertex -0.587367 4.4615 0
      vertex -0.913683 6.94011 0
      vertex -0.457822 6.98501 0
    endloop
  endfacet
  facet normal 0 0 -1
    outer loop
      vertex -1.36563 6.8655 0
      vertex -0.877906 4.41353 0
      vertex -1.16469 4.34667 0
    endloop
  endfacet
  facet normal 0 0 -1
    outer loop
      vertex -0.877906 4.41353 0
      vertex -1.36563 6.8655 0
      vertex -0.913683 6.94011 0
    endloop
  endfacet
  facet normal 0 0 -1
    outer loop
      vertex -1.81173 6.76148 0
      vertex -1.16469 4.34667 0
      vertex -1.44648 4.26118 0
    endloop
  endfacet
  facet normal 0 0 -1
    outer loop
      vertex -2.25008 6.62851 0
      vertex -1.44648 4.26118 0
      vertex -1.72207 4.15746 0
    endloop
  endfacet
  facet normal 0 0 -1
    outer loop
      vertex -1.16469 4.34667 0
      vertex -1.81173 6.76148 0
      vertex -1.36563 6.8655 0
    endloop
  endfacet
  facet normal 0 0 -1
    outer loop
      vertex -2.67878 6.46716 0
      vertex -1.72207 4.15746 0
      vertex -1.9903 4.03593 0
    endloop
  endfacet
  facet normal 0 0 -1
    outer loop
      vertex -3.09602 6.27811 0
      vertex -1.9903 4.03593 0
      vertex -2.25 3.89711 0
    endloop
  endfacet
  facet normal 0 0 -1
    outer loop
      vertex -1.44648 4.26118 0
      vertex -2.25008 6.62851 0
      vertex -1.81173 6.76148 0
    endloop
  endfacet
  facet normal 0 0 -1
    outer loop
      vertex -3.5 6.06218 0
      vertex -2.25 3.89711 0
      vertex -2.50007 3.74161 0
    endloop
  endfacet
  facet normal 0 0 -1
    outer loop
      vertex -1.72207 4.15746 0
      vertex -2.67878 6.46716 0
      vertex -2.25008 6.62851 0
    endloop
  endfacet
  facet normal 0 0 -1
    outer loop
      vertex -3.88899 5.82029 0
      vertex -2.50007 3.74161 0
      vertex -2.73943 3.57009 0
    endloop
  endfacet
  facet normal 0 0 -1
    outer loop
      vertex -4.26133 5.55347 0
      vertex -2.73943 3.57009 0
      vertex -2.96706 3.38328 0
    endloop
  endfacet
  facet normal 0 0 -1
    outer loop
      vertex -1.9903 4.03593 0
      vertex -3.09602 6.27811 0
      vertex -2.67878 6.46716 0
    endloop
  endfacet
  facet normal 0 0 -1
    outer loop
      vertex -4.61542 5.26288 0
      vertex -2.96706 3.38328 0
      vertex -3.18198 3.18198 0
    endloop
  endfacet
  facet normal 0 0 -1
    outer loop
      vertex -4.94975 4.94975 0
      vertex -3.18198 3.18198 0
      vertex -3.38328 2.96706 0
    endloop
  endfacet
  facet normal 0 0 -1
    outer loop
      vertex -2.25 3.89711 0
      vertex -3.5 6.06218 0
      vertex -3.09602 6.27811 0
    endloop
  endfacet
  facet normal 0 0 -1
    outer loop
      vertex -5.26288 4.61542 0
      vertex -3.38328 2.96706 0
      vertex -3.57009 2.73943 0
    endloop
  endfacet
  facet normal 0 0 -1
    outer loop
      vertex -5.55347 4.26133 0
      vertex -3.57009 2.73943 0
      vertex -3.74161 2.50007 0
    endloop
  endfacet
  facet normal 0 0 -1
    outer loop
      vertex -2.50007 3.74161 0
      vertex -3.88899 5.82029 0
      vertex -3.5 6.06218 0
    endloop
  endfacet
  facet normal 0 0 -1
    outer loop
      vertex -5.82029 3.88899 0
      vertex -3.74161 2.50007 0
      vertex -3.89711 2.25 0
    endloop
  endfacet
  facet normal 0 0 -1
    outer loop
      vertex -6.06218 3.5 0
      vertex -3.89711 2.25 0
      vertex -4.03593 1.9903 0
    endloop
  endfacet
  facet normal 0 0 -1
    outer loop
      vertex -6.27811 3.09602 0
      vertex -4.03593 1.9903 0
      vertex -4.15746 1.72207 0
    endloop
  endfacet
  facet normal 0 0 -1
    outer loop
      vertex -6.46716 2.67878 0
      vertex -4.15746 1.72207 0
      vertex -4.26118 1.44648 0
    endloop
  endfacet
  facet normal 0 0 -1
    outer loop
      vertex -2.73943 3.57009 0
      vertex -4.26133 5.55347 0
      vertex -3.88899 5.82029 0
    endloop
  endfacet
  facet normal 0 0 -1
    outer loop
      vertex -6.62851 2.25008 0
      vertex -4.26118 1.44648 0
      vertex -4.34667 1.16469 0
    endloop
  endfacet
  facet normal 0 0 -1
    outer loop
      vertex -6.76148 1.81173 0
      vertex -4.34667 1.16469 0
      vertex -4.41353 0.877906 0
    endloop
  endfacet
  facet normal 0 0 -1
    outer loop
      vertex -6.8655 1.36563 0
      vertex -4.41353 0.877906 0
      vertex -4.4615 0.587367 0
    endloop
  endfacet
  facet normal 0 0 -1
    outer loop
      vertex -6.94011 0.913683 0
      vertex -4.4615 0.587367 0
      vertex -4.49037 0.294313 0
    endloop
  endfacet
  facet normal 0 0 -1
    outer loop
      vertex -2.96706 3.38328 0
      vertex -4.61542 5.26288 0
      vertex -4.26133 5.55347 0
    endloop
  endfacet
  facet normal 0 0 -1
    outer loop
      vertex -6.98501 0.457822 0
      vertex -4.49037 0.294313 0
      vertex -4.5 0 0
    endloop
  endfacet
  facet normal 0 0 -1
    outer loop
      vertex -6.46716 -2.67878 0
      vertex -4.15746 -1.72207 0
      vertex -6.27811 -3.09602 0
    endloop
  endfacet
  facet normal -0 0 -1
    outer loop
      vertex -4.15746 -1.72207 0
      vertex -6.46716 -2.67878 0
      vertex -4.26118 -1.44648 0
    endloop
  endfacet
  facet normal 0 0 -1
    outer loop
      vertex -3.18198 3.18198 0
      vertex -4.94975 4.94975 0
      vertex -4.61542 5.26288 0
    endloop
  endfacet
  facet normal 0 0 -1
    outer loop
      vertex -6.62851 -2.25008 0
      vertex -4.26118 -1.44648 0
      vertex -6.46716 -2.67878 0
    endloop
  endfacet
  facet normal 0 0 -1
    outer loop
      vertex -3.38328 2.96706 0
      vertex -5.26288 4.61542 0
      vertex -4.94975 4.94975 0
    endloop
  endfacet
  facet normal -0 0 -1
    outer loop
      vertex -4.26118 -1.44648 0
      vertex -6.62851 -2.25008 0
      vertex -4.34667 -1.16469 0
    endloop
  endfacet
  facet normal 0 0 -1
    outer loop
      vertex -3.57009 2.73943 0
      vertex -5.55347 4.26133 0
      vertex -5.26288 4.61542 0
    endloop
  endfacet
  facet normal 0 0 -1
    outer loop
      vertex -6.76148 -1.81173 0
      vertex -4.34667 -1.16469 0
      vertex -6.62851 -2.25008 0
    endloop
  endfacet
  facet normal 0 0 -1
    outer loop
      vertex -3.74161 2.50007 0
      vertex -5.82029 3.88899 0
      vertex -5.55347 4.26133 0
    endloop
  endfacet
  facet normal -0 0 -1
    outer loop
      vertex -4.34667 -1.16469 0
      vertex -6.76148 -1.81173 0
      vertex -4.41353 -0.877906 0
    endloop
  endfacet
  facet normal 0 0 -1
    outer loop
      vertex -3.89711 2.25 0
      vertex -6.06218 3.5 0
      vertex -5.82029 3.88899 0
    endloop
  endfacet
  facet normal 0 0 -1
    outer loop
      vertex -6.8655 -1.36563 0
      vertex -4.41353 -0.877906 0
      vertex -6.76148 -1.81173 0
    endloop
  endfacet
  facet normal 0 0 -1
    outer loop
      vertex -4.03593 1.9903 0
      vertex -6.27811 3.09602 0
      vertex -6.06218 3.5 0
    endloop
  endfacet
  facet normal -0 0 -1
    outer loop
      vertex -4.41353 -0.877906 0
      vertex -6.8655 -1.36563 0
      vertex -4.4615 -0.587367 0
    endloop
  endfacet
  facet normal 0 0 -1
    outer loop
      vertex -4.15746 1.72207 0
      vertex -6.46716 2.67878 0
      vertex -6.27811 3.09602 0
    endloop
  endfacet
  facet normal 0 0 -1
    outer loop
      vertex -6.94011 -0.913683 0
      vertex -4.4615 -0.587367 0
      vertex -6.8655 -1.36563 0
    endloop
  endfacet
  facet normal 0 0 -1
    outer loop
      vertex -4.26118 1.44648 0
      vertex -6.62851 2.25008 0
      vertex -6.46716 2.67878 0
    endloop
  endfacet
  facet normal -0 0 -1
    outer loop
      vertex -4.4615 -0.587367 0
      vertex -6.94011 -0.913683 0
      vertex -4.49037 -0.294313 0
    endloop
  endfacet
  facet normal 0 0 -1
    outer loop
      vertex -4.34667 1.16469 0
      vertex -6.76148 1.81173 0
      vertex -6.62851 2.25008 0
    endloop
  endfacet
  facet normal 0 0 -1
    outer loop
      vertex -6.98501 -0.457822 0
      vertex -4.49037 -0.294313 0
      vertex -6.94011 -0.913683 0
    endloop
  endfacet
  facet normal 0 0 -1
    outer loop
      vertex -4.41353 0.877906 0
      vertex -6.8655 1.36563 0
      vertex -6.76148 1.81173 0
    endloop
  endfacet
  facet normal -0 0 -1
    outer loop
      vertex -4.49037 -0.294313 0
      vertex -6.98501 -0.457822 0
      vertex -4.5 0 0
    endloop
  endfacet
  facet normal 0 0 -1
    outer loop
      vertex -4.4615 0.587367 0
      vertex -6.94011 0.913683 0
      vertex -6.8655 1.36563 0
    endloop
  endfacet
  facet normal 0 0 -1
    outer loop
      vertex -7 0 0
      vertex -4.5 0 0
      vertex -6.98501 -0.457822 0
    endloop
  endfacet
  facet normal 0 0 -1
    outer loop
      vertex -4.49037 0.294313 0
      vertex -6.98501 0.457822 0
      vertex -6.94011 0.913683 0
    endloop
  endfacet
  facet normal 0 0 -1
    outer loop
      vertex -4.5 0 0
      vertex -7 0 0
      vertex -6.98501 0.457822 0
    endloop
  endfacet
  facet normal 0.986692 0.162603 0
    outer loop
      vertex 6.86829 1.3487 4.96511
      vertex 6.8655 1.36563 0
      vertex 6.8655 1.36563 4.98873
    endloop
  endfacet
  facet normal 0.986646 0.162879 9.65211e-07
    outer loop
      vertex 6.87994 1.27813 4.87911
      vertex 6.8655 1.36563 0
      vertex 6.86829 1.3487 4.96511
    endloop
  endfacet
  facet normal 0.986635 0.162945 2.18637e-06
    outer loop
      vertex 6.8925 1.20208 4.79792
      vertex 6.8655 1.36563 0
      vertex 6.87994 1.27813 4.87911
    endloop
  endfacet
  facet normal 0.986652 0.162843 -1.37451e-06
    outer loop
      vertex 6.9059 1.12089 4.72187
      vertex 6.8655 1.36563 0
      vertex 6.8925 1.20208 4.79792
    endloop
  endfacet
  facet normal 0.986641 0.162909 2.11613e-06
    outer loop
      vertex 6.9201 1.03489 4.6513
      vertex 6.8655 1.36563 0
      vertex 6.9059 1.12089 4.72187
    endloop
  endfacet
  facet normal 0.986641 0.162908 2.02457e-06
    outer loop
      vertex 6.93503 0.944468 4.5865
      vertex 6.8655 1.36563 0
      vertex 6.9201 1.03489 4.6513
    endloop
  endfacet
  facet normal 0.986656 0.162818 -6.46564e-06
    outer loop
      vertex 6.94011 0.913683 4.56736
      vertex 6.8655 1.36563 0
      vertex 6.93503 0.944468 4.5865
    endloop
  endfacet
  facet normal 0.986646 0.162881 0
    outer loop
      vertex 6.8655 1.36563 0
      vertex 6.94011 0.913683 4.56736
      vertex 6.94011 0.913683 0
    endloop
  endfacet
  facet normal 0.986692 0.162603 0
    outer loop
      vertex 6.8655 1.36563 89.98
      vertex 6.86829 1.3487 28.0349
      vertex 6.8655 1.36563 28.0113
    endloop
  endfacet
  facet normal 0.986646 0.16288 -7.76606e-08
    outer loop
      vertex 6.8655 1.36563 89.98
      vertex 6.87994 1.27813 28.1209
      vertex 6.86829 1.3487 28.0349
    endloop
  endfacet
  facet normal 0.986635 0.162947 -1.75486e-07
    outer loop
      vertex 6.8655 1.36563 89.98
      vertex 6.8925 1.20208 28.2021
      vertex 6.87994 1.27813 28.1209
    endloop
  endfacet
  facet normal 0.986652 0.162842 1.09886e-07
    outer loop
      vertex 6.8655 1.36563 89.98
      vertex 6.9059 1.12089 28.2781
      vertex 6.8925 1.20208 28.2021
    endloop
  endfacet
  facet normal 0.986641 0.16291 -1.68281e-07
    outer loop
      vertex 6.8655 1.36563 89.98
      vertex 6.9201 1.03489 28.3487
      vertex 6.9059 1.12089 28.2781
    endloop
  endfacet
  facet normal 0.986641 0.162909 -1.59965e-07
    outer loop
      vertex 6.8655 1.36563 89.98
      vertex 6.93503 0.944468 28.4135
      vertex 6.9201 1.03489 28.3487
    endloop
  endfacet
  facet normal 0.986646 0.162881 -0
    outer loop
      vertex 6.94011 0.913683 28.4326
      vertex 6.8655 1.36563 89.98
      vertex 6.94011 0.913683 89.98
    endloop
  endfacet
  facet normal 0.986657 0.162814 5.07016e-07
    outer loop
      vertex 6.8655 1.36563 89.98
      vertex 6.94011 0.913683 28.4326
      vertex 6.93503 0.944468 28.4135
    endloop
  endfacet
  facet normal 0.986692 0.162603 0
    outer loop
      vertex 6.86829 1.3487 11.9651
      vertex 6.8655 1.36563 7.01127
      vertex 6.8655 1.36563 11.9887
    endloop
  endfacet
  facet normal 0.986692 0.162603 0
    outer loop
      vertex 6.86829 1.3487 11.9651
      vertex 6.86829 1.3487 7.03489
      vertex 6.8655 1.36563 7.01127
    endloop
  endfacet
  facet normal 0.986646 0.16288 0
    outer loop
      vertex 6.87994 1.27813 11.8791
      vertex 6.86829 1.3487 7.03489
      vertex 6.86829 1.3487 11.9651
    endloop
  endfacet
  facet normal 0.986646 0.16288 0
    outer loop
      vertex 6.87994 1.27813 11.8791
      vertex 6.87994 1.27813 7.12089
      vertex 6.86829 1.3487 7.03489
    endloop
  endfacet
  facet normal 0.986635 0.162947 0
    outer loop
      vertex 6.8925 1.20208 11.7979
      vertex 6.87994 1.27813 7.12089
      vertex 6.87994 1.27813 11.8791
    endloop
  endfacet
  facet normal 0.986635 0.162947 0
    outer loop
      vertex 6.8925 1.20208 11.7979
      vertex 6.8925 1.20208 7.20208
      vertex 6.87994 1.27813 7.12089
    endloop
  endfacet
  facet normal 0.986652 0.162842 0
    outer loop
      vertex 6.9059 1.12089 11.7219
      vertex 6.8925 1.20208 7.20208
      vertex 6.8925 1.20208 11.7979
    endloop
  endfacet
  facet normal 0.986652 0.162842 0
    outer loop
      vertex 6.9059 1.12089 11.7219
      vertex 6.9059 1.12089 7.27813
      vertex 6.8925 1.20208 7.20208
    endloop
  endfacet
  facet normal 0.986641 0.16291 0
    outer loop
      vertex 6.9201 1.03489 11.6513
      vertex 6.9059 1.12089 7.27813
      vertex 6.9059 1.12089 11.7219
    endloop
  endfacet
  facet normal 0.986641 0.16291 0
    outer loop
      vertex 6.9201 1.03489 11.6513
      vertex 6.9201 1.03489 7.3487
      vertex 6.9059 1.12089 7.27813
    endloop
  endfacet
  facet normal 0.986641 0.162909 0
    outer loop
      vertex 6.93503 0.944468 11.5865
      vertex 6.9201 1.03489 7.3487
      vertex 6.9201 1.03489 11.6513
    endloop
  endfacet
  facet normal 0.986641 0.162909 0
    outer loop
      vertex 6.93503 0.944468 11.5865
      vertex 6.93503 0.944468 7.4135
      vertex 6.9201 1.03489 7.3487
    endloop
  endfacet
  facet normal 0.986657 0.162814 0
    outer loop
      vertex 6.94011 0.913683 11.5674
      vertex 6.93503 0.944468 7.4135
      vertex 6.93503 0.944468 11.5865
    endloop
  endfacet
  facet normal 0.986657 0.162814 0
    outer loop
      vertex 6.93503 0.944468 7.4135
      vertex 6.94011 0.913683 11.5674
      vertex 6.94011 0.913683 7.43264
    endloop
  endfacet
  facet normal 0.986692 0.162603 0
    outer loop
      vertex 6.86829 1.3487 18.9651
      vertex 6.8655 1.36563 14.0113
      vertex 6.8655 1.36563 18.9887
    endloop
  endfacet
  facet normal 0.986692 0.162603 0
    outer loop
      vertex 6.86829 1.3487 18.9651
      vertex 6.86829 1.3487 14.0349
      vertex 6.8655 1.36563 14.0113
    endloop
  endfacet
  facet normal 0.986646 0.16288 0
    outer loop
      vertex 6.87994 1.27813 18.8791
      vertex 6.86829 1.3487 14.0349
      vertex 6.86829 1.3487 18.9651
    endloop
  endfacet
  facet normal 0.986646 0.16288 0
    outer loop
      vertex 6.87994 1.27813 18.8791
      vertex 6.87994 1.27813 14.1209
      vertex 6.86829 1.3487 14.0349
    endloop
  endfacet
  facet normal 0.986635 0.162947 0
    outer loop
      vertex 6.8925 1.20208 18.7979
      vertex 6.87994 1.27813 14.1209
      vertex 6.87994 1.27813 18.8791
    endloop
  endfacet
  facet normal 0.986635 0.162947 0
    outer loop
      vertex 6.8925 1.20208 18.7979
      vertex 6.8925 1.20208 14.2021
      vertex 6.87994 1.27813 14.1209
    endloop
  endfacet
  facet normal 0.986652 0.162842 0
    outer loop
      vertex 6.9059 1.12089 18.7219
      vertex 6.8925 1.20208 14.2021
      vertex 6.8925 1.20208 18.7979
    endloop
  endfacet
  facet normal 0.986652 0.162842 0
    outer loop
      vertex 6.9059 1.12089 18.7219
      vertex 6.9059 1.12089 14.2781
      vertex 6.8925 1.20208 14.2021
    endloop
  endfacet
  facet normal 0.986641 0.16291 0
    outer loop
      vertex 6.9201 1.03489 18.6513
      vertex 6.9059 1.12089 14.2781
      vertex 6.9059 1.12089 18.7219
    endloop
  endfacet
  facet normal 0.986641 0.16291 0
    outer loop
      vertex 6.9201 1.03489 18.6513
      vertex 6.9201 1.03489 14.3487
      vertex 6.9059 1.12089 14.2781
    endloop
  endfacet
  facet normal 0.986641 0.162909 0
    outer loop
      vertex 6.93503 0.944468 18.5865
      vertex 6.9201 1.03489 14.3487
      vertex 6.9201 1.03489 18.6513
    endloop
  endfacet
  facet normal 0.986641 0.162909 0
    outer loop
      vertex 6.93503 0.944468 18.5865
      vertex 6.93503 0.944468 14.4135
      vertex 6.9201 1.03489 14.3487
    endloop
  endfacet
  facet normal 0.986657 0.162814 0
    outer loop
      vertex 6.94011 0.913683 18.5674
      vertex 6.93503 0.944468 14.4135
      vertex 6.93503 0.944468 18.5865
    endloop
  endfacet
  facet normal 0.986657 0.162814 0
    outer loop
      vertex 6.93503 0.944468 14.4135
      vertex 6.94011 0.913683 18.5674
      vertex 6.94011 0.913683 14.4326
    endloop
  endfacet
  facet normal 0.986692 0.162603 0
    outer loop
      vertex 6.86829 1.3487 25.9651
      vertex 6.8655 1.36563 21.0113
      vertex 6.8655 1.36563 25.9887
    endloop
  endfacet
  facet normal 0.986692 0.162603 0
    outer loop
      vertex 6.86829 1.3487 25.9651
      vertex 6.86829 1.3487 21.0349
      vertex 6.8655 1.36563 21.0113
    endloop
  endfacet
  facet normal 0.986646 0.16288 0
    outer loop
      vertex 6.87994 1.27813 25.8791
      vertex 6.86829 1.3487 21.0349
      vertex 6.86829 1.3487 25.9651
    endloop
  endfacet
  facet normal 0.986646 0.16288 0
    outer loop
      vertex 6.87994 1.27813 25.8791
      vertex 6.87994 1.27813 21.1209
      vertex 6.86829 1.3487 21.0349
    endloop
  endfacet
  facet normal 0.986635 0.162947 0
    outer loop
      vertex 6.8925 1.20208 25.7979
      vertex 6.87994 1.27813 21.1209
      vertex 6.87994 1.27813 25.8791
    endloop
  endfacet
  facet normal 0.986635 0.162947 0
    outer loop
      vertex 6.8925 1.20208 25.7979
      vertex 6.8925 1.20208 21.2021
      vertex 6.87994 1.27813 21.1209
    endloop
  endfacet
  facet normal 0.986652 0.162842 0
    outer loop
      vertex 6.9059 1.12089 25.7219
      vertex 6.8925 1.20208 21.2021
      vertex 6.8925 1.20208 25.7979
    endloop
  endfacet
  facet normal 0.986652 0.162842 0
    outer loop
      vertex 6.9059 1.12089 25.7219
      vertex 6.9059 1.12089 21.2781
      vertex 6.8925 1.20208 21.2021
    endloop
  endfacet
  facet normal 0.986641 0.16291 0
    outer loop
      vertex 6.9201 1.03489 25.6513
      vertex 6.9059 1.12089 21.2781
      vertex 6.9059 1.12089 25.7219
    endloop
  endfacet
  facet normal 0.986641 0.16291 0
    outer loop
      vertex 6.9201 1.03489 25.6513
      vertex 6.9201 1.03489 21.3487
      vertex 6.9059 1.12089 21.2781
    endloop
  endfacet
  facet normal 0.986641 0.162909 0
    outer loop
      vertex 6.93503 0.944468 25.5865
      vertex 6.9201 1.03489 21.3487
      vertex 6.9201 1.03489 25.6513
    endloop
  endfacet
  facet normal 0.986641 0.162909 0
    outer loop
      vertex 6.93503 0.944468 25.5865
      vertex 6.93503 0.944468 21.4135
      vertex 6.9201 1.03489 21.3487
    endloop
  endfacet
  facet normal 0.986657 0.162814 0
    outer loop
      vertex 6.94011 0.913683 25.5674
      vertex 6.93503 0.944468 21.4135
      vertex 6.93503 0.944468 25.5865
    endloop
  endfacet
  facet normal 0.986657 0.162814 0
    outer loop
      vertex 6.93503 0.944468 21.4135
      vertex 6.94011 0.913683 25.5674
      vertex 6.94011 0.913683 21.4326
    endloop
  endfacet
  facet normal 0.935907 0.352248 0
    outer loop
      vertex 6.62851 2.25008 89.98
      vertex 6.46716 2.67878 0
      vertex 6.46716 2.67878 89.98
    endloop
  endfacet
  facet normal 0.935907 0.352248 0
    outer loop
      vertex 6.46716 2.67878 0
      vertex 6.62851 2.25008 89.98
      vertex 6.62851 2.25008 0
    endloop
  endfacet
  facet normal 0.956942 0.290281 0
    outer loop
      vertex 6.76148 1.81173 89.98
      vertex 6.62851 2.25008 0
      vertex 6.62851 2.25008 89.98
    endloop
  endfacet
  facet normal 0.956942 0.290281 0
    outer loop
      vertex 6.62851 2.25008 0
      vertex 6.76148 1.81173 89.98
      vertex 6.76148 1.81173 0
    endloop
  endfacet
  facet normal 0.729869 0.683587 0
    outer loop
      vertex 5.26288 4.61542 89.98
      vertex 4.94975 4.94975 0
      vertex 4.94975 4.94975 89.98
    endloop
  endfacet
  facet normal 0.729869 0.683587 0
    outer loop
      vertex 4.94975 4.94975 0
      vertex 5.26288 4.61542 89.98
      vertex 5.26288 4.61542 0
    endloop
  endfacet
  facet normal 0.849202 0.528069 0
    outer loop
      vertex 6.06218 3.5 89.98
      vertex 5.82029 3.88899 0
      vertex 5.82029 3.88899 89.98
    endloop
  endfacet
  facet normal 0.849202 0.528069 0
    outer loop
      vertex 5.82029 3.88899 0
      vertex 6.06218 3.5 89.98
      vertex 6.06218 3.5 0
    endloop
  endfacet
  facet normal 0.290281 0.956942 -0
    outer loop
      vertex 2.25008 6.62851 0
      vertex 1.81173 6.76148 89.98
      vertex 2.25008 6.62851 89.98
    endloop
  endfacet
  facet normal 0.290281 0.956942 0
    outer loop
      vertex 1.81173 6.76148 89.98
      vertex 2.25008 6.62851 0
      vertex 1.81173 6.76148 0
    endloop
  endfacet
  facet normal 0.352248 0.935907 -0
    outer loop
      vertex 2.67878 6.46716 0
      vertex 2.25008 6.62851 89.98
      vertex 2.67878 6.46716 89.98
    endloop
  endfacet
  facet normal 0.352248 0.935907 0
    outer loop
      vertex 2.25008 6.62851 89.98
      vertex 2.67878 6.46716 0
      vertex 2.25008 6.62851 0
    endloop
  endfacet
  facet normal 0.0980206 0.995184 -0
    outer loop
      vertex 0.913683 6.94011 0
      vertex 0.457822 6.98501 89.98
      vertex 0.913683 6.94011 89.98
    endloop
  endfacet
  facet normal 0.0980206 0.995184 0
    outer loop
      vertex 0.457822 6.98501 89.98
      vertex 0.913683 6.94011 0
      vertex 0.457822 6.98501 0
    endloop
  endfacet
  facet normal 0.634388 0.773015 -0
    outer loop
      vertex 4.61542 5.26288 0
      vertex 4.26133 5.55347 89.98
      vertex 4.61542 5.26288 89.98
    endloop
  endfacet
  facet normal 0.634388 0.773015 0
    outer loop
      vertex 4.26133 5.55347 89.98
      vertex 4.61542 5.26288 0
      vertex 4.26133 5.55347 0
    endloop
  endfacet
  facet normal -0.773015 0.634388 0
    outer loop
      vertex -5.55347 4.26133 0
      vertex -5.26288 4.61542 89.98
      vertex -5.26288 4.61542 0
    endloop
  endfacet
  facet normal -0.773015 0.634388 0
    outer loop
      vertex -5.26288 4.61542 89.98
      vertex -5.55347 4.26133 0
      vertex -5.55347 4.26133 89.98
    endloop
  endfacet
  facet normal -0.881923 0.471394 0
    outer loop
      vertex -6.27811 3.09602 0
      vertex -6.06218 3.5 89.98
      vertex -6.06218 3.5 0
    endloop
  endfacet
  facet normal -0.881923 0.471394 0
    outer loop
      vertex -6.06218 3.5 89.98
      vertex -6.27811 3.09602 0
      vertex -6.27811 3.09602 89.98
    endloop
  endfacet
  facet normal -0.956942 0.290281 0
    outer loop
      vertex -6.76148 1.81173 0
      vertex -6.62851 2.25008 89.98
      vertex -6.62851 2.25008 0
    endloop
  endfacet
  facet normal -0.956942 0.290281 0
    outer loop
      vertex -6.62851 2.25008 89.98
      vertex -6.76148 1.81173 0
      vertex -6.76148 1.81173 89.98
    endloop
  endfacet
  facet normal -0.935907 0.352248 0
    outer loop
      vertex -6.62851 2.25008 0
      vertex -6.46716 2.67878 89.98
      vertex -6.46716 2.67878 0
    endloop
  endfacet
  facet normal -0.935907 0.352248 0
    outer loop
      vertex -6.46716 2.67878 89.98
      vertex -6.62851 2.25008 0
      vertex -6.62851 2.25008 89.98
    endloop
  endfacet
  facet normal -0.995173 0.0981359 0
    outer loop
      vertex -6.94011 0.913683 0
      vertex -6.94639 0.849999 4.52776
      vertex -6.94011 0.913683 4.56736
    endloop
  endfacet
  facet normal -0.995187 0.0979892 -2.08371e-06
    outer loop
      vertex -6.94011 0.913683 0
      vertex -6.95605 0.75189 4.47532
      vertex -6.94639 0.849999 4.52776
    endloop
  endfacet
  facet normal -0.995185 0.0980173 -1.05826e-06
    outer loop
      vertex -6.94011 0.913683 0
      vertex -6.96603 0.650561 4.4294
      vertex -6.95605 0.75189 4.47532
    endloop
  endfacet
  facet normal -0.995189 0.0979774 -3.44987e-06
    outer loop
      vertex -6.94011 0.913683 0
      vertex -6.97628 0.546447 4.39022
      vertex -6.96603 0.650561 4.4294
    endloop
  endfacet
  facet normal -0.995184 0.0980206 0
    outer loop
      vertex -6.98501 0.457822 4.36333
      vertex -6.94011 0.913683 0
      vertex -6.98501 0.457822 0
    endloop
  endfacet
  facet normal -0.995183 0.0980302 1.00783e-06
    outer loop
      vertex -6.94011 0.913683 0
      vertex -6.98501 0.457822 4.36333
      vertex -6.97628 0.546447 4.39022
    endloop
  endfacet
  facet normal -0.995173 0.0981359 0
    outer loop
      vertex -6.94639 0.849999 28.4722
      vertex -6.94011 0.913683 89.98
      vertex -6.94011 0.913683 28.4326
    endloop
  endfacet
  facet normal -0.995188 0.0979882 1.54455e-07
    outer loop
      vertex -6.95605 0.75189 28.5247
      vertex -6.94011 0.913683 89.98
      vertex -6.94639 0.849999 28.4722
    endloop
  endfacet
  facet normal -0.995185 0.0980168 7.8234e-08
    outer loop
      vertex -6.96603 0.650561 28.5706
      vertex -6.94011 0.913683 89.98
      vertex -6.95605 0.75189 28.5247
    endloop
  endfacet
  facet normal -0.995189 0.0979762 2.53989e-07
    outer loop
      vertex -6.97628 0.546447 28.6098
      vertex -6.94011 0.913683 89.98
      vertex -6.96603 0.650561 28.5706
    endloop
  endfacet
  facet normal -0.995183 0.0980305 -7.37929e-08
    outer loop
      vertex -6.98501 0.457822 28.6367
      vertex -6.94011 0.913683 89.98
      vertex -6.97628 0.546447 28.6098
    endloop
  endfacet
  facet normal -0.995184 0.0980206 0
    outer loop
      vertex -6.94011 0.913683 89.98
      vertex -6.98501 0.457822 28.6367
      vertex -6.98501 0.457822 89.98
    endloop
  endfacet
  facet normal -0.995173 0.0981359 0
    outer loop
      vertex -6.94639 0.849999 7.47224
      vertex -6.94011 0.913683 11.5674
      vertex -6.94011 0.913683 7.43264
    endloop
  endfacet
  facet normal -0.995173 0.0981359 0
    outer loop
      vertex -6.94639 0.849999 7.47224
      vertex -6.94639 0.849999 11.5278
      vertex -6.94011 0.913683 11.5674
    endloop
  endfacet
  facet normal -0.995188 0.0979881 0
    outer loop
      vertex -6.95605 0.75189 7.52468
      vertex -6.94639 0.849999 11.5278
      vertex -6.94639 0.849999 7.47224
    endloop
  endfacet
  facet normal -0.995188 0.0979881 0
    outer loop
      vertex -6.95605 0.75189 7.52468
      vertex -6.95605 0.75189 11.4753
      vertex -6.94639 0.849999 11.5278
    endloop
  endfacet
  facet normal -0.995185 0.0980168 0
    outer loop
      vertex -6.96603 0.650561 7.57059
      vertex -6.95605 0.75189 11.4753
      vertex -6.95605 0.75189 7.52468
    endloop
  endfacet
  facet normal -0.995185 0.0980168 0
    outer loop
      vertex -6.96603 0.650561 7.57059
      vertex -6.96603 0.650561 11.4294
      vertex -6.95605 0.75189 11.4753
    endloop
  endfacet
  facet normal -0.995189 0.0979761 0
    outer loop
      vertex -6.97628 0.546447 7.60978
      vertex -6.96603 0.650561 11.4294
      vertex -6.96603 0.650561 7.57059
    endloop
  endfacet
  facet normal -0.995189 0.0979761 0
    outer loop
      vertex -6.97628 0.546447 7.60978
      vertex -6.97628 0.546447 11.3902
      vertex -6.96603 0.650561 11.4294
    endloop
  endfacet
  facet normal -0.995183 0.0980305 0
    outer loop
      vertex -6.98501 0.457822 7.63666
      vertex -6.97628 0.546447 11.3902
      vertex -6.97628 0.546447 7.60978
    endloop
  endfacet
  facet normal -0.995183 0.0980305 0
    outer loop
      vertex -6.97628 0.546447 11.3902
      vertex -6.98501 0.457822 7.63666
      vertex -6.98501 0.457822 11.3633
    endloop
  endfacet
  facet normal -0.995173 0.0981359 0
    outer loop
      vertex -6.94639 0.849999 14.4722
      vertex -6.94011 0.913683 18.5674
      vertex -6.94011 0.913683 14.4326
    endloop
  endfacet
  facet normal -0.995173 0.0981359 0
    outer loop
      vertex -6.94639 0.849999 14.4722
      vertex -6.94639 0.849999 18.5278
      vertex -6.94011 0.913683 18.5674
    endloop
  endfacet
  facet normal -0.995188 0.0979881 0
    outer loop
      vertex -6.95605 0.75189 14.5247
      vertex -6.94639 0.849999 18.5278
      vertex -6.94639 0.849999 14.4722
    endloop
  endfacet
  facet normal -0.995188 0.0979881 0
    outer loop
      vertex -6.95605 0.75189 14.5247
      vertex -6.95605 0.75189 18.4753
      vertex -6.94639 0.849999 18.5278
    endloop
  endfacet
  facet normal -0.995185 0.0980168 0
    outer loop
      vertex -6.96603 0.650561 14.5706
      vertex -6.95605 0.75189 18.4753
      vertex -6.95605 0.75189 14.5247
    endloop
  endfacet
  facet normal -0.995185 0.0980168 0
    outer loop
      vertex -6.96603 0.650561 14.5706
      vertex -6.96603 0.650561 18.4294
      vertex -6.95605 0.75189 18.4753
    endloop
  endfacet
  facet normal -0.995189 0.0979761 0
    outer loop
      vertex -6.97628 0.546447 14.6098
      vertex -6.96603 0.650561 18.4294
      vertex -6.96603 0.650561 14.5706
    endloop
  endfacet
  facet normal -0.995189 0.0979761 0
    outer loop
      vertex -6.97628 0.546447 14.6098
      vertex -6.97628 0.546447 18.3902
      vertex -6.96603 0.650561 18.4294
    endloop
  endfacet
  facet normal -0.995183 0.0980305 0
    outer loop
      vertex -6.98501 0.457822 14.6367
      vertex -6.97628 0.546447 18.3902
      vertex -6.97628 0.546447 14.6098
    endloop
  endfacet
  facet normal -0.995183 0.0980305 0
    outer loop
      vertex -6.97628 0.546447 18.3902
      vertex -6.98501 0.457822 14.6367
      vertex -6.98501 0.457822 18.3633
    endloop
  endfacet
  facet normal -0.995173 0.0981359 0
    outer loop
      vertex -6.94639 0.849999 21.4722
      vertex -6.94011 0.913683 25.5674
      vertex -6.94011 0.913683 21.4326
    endloop
  endfacet
  facet normal -0.995173 0.0981359 0
    outer loop
      vertex -6.94639 0.849999 21.4722
      vertex -6.94639 0.849999 25.5278
      vertex -6.94011 0.913683 25.5674
    endloop
  endfacet
  facet normal -0.995188 0.0979881 0
    outer loop
      vertex -6.95605 0.75189 21.5247
      vertex -6.94639 0.849999 25.5278
      vertex -6.94639 0.849999 21.4722
    endloop
  endfacet
  facet normal -0.995188 0.0979881 0
    outer loop
      vertex -6.95605 0.75189 21.5247
      vertex -6.95605 0.75189 25.4753
      vertex -6.94639 0.849999 25.5278
    endloop
  endfacet
  facet normal -0.995185 0.0980168 0
    outer loop
      vertex -6.96603 0.650561 21.5706
      vertex -6.95605 0.75189 25.4753
      vertex -6.95605 0.75189 21.5247
    endloop
  endfacet
  facet normal -0.995185 0.0980168 0
    outer loop
      vertex -6.96603 0.650561 21.5706
      vertex -6.96603 0.650561 25.4294
      vertex -6.95605 0.75189 25.4753
    endloop
  endfacet
  facet normal -0.995189 0.0979761 0
    outer loop
      vertex -6.97628 0.546447 21.6098
      vertex -6.96603 0.650561 25.4294
      vertex -6.96603 0.650561 21.5706
    endloop
  endfacet
  facet normal -0.995189 0.0979761 0
    outer loop
      vertex -6.97628 0.546447 21.6098
      vertex -6.97628 0.546447 25.3902
      vertex -6.96603 0.650561 25.4294
    endloop
  endfacet
  facet normal -0.995183 0.0980305 0
    outer loop
      vertex -6.98501 0.457822 21.6367
      vertex -6.97628 0.546447 25.3902
      vertex -6.97628 0.546447 21.6098
    endloop
  endfacet
  facet normal -0.995183 0.0980305 0
    outer loop
      vertex -6.97628 0.546447 25.3902
      vertex -6.98501 0.457822 21.6367
      vertex -6.98501 0.457822 25.3633
    endloop
  endfacet
  facet normal -0.471394 0.881923 0
    outer loop
      vertex -3.09602 6.27811 0
      vertex -3.5 6.06218 89.98
      vertex -3.09602 6.27811 89.98
    endloop
  endfacet
  facet normal -0.471394 0.881923 0
    outer loop
      vertex -3.5 6.06218 89.98
      vertex -3.09602 6.27811 0
      vertex -3.5 6.06218 0
    endloop
  endfacet
  facet normal -0.412709 0.910863 0
    outer loop
      vertex -2.67878 6.46716 0
      vertex -3.09602 6.27811 89.98
      vertex -2.67878 6.46716 89.98
    endloop
  endfacet
  facet normal -0.412709 0.910863 0
    outer loop
      vertex -3.09602 6.27811 89.98
      vertex -2.67878 6.46716 0
      vertex -3.09602 6.27811 0
    endloop
  endfacet
  facet normal -0.582485 0.812842 0
    outer loop
      vertex -3.88899 5.82029 0
      vertex -4.26133 5.55347 89.98
      vertex -3.88899 5.82029 89.98
    endloop
  endfacet
  facet normal -0.582485 0.812842 0
    outer loop
      vertex -4.26133 5.55347 89.98
      vertex -3.88899 5.82029 0
      vertex -4.26133 5.55347 0
    endloop
  endfacet
  facet normal -0.634388 0.773015 0
    outer loop
      vertex -4.26133 5.55347 0
      vertex -4.61542 5.26288 89.98
      vertex -4.26133 5.55347 89.98
    endloop
  endfacet
  facet normal -0.634388 0.773015 0
    outer loop
      vertex -4.61542 5.26288 89.98
      vertex -4.26133 5.55347 0
      vertex -4.61542 5.26288 0
    endloop
  endfacet
  facet normal -0.290281 0.956942 0
    outer loop
      vertex -1.81173 6.76148 0
      vertex -2.25008 6.62851 89.98
      vertex -1.81173 6.76148 89.98
    endloop
  endfacet
  facet normal -0.290281 0.956942 0
    outer loop
      vertex -2.25008 6.62851 89.98
      vertex -1.81173 6.76148 0
      vertex -2.25008 6.62851 0
    endloop
  endfacet
  facet normal -0.0327244 0.999464 0
    outer loop
      vertex 0 7 0
      vertex -0.457822 6.98501 89.98
      vertex 0 7 89.98
    endloop
  endfacet
  facet normal -0.0327244 0.999464 0
    outer loop
      vertex -0.457822 6.98501 89.98
      vertex 0 7 0
      vertex -0.457822 6.98501 0
    endloop
  endfacet
  facet normal 0.0327244 -0.999464 0
    outer loop
      vertex 0 -7 0
      vertex 0.457822 -6.98501 89.98
      vertex 0 -7 89.98
    endloop
  endfacet
  facet normal 0.0327244 -0.999464 0
    outer loop
      vertex 0.457822 -6.98501 89.98
      vertex 0 -7 0
      vertex 0.457822 -6.98501 0
    endloop
  endfacet
  facet normal 0.162881 -0.986646 0
    outer loop
      vertex 0.913683 -6.94011 0
      vertex 1.36563 -6.8655 89.98
      vertex 0.913683 -6.94011 89.98
    endloop
  endfacet
  facet normal 0.162881 -0.986646 0
    outer loop
      vertex 1.36563 -6.8655 89.98
      vertex 0.913683 -6.94011 0
      vertex 1.36563 -6.8655 0
    endloop
  endfacet
  facet normal 0.290281 -0.956942 0
    outer loop
      vertex 1.81173 -6.76148 0
      vertex 2.25008 -6.62851 89.98
      vertex 1.81173 -6.76148 89.98
    endloop
  endfacet
  facet normal 0.290281 -0.956942 0
    outer loop
      vertex 2.25008 -6.62851 89.98
      vertex 1.81173 -6.76148 0
      vertex 2.25008 -6.62851 0
    endloop
  endfacet
  facet normal 0.582485 -0.812842 0
    outer loop
      vertex 3.88899 -5.82029 0
      vertex 4.26133 -5.55347 89.98
      vertex 3.88899 -5.82029 89.98
    endloop
  endfacet
  facet normal 0.582485 -0.812842 0
    outer loop
      vertex 4.26133 -5.55347 89.98
      vertex 3.88899 -5.82029 0
      vertex 4.26133 -5.55347 0
    endloop
  endfacet
  facet normal 0.683587 -0.729869 0
    outer loop
      vertex 4.61542 -5.26288 0
      vertex 4.94975 -4.94975 89.98
      vertex 4.61542 -5.26288 89.98
    endloop
  endfacet
  facet normal 0.683587 -0.729869 0
    outer loop
      vertex 4.94975 -4.94975 89.98
      vertex 4.61542 -5.26288 0
      vertex 4.94975 -4.94975 0
    endloop
  endfacet
  facet normal 0.528069 -0.849202 0
    outer loop
      vertex 3.5 -6.06218 0
      vertex 3.88899 -5.82029 89.98
      vertex 3.5 -6.06218 89.98
    endloop
  endfacet
  facet normal 0.528069 -0.849202 0
    outer loop
      vertex 3.88899 -5.82029 89.98
      vertex 3.5 -6.06218 0
      vertex 3.88899 -5.82029 0
    endloop
  endfacet
  facet normal 0.412709 -0.910863 0
    outer loop
      vertex 2.67878 -6.46716 0
      vertex 3.09602 -6.27811 89.98
      vertex 2.67878 -6.46716 89.98
    endloop
  endfacet
  facet normal 0.412709 -0.910863 0
    outer loop
      vertex 3.09602 -6.27811 89.98
      vertex 2.67878 -6.46716 0
      vertex 3.09602 -6.27811 0
    endloop
  endfacet
  facet normal 0.773015 -0.634388 0
    outer loop
      vertex 5.26288 -4.61542 89.98
      vertex 5.55347 -4.26133 0
      vertex 5.55347 -4.26133 89.98
    endloop
  endfacet
  facet normal 0.773015 -0.634388 0
    outer loop
      vertex 5.55347 -4.26133 0
      vertex 5.26288 -4.61542 89.98
      vertex 5.26288 -4.61542 0
    endloop
  endfacet
  facet normal 0.849202 -0.528069 0
    outer loop
      vertex 5.82029 -3.88899 89.98
      vertex 6.06218 -3.5 0
      vertex 6.06218 -3.5 89.98
    endloop
  endfacet
  facet normal 0.849202 -0.528069 0
    outer loop
      vertex 6.06218 -3.5 0
      vertex 5.82029 -3.88899 89.98
      vertex 5.82029 -3.88899 0
    endloop
  endfacet
  facet normal 0.881923 -0.471394 0
    outer loop
      vertex 6.06218 -3.5 89.98
      vertex 6.27811 -3.09602 0
      vertex 6.27811 -3.09602 89.98
    endloop
  endfacet
  facet normal 0.881923 -0.471394 0
    outer loop
      vertex 6.27811 -3.09602 0
      vertex 6.06218 -3.5 89.98
      vertex 6.06218 -3.5 0
    endloop
  endfacet
  facet normal 0.956942 -0.290281 0
    outer loop
      vertex 6.62851 -2.25008 89.98
      vertex 6.76148 -1.81173 0
      vertex 6.76148 -1.81173 89.98
    endloop
  endfacet
  facet normal 0.956942 -0.290281 0
    outer loop
      vertex 6.76148 -1.81173 0
      vertex 6.62851 -2.25008 89.98
      vertex 6.62851 -2.25008 0
    endloop
  endfacet
  facet normal 0.995183 -0.0980302 1.00783e-06
    outer loop
      vertex 6.94011 -0.913683 0
      vertex 6.98501 -0.457822 4.36333
      vertex 6.97628 -0.546447 4.39022
    endloop
  endfacet
  facet normal 0.995189 -0.0979774 -3.44987e-06
    outer loop
      vertex 6.94011 -0.913683 0
      vertex 6.97628 -0.546447 4.39022
      vertex 6.96603 -0.650561 4.4294
    endloop
  endfacet
  facet normal 0.995185 -0.0980173 -1.05826e-06
    outer loop
      vertex 6.94011 -0.913683 0
      vertex 6.96603 -0.650561 4.4294
      vertex 6.95605 -0.75189 4.47532
    endloop
  endfacet
  facet normal 0.995187 -0.0979892 -2.08371e-06
    outer loop
      vertex 6.94011 -0.913683 0
      vertex 6.95605 -0.75189 4.47532
      vertex 6.94639 -0.849999 4.52776
    endloop
  endfacet
  facet normal 0.995173 -0.0981359 0
    outer loop
      vertex 6.94011 -0.913683 0
      vertex 6.94639 -0.849999 4.52776
      vertex 6.94011 -0.913683 4.56736
    endloop
  endfacet
  facet normal 0.995184 -0.0980206 0
    outer loop
      vertex 6.98501 -0.457822 4.36333
      vertex 6.94011 -0.913683 0
      vertex 6.98501 -0.457822 0
    endloop
  endfacet
  facet normal 0.995184 -0.0980206 0
    outer loop
      vertex 6.94011 -0.913683 89.98
      vertex 6.98501 -0.457822 28.6367
      vertex 6.98501 -0.457822 89.98
    endloop
  endfacet
  facet normal 0.995183 -0.0980305 -7.37929e-08
    outer loop
      vertex 6.98501 -0.457822 28.6367
      vertex 6.94011 -0.913683 89.98
      vertex 6.97628 -0.546447 28.6098
    endloop
  endfacet
  facet normal 0.995189 -0.0979762 2.53989e-07
    outer loop
      vertex 6.97628 -0.546447 28.6098
      vertex 6.94011 -0.913683 89.98
      vertex 6.96603 -0.650561 28.5706
    endloop
  endfacet
  facet normal 0.995185 -0.0980168 7.8234e-08
    outer loop
      vertex 6.96603 -0.650561 28.5706
      vertex 6.94011 -0.913683 89.98
      vertex 6.95605 -0.75189 28.5247
    endloop
  endfacet
  facet normal 0.995188 -0.0979882 1.54455e-07
    outer loop
      vertex 6.95605 -0.75189 28.5247
      vertex 6.94011 -0.913683 89.98
      vertex 6.94639 -0.849999 28.4722
    endloop
  endfacet
  facet normal 0.995173 -0.0981359 0
    outer loop
      vertex 6.94639 -0.849999 28.4722
      vertex 6.94011 -0.913683 89.98
      vertex 6.94011 -0.913683 28.4326
    endloop
  endfacet
  facet normal 0.995183 -0.0980305 0
    outer loop
      vertex 6.97628 -0.546447 11.3902
      vertex 6.98501 -0.457822 7.63666
      vertex 6.98501 -0.457822 11.3633
    endloop
  endfacet
  facet normal 0.995183 -0.0980305 0
    outer loop
      vertex 6.97628 -0.546447 11.3902
      vertex 6.97628 -0.546447 7.60978
      vertex 6.98501 -0.457822 7.63666
    endloop
  endfacet
  facet normal 0.995189 -0.0979761 0
    outer loop
      vertex 6.96603 -0.650561 11.4294
      vertex 6.97628 -0.546447 7.60978
      vertex 6.97628 -0.546447 11.3902
    endloop
  endfacet
  facet normal 0.995189 -0.0979761 0
    outer loop
      vertex 6.96603 -0.650561 11.4294
      vertex 6.96603 -0.650561 7.57059
      vertex 6.97628 -0.546447 7.60978
    endloop
  endfacet
  facet normal 0.995185 -0.0980168 0
    outer loop
      vertex 6.95605 -0.75189 11.4753
      vertex 6.96603 -0.650561 7.57059
      vertex 6.96603 -0.650561 11.4294
    endloop
  endfacet
  facet normal 0.995185 -0.0980168 0
    outer loop
      vertex 6.95605 -0.75189 11.4753
      vertex 6.95605 -0.75189 7.52468
      vertex 6.96603 -0.650561 7.57059
    endloop
  endfacet
  facet normal 0.995188 -0.0979881 0
    outer loop
      vertex 6.94639 -0.849999 11.5278
      vertex 6.95605 -0.75189 7.52468
      vertex 6.95605 -0.75189 11.4753
    endloop
  endfacet
  facet normal 0.995188 -0.0979881 0
    outer loop
      vertex 6.94639 -0.849999 11.5278
      vertex 6.94639 -0.849999 7.47224
      vertex 6.95605 -0.75189 7.52468
    endloop
  endfacet
  facet normal 0.995173 -0.0981359 0
    outer loop
      vertex 6.94011 -0.913683 11.5674
      vertex 6.94639 -0.849999 7.47224
      vertex 6.94639 -0.849999 11.5278
    endloop
  endfacet
  facet normal 0.995173 -0.0981359 0
    outer loop
      vertex 6.94639 -0.849999 7.47224
      vertex 6.94011 -0.913683 11.5674
      vertex 6.94011 -0.913683 7.43264
    endloop
  endfacet
  facet normal 0.995183 -0.0980305 0
    outer loop
      vertex 6.97628 -0.546447 18.3902
      vertex 6.98501 -0.457822 14.6367
      vertex 6.98501 -0.457822 18.3633
    endloop
  endfacet
  facet normal 0.995183 -0.0980305 0
    outer loop
      vertex 6.97628 -0.546447 18.3902
      vertex 6.97628 -0.546447 14.6098
      vertex 6.98501 -0.457822 14.6367
    endloop
  endfacet
  facet normal 0.995189 -0.0979761 0
    outer loop
      vertex 6.96603 -0.650561 18.4294
      vertex 6.97628 -0.546447 14.6098
      vertex 6.97628 -0.546447 18.3902
    endloop
  endfacet
  facet normal 0.995189 -0.0979761 0
    outer loop
      vertex 6.96603 -0.650561 18.4294
      vertex 6.96603 -0.650561 14.5706
      vertex 6.97628 -0.546447 14.6098
    endloop
  endfacet
  facet normal 0.995185 -0.0980168 0
    outer loop
      vertex 6.95605 -0.75189 18.4753
      vertex 6.96603 -0.650561 14.5706
      vertex 6.96603 -0.650561 18.4294
    endloop
  endfacet
  facet normal 0.995185 -0.0980168 0
    outer loop
      vertex 6.95605 -0.75189 18.4753
      vertex 6.95605 -0.75189 14.5247
      vertex 6.96603 -0.650561 14.5706
    endloop
  endfacet
  facet normal 0.995188 -0.0979881 0
    outer loop
      vertex 6.94639 -0.849999 18.5278
      vertex 6.95605 -0.75189 14.5247
      vertex 6.95605 -0.75189 18.4753
    endloop
  endfacet
  facet normal 0.995188 -0.0979881 0
    outer loop
      vertex 6.94639 -0.849999 18.5278
      vertex 6.94639 -0.849999 14.4722
      vertex 6.95605 -0.75189 14.5247
    endloop
  endfacet
  facet normal 0.995173 -0.0981359 0
    outer loop
      vertex 6.94011 -0.913683 18.5674
      vertex 6.94639 -0.849999 14.4722
      vertex 6.94639 -0.849999 18.5278
    endloop
  endfacet
  facet normal 0.995173 -0.0981359 0
    outer loop
      vertex 6.94639 -0.849999 14.4722
      vertex 6.94011 -0.913683 18.5674
      vertex 6.94011 -0.913683 14.4326
    endloop
  endfacet
  facet normal 0.995183 -0.0980305 0
    outer loop
      vertex 6.97628 -0.546447 25.3902
      vertex 6.98501 -0.457822 21.6367
      vertex 6.98501 -0.457822 25.3633
    endloop
  endfacet
  facet normal 0.995183 -0.0980305 0
    outer loop
      vertex 6.97628 -0.546447 25.3902
      vertex 6.97628 -0.546447 21.6098
      vertex 6.98501 -0.457822 21.6367
    endloop
  endfacet
  facet normal 0.995189 -0.0979761 0
    outer loop
      vertex 6.96603 -0.650561 25.4294
      vertex 6.97628 -0.546447 21.6098
      vertex 6.97628 -0.546447 25.3902
    endloop
  endfacet
  facet normal 0.995189 -0.0979761 0
    outer loop
      vertex 6.96603 -0.650561 25.4294
      vertex 6.96603 -0.650561 21.5706
      vertex 6.97628 -0.546447 21.6098
    endloop
  endfacet
  facet normal 0.995185 -0.0980168 0
    outer loop
      vertex 6.95605 -0.75189 25.4753
      vertex 6.96603 -0.650561 21.5706
      vertex 6.96603 -0.650561 25.4294
    endloop
  endfacet
  facet normal 0.995185 -0.0980168 0
    outer loop
      vertex 6.95605 -0.75189 25.4753
      vertex 6.95605 -0.75189 21.5247
      vertex 6.96603 -0.650561 21.5706
    endloop
  endfacet
  facet normal 0.995188 -0.0979881 0
    outer loop
      vertex 6.94639 -0.849999 25.5278
      vertex 6.95605 -0.75189 21.5247
      vertex 6.95605 -0.75189 25.4753
    endloop
  endfacet
  facet normal 0.995188 -0.0979881 0
    outer loop
      vertex 6.94639 -0.849999 25.5278
      vertex 6.94639 -0.849999 21.4722
      vertex 6.95605 -0.75189 21.5247
    endloop
  endfacet
  facet normal 0.995173 -0.0981359 0
    outer loop
      vertex 6.94011 -0.913683 25.5674
      vertex 6.94639 -0.849999 21.4722
      vertex 6.94639 -0.849999 25.5278
    endloop
  endfacet
  facet normal 0.995173 -0.0981359 0
    outer loop
      vertex 6.94639 -0.849999 21.4722
      vertex 6.94011 -0.913683 25.5674
      vertex 6.94011 -0.913683 21.4326
    endloop
  endfacet
  facet normal -0.634388 -0.773015 0
    outer loop
      vertex -4.61542 -5.26288 0
      vertex -4.26133 -5.55347 89.98
      vertex -4.61542 -5.26288 89.98
    endloop
  endfacet
  facet normal -0.634388 -0.773015 -0
    outer loop
      vertex -4.26133 -5.55347 89.98
      vertex -4.61542 -5.26288 0
      vertex -4.26133 -5.55347 0
    endloop
  endfacet
  facet normal -0.471394 -0.881923 0
    outer loop
      vertex -3.5 -6.06218 0
      vertex -3.09602 -6.27811 89.98
      vertex -3.5 -6.06218 89.98
    endloop
  endfacet
  facet normal -0.471394 -0.881923 -0
    outer loop
      vertex -3.09602 -6.27811 89.98
      vertex -3.5 -6.06218 0
      vertex -3.09602 -6.27811 0
    endloop
  endfacet
  facet normal -0.352248 -0.935907 0
    outer loop
      vertex -2.67878 -6.46716 0
      vertex -2.25008 -6.62851 89.98
      vertex -2.67878 -6.46716 89.98
    endloop
  endfacet
  facet normal -0.352248 -0.935907 -0
    outer loop
      vertex -2.25008 -6.62851 89.98
      vertex -2.67878 -6.46716 0
      vertex -2.25008 -6.62851 0
    endloop
  endfacet
  facet normal -0.227085 -0.973875 0
    outer loop
      vertex -1.81173 -6.76148 0
      vertex -1.36563 -6.8655 89.98
      vertex -1.81173 -6.76148 89.98
    endloop
  endfacet
  facet normal -0.227085 -0.973875 -0
    outer loop
      vertex -1.36563 -6.8655 89.98
      vertex -1.81173 -6.76148 0
      vertex -1.36563 -6.8655 0
    endloop
  endfacet
  facet normal -0.0980206 -0.995184 0
    outer loop
      vertex -0.913683 -6.94011 0
      vertex -0.457822 -6.98501 89.98
      vertex -0.913683 -6.94011 89.98
    endloop
  endfacet
  facet normal -0.0980206 -0.995184 -0
    outer loop
      vertex -0.457822 -6.98501 89.98
      vertex -0.913683 -6.94011 0
      vertex -0.457822 -6.98501 0
    endloop
  endfacet
  facet normal -0.910863 -0.412709 0
    outer loop
      vertex -6.27811 -3.09602 0
      vertex -6.46716 -2.67878 89.98
      vertex -6.46716 -2.67878 0
    endloop
  endfacet
  facet normal -0.910863 -0.412709 0
    outer loop
      vertex -6.46716 -2.67878 89.98
      vertex -6.27811 -3.09602 0
      vertex -6.27811 -3.09602 89.98
    endloop
  endfacet
  facet normal -0.849202 -0.528069 0
    outer loop
      vertex -5.82029 -3.88899 0
      vertex -6.06218 -3.5 89.98
      vertex -6.06218 -3.5 0
    endloop
  endfacet
  facet normal -0.849202 -0.528069 0
    outer loop
      vertex -6.06218 -3.5 89.98
      vertex -5.82029 -3.88899 0
      vertex -5.82029 -3.88899 89.98
    endloop
  endfacet
  facet normal -0.773015 -0.634388 0
    outer loop
      vertex -5.26288 -4.61542 0
      vertex -5.55347 -4.26133 89.98
      vertex -5.55347 -4.26133 0
    endloop
  endfacet
  facet normal -0.773015 -0.634388 0
    outer loop
      vertex -5.55347 -4.26133 89.98
      vertex -5.26288 -4.61542 0
      vertex -5.26288 -4.61542 89.98
    endloop
  endfacet
  facet normal -0.812842 -0.582485 0
    outer loop
      vertex -5.55347 -4.26133 0
      vertex -5.82029 -3.88899 89.98
      vertex -5.82029 -3.88899 0
    endloop
  endfacet
  facet normal -0.812842 -0.582485 0
    outer loop
      vertex -5.82029 -3.88899 89.98
      vertex -5.55347 -4.26133 0
      vertex -5.55347 -4.26133 89.98
    endloop
  endfacet
  facet normal -0.729869 -0.683587 0
    outer loop
      vertex -4.94975 -4.94975 0
      vertex -5.26288 -4.61542 89.98
      vertex -5.26288 -4.61542 0
    endloop
  endfacet
  facet normal -0.729869 -0.683587 0
    outer loop
      vertex -5.26288 -4.61542 89.98
      vertex -4.94975 -4.94975 0
      vertex -4.94975 -4.94975 89.98
    endloop
  endfacet
  facet normal -0.956942 -0.290281 0
    outer loop
      vertex -6.62851 -2.25008 0
      vertex -6.76148 -1.81173 89.98
      vertex -6.76148 -1.81173 0
    endloop
  endfacet
  facet normal -0.956942 -0.290281 0
    outer loop
      vertex -6.76148 -1.81173 89.98
      vertex -6.62851 -2.25008 0
      vertex -6.62851 -2.25008 89.98
    endloop
  endfacet
  facet normal -0.986646 -0.162881 0
    outer loop
      vertex -6.8655 -1.36563 0
      vertex -6.94011 -0.913683 4.56736
      vertex -6.94011 -0.913683 0
    endloop
  endfacet
  facet normal -0.986656 -0.162818 -6.46564e-06
    outer loop
      vertex -6.94011 -0.913683 4.56736
      vertex -6.8655 -1.36563 0
      vertex -6.93503 -0.944468 4.5865
    endloop
  endfacet
  facet normal -0.986641 -0.162908 2.02457e-06
    outer loop
      vertex -6.93503 -0.944468 4.5865
      vertex -6.8655 -1.36563 0
      vertex -6.9201 -1.03489 4.6513
    endloop
  endfacet
  facet normal -0.986641 -0.162909 2.11613e-06
    outer loop
      vertex -6.9201 -1.03489 4.6513
      vertex -6.8655 -1.36563 0
      vertex -6.9059 -1.12089 4.72187
    endloop
  endfacet
  facet normal -0.986652 -0.162843 -1.37451e-06
    outer loop
      vertex -6.9059 -1.12089 4.72187
      vertex -6.8655 -1.36563 0
      vertex -6.8925 -1.20208 4.79792
    endloop
  endfacet
  facet normal -0.986635 -0.162945 2.18637e-06
    outer loop
      vertex -6.8925 -1.20208 4.79792
      vertex -6.8655 -1.36563 0
      vertex -6.87994 -1.27813 4.87911
    endloop
  endfacet
  facet normal -0.986646 -0.162879 9.65211e-07
    outer loop
      vertex -6.87994 -1.27813 4.87911
      vertex -6.8655 -1.36563 0
      vertex -6.86829 -1.3487 4.96511
    endloop
  endfacet
  facet normal -0.986692 -0.162603 0
    outer loop
      vertex -6.86829 -1.3487 4.96511
      vertex -6.8655 -1.36563 0
      vertex -6.8655 -1.36563 4.98873
    endloop
  endfacet
  facet normal -0.986657 -0.162814 5.07016e-07
    outer loop
      vertex -6.8655 -1.36563 89.98
      vertex -6.94011 -0.913683 28.4326
      vertex -6.93503 -0.944468 28.4135
    endloop
  endfacet
  facet normal -0.986641 -0.162909 -1.59965e-07
    outer loop
      vertex -6.8655 -1.36563 89.98
      vertex -6.93503 -0.944468 28.4135
      vertex -6.9201 -1.03489 28.3487
    endloop
  endfacet
  facet normal -0.986641 -0.16291 -1.68281e-07
    outer loop
      vertex -6.8655 -1.36563 89.98
      vertex -6.9201 -1.03489 28.3487
      vertex -6.9059 -1.12089 28.2781
    endloop
  endfacet
  facet normal -0.986652 -0.162842 1.09886e-07
    outer loop
      vertex -6.8655 -1.36563 89.98
      vertex -6.9059 -1.12089 28.2781
      vertex -6.8925 -1.20208 28.2021
    endloop
  endfacet
  facet normal -0.986635 -0.162947 -1.75486e-07
    outer loop
      vertex -6.8655 -1.36563 89.98
      vertex -6.8925 -1.20208 28.2021
      vertex -6.87994 -1.27813 28.1209
    endloop
  endfacet
  facet normal -0.986646 -0.16288 -7.76606e-08
    outer loop
      vertex -6.8655 -1.36563 89.98
      vertex -6.87994 -1.27813 28.1209
      vertex -6.86829 -1.3487 28.0349
    endloop
  endfacet
  facet normal -0.986692 -0.162603 -0
    outer loop
      vertex -6.8655 -1.36563 89.98
      vertex -6.86829 -1.3487 28.0349
      vertex -6.8655 -1.36563 28.0113
    endloop
  endfacet
  facet normal -0.986646 -0.162881 0
    outer loop
      vertex -6.94011 -0.913683 28.4326
      vertex -6.8655 -1.36563 89.98
      vertex -6.94011 -0.913683 89.98
    endloop
  endfacet
  facet normal -0.986657 -0.162814 0
    outer loop
      vertex -6.93503 -0.944468 7.4135
      vertex -6.94011 -0.913683 11.5674
      vertex -6.94011 -0.913683 7.43264
    endloop
  endfacet
  facet normal -0.986657 -0.162814 0
    outer loop
      vertex -6.93503 -0.944468 7.4135
      vertex -6.93503 -0.944468 11.5865
      vertex -6.94011 -0.913683 11.5674
    endloop
  endfacet
  facet normal -0.986641 -0.162909 0
    outer loop
      vertex -6.9201 -1.03489 7.3487
      vertex -6.93503 -0.944468 11.5865
      vertex -6.93503 -0.944468 7.4135
    endloop
  endfacet
  facet normal -0.986641 -0.162909 0
    outer loop
      vertex -6.9201 -1.03489 7.3487
      vertex -6.9201 -1.03489 11.6513
      vertex -6.93503 -0.944468 11.5865
    endloop
  endfacet
  facet normal -0.986641 -0.16291 0
    outer loop
      vertex -6.9059 -1.12089 7.27813
      vertex -6.9201 -1.03489 11.6513
      vertex -6.9201 -1.03489 7.3487
    endloop
  endfacet
  facet normal -0.986641 -0.16291 0
    outer loop
      vertex -6.9059 -1.12089 7.27813
      vertex -6.9059 -1.12089 11.7219
      vertex -6.9201 -1.03489 11.6513
    endloop
  endfacet
  facet normal -0.986652 -0.162842 0
    outer loop
      vertex -6.8925 -1.20208 7.20208
      vertex -6.9059 -1.12089 11.7219
      vertex -6.9059 -1.12089 7.27813
    endloop
  endfacet
  facet normal -0.986652 -0.162842 0
    outer loop
      vertex -6.8925 -1.20208 7.20208
      vertex -6.8925 -1.20208 11.7979
      vertex -6.9059 -1.12089 11.7219
    endloop
  endfacet
  facet normal -0.986635 -0.162947 0
    outer loop
      vertex -6.87994 -1.27813 7.12089
      vertex -6.8925 -1.20208 11.7979
      vertex -6.8925 -1.20208 7.20208
    endloop
  endfacet
  facet normal -0.986635 -0.162947 0
    outer loop
      vertex -6.87994 -1.27813 7.12089
      vertex -6.87994 -1.27813 11.8791
      vertex -6.8925 -1.20208 11.7979
    endloop
  endfacet
  facet normal -0.986646 -0.16288 0
    outer loop
      vertex -6.86829 -1.3487 7.03489
      vertex -6.87994 -1.27813 11.8791
      vertex -6.87994 -1.27813 7.12089
    endloop
  endfacet
  facet normal -0.986646 -0.16288 0
    outer loop
      vertex -6.86829 -1.3487 7.03489
      vertex -6.86829 -1.3487 11.9651
      vertex -6.87994 -1.27813 11.8791
    endloop
  endfacet
  facet normal -0.986692 -0.162603 0
    outer loop
      vertex -6.8655 -1.36563 7.01127
      vertex -6.86829 -1.3487 11.9651
      vertex -6.86829 -1.3487 7.03489
    endloop
  endfacet
  facet normal -0.986692 -0.162603 0
    outer loop
      vertex -6.86829 -1.3487 11.9651
      vertex -6.8655 -1.36563 7.01127
      vertex -6.8655 -1.36563 11.9887
    endloop
  endfacet
  facet normal -0.986657 -0.162814 0
    outer loop
      vertex -6.93503 -0.944468 14.4135
      vertex -6.94011 -0.913683 18.5674
      vertex -6.94011 -0.913683 14.4326
    endloop
  endfacet
  facet normal -0.986657 -0.162814 0
    outer loop
      vertex -6.93503 -0.944468 14.4135
      vertex -6.93503 -0.944468 18.5865
      vertex -6.94011 -0.913683 18.5674
    endloop
  endfacet
  facet normal -0.986641 -0.162909 0
    outer loop
      vertex -6.9201 -1.03489 14.3487
      vertex -6.93503 -0.944468 18.5865
      vertex -6.93503 -0.944468 14.4135
    endloop
  endfacet
  facet normal -0.986641 -0.162909 0
    outer loop
      vertex -6.9201 -1.03489 14.3487
      vertex -6.9201 -1.03489 18.6513
      vertex -6.93503 -0.944468 18.5865
    endloop
  endfacet
  facet normal -0.986641 -0.16291 0
    outer loop
      vertex -6.9059 -1.12089 14.2781
      vertex -6.9201 -1.03489 18.6513
      vertex -6.9201 -1.03489 14.3487
    endloop
  endfacet
  facet normal -0.986641 -0.16291 0
    outer loop
      vertex -6.9059 -1.12089 14.2781
      vertex -6.9059 -1.12089 18.7219
      vertex -6.9201 -1.03489 18.6513
    endloop
  endfacet
  facet normal -0.986652 -0.162842 0
    outer loop
      vertex -6.8925 -1.20208 14.2021
      vertex -6.9059 -1.12089 18.7219
      vertex -6.9059 -1.12089 14.2781
    endloop
  endfacet
  facet normal -0.986652 -0.162842 0
    outer loop
      vertex -6.8925 -1.20208 14.2021
      vertex -6.8925 -1.20208 18.7979
      vertex -6.9059 -1.12089 18.7219
    endloop
  endfacet
  facet normal -0.986635 -0.162947 0
    outer loop
      vertex -6.87994 -1.27813 14.1209
      vertex -6.8925 -1.20208 18.7979
      vertex -6.8925 -1.20208 14.2021
    endloop
  endfacet
  facet normal -0.986635 -0.162947 0
    outer loop
      vertex -6.87994 -1.27813 14.1209
      vertex -6.87994 -1.27813 18.8791
      vertex -6.8925 -1.20208 18.7979
    endloop
  endfacet
  facet normal -0.986646 -0.16288 0
    outer loop
      vertex -6.86829 -1.3487 14.0349
      vertex -6.87994 -1.27813 18.8791
      vertex -6.87994 -1.27813 14.1209
    endloop
  endfacet
  facet normal -0.986646 -0.16288 0
    outer loop
      vertex -6.86829 -1.3487 14.0349
      vertex -6.86829 -1.3487 18.9651
      vertex -6.87994 -1.27813 18.8791
    endloop
  endfacet
  facet normal -0.986692 -0.162603 0
    outer loop
      vertex -6.8655 -1.36563 14.0113
      vertex -6.86829 -1.3487 18.9651
      vertex -6.86829 -1.3487 14.0349
    endloop
  endfacet
  facet normal -0.986692 -0.162603 0
    outer loop
      vertex -6.86829 -1.3487 18.9651
      vertex -6.8655 -1.36563 14.0113
      vertex -6.8655 -1.36563 18.9887
    endloop
  endfacet
  facet normal -0.986657 -0.162814 0
    outer loop
      vertex -6.93503 -0.944468 21.4135
      vertex -6.94011 -0.913683 25.5674
      vertex -6.94011 -0.913683 21.4326
    endloop
  endfacet
  facet normal -0.986657 -0.162814 0
    outer loop
      vertex -6.93503 -0.944468 21.4135
      vertex -6.93503 -0.944468 25.5865
      vertex -6.94011 -0.913683 25.5674
    endloop
  endfacet
  facet normal -0.986641 -0.162909 0
    outer loop
      vertex -6.9201 -1.03489 21.3487
      vertex -6.93503 -0.944468 25.5865
      vertex -6.93503 -0.944468 21.4135
    endloop
  endfacet
  facet normal -0.986641 -0.162909 0
    outer loop
      vertex -6.9201 -1.03489 21.3487
      vertex -6.9201 -1.03489 25.6513
      vertex -6.93503 -0.944468 25.5865
    endloop
  endfacet
  facet normal -0.986641 -0.16291 0
    outer loop
      vertex -6.9059 -1.12089 21.2781
      vertex -6.9201 -1.03489 25.6513
      vertex -6.9201 -1.03489 21.3487
    endloop
  endfacet
  facet normal -0.986641 -0.16291 0
    outer loop
      vertex -6.9059 -1.12089 21.2781
      vertex -6.9059 -1.12089 25.7219
      vertex -6.9201 -1.03489 25.6513
    endloop
  endfacet
  facet normal -0.986652 -0.162842 0
    outer loop
      vertex -6.8925 -1.20208 21.2021
      vertex -6.9059 -1.12089 25.7219
      vertex -6.9059 -1.12089 21.2781
    endloop
  endfacet
  facet normal -0.986652 -0.162842 0
    outer loop
      vertex -6.8925 -1.20208 21.2021
      vertex -6.8925 -1.20208 25.7979
      vertex -6.9059 -1.12089 25.7219
    endloop
  endfacet
  facet normal -0.986635 -0.162947 0
    outer loop
      vertex -6.87994 -1.27813 21.1209
      vertex -6.8925 -1.20208 25.7979
      vertex -6.8925 -1.20208 21.2021
    endloop
  endfacet
  facet normal -0.986635 -0.162947 0
    outer loop
      vertex -6.87994 -1.27813 21.1209
      vertex -6.87994 -1.27813 25.8791
      vertex -6.8925 -1.20208 25.7979
    endloop
  endfacet
  facet normal -0.986646 -0.16288 0
    outer loop
      vertex -6.86829 -1.3487 21.0349
      vertex -6.87994 -1.27813 25.8791
      vertex -6.87994 -1.27813 21.1209
    endloop
  endfacet
  facet normal -0.986646 -0.16288 0
    outer loop
      vertex -6.86829 -1.3487 21.0349
      vertex -6.86829 -1.3487 25.9651
      vertex -6.87994 -1.27813 25.8791
    endloop
  endfacet
  facet normal -0.986692 -0.162603 0
    outer loop
      vertex -6.8655 -1.36563 21.0113
      vertex -6.86829 -1.3487 25.9651
      vertex -6.86829 -1.3487 21.0349
    endloop
  endfacet
  facet normal -0.986692 -0.162603 0
    outer loop
      vertex -6.86829 -1.3487 25.9651
      vertex -6.8655 -1.36563 21.0113
      vertex -6.8655 -1.36563 25.9887
    endloop
  endfacet
  facet normal -0.999465 -0.0327207 0
    outer loop
      vertex -7 0 0
      vertex -6.99636 -0.111185 4.30364
      vertex -7 0 4.3
    endloop
  endfacet
  facet normal -0.999464 -0.0327244 -9.69231e-08
    outer loop
      vertex -6.98501 -0.457822 0
      vertex -6.99636 -0.111185 4.30364
      vertex -7 0 0
    endloop
  endfacet
  facet normal -0.999466 -0.0326812 -3.58222e-06
    outer loop
      vertex -6.99636 -0.111185 4.30364
      vertex -6.98501 -0.457822 0
      vertex -6.99274 -0.221894 4.31454
    endloop
  endfacet
  facet normal -0.999463 -0.0327812 1.89029e-06
    outer loop
      vertex -6.99274 -0.221894 4.31454
      vertex -6.98501 -0.457822 0
      vertex -6.98914 -0.331653 4.33266
    endloop
  endfacet
  facet normal -0.999467 -0.0326582 -1.69574e-06
    outer loop
      vertex -6.98914 -0.331653 4.33266
      vertex -6.98501 -0.457822 0
      vertex -6.9856 -0.439992 4.35793
    endloop
  endfacet
  facet normal -0.999453 -0.0330722 0
    outer loop
      vertex -6.9856 -0.439992 4.35793
      vertex -6.98501 -0.457822 0
      vertex -6.98501 -0.457822 4.36333
    endloop
  endfacet
  facet normal -0.999465 -0.0327207 2.80214e-08
    outer loop
      vertex -6.98501 -0.457822 89.98
      vertex -7 0 28.7
      vertex -6.99636 -0.111185 28.6964
    endloop
  endfacet
  facet normal -0.999466 -0.0326809 2.53415e-07
    outer loop
      vertex -6.98501 -0.457822 89.98
      vertex -6.99636 -0.111185 28.6964
      vertex -6.99274 -0.221894 28.6855
    endloop
  endfacet
  facet normal -0.999463 -0.0327815 -1.34173e-07
    outer loop
      vertex -6.98501 -0.457822 89.98
      vertex -6.99274 -0.221894 28.6855
      vertex -6.98914 -0.331653 28.6673
    endloop
  endfacet
  facet normal -0.999467 -0.0326578 1.20586e-07
    outer loop
      vertex -6.98501 -0.457822 89.98
      vertex -6.98914 -0.331653 28.6673
      vertex -6.9856 -0.439992 28.6421
    endloop
  endfacet
  facet normal -0.999453 -0.0330722 -0
    outer loop
      vertex -6.98501 -0.457822 89.98
      vertex -6.9856 -0.439992 28.6421
      vertex -6.98501 -0.457822 28.6367
    endloop
  endfacet
  facet normal -0.999464 -0.0327244 0
    outer loop
      vertex -7 0 28.7
      vertex -6.98501 -0.457822 89.98
      vertex -7 0 89.98
    endloop
  endfacet
  facet normal -0.999465 -0.0327207 0
    outer loop
      vertex -6.99636 -0.111185 7.69636
      vertex -7 0 11.3
      vertex -7 0 7.7
    endloop
  endfacet
  facet normal -0.999465 -0.0327207 0
    outer loop
      vertex -6.99636 -0.111185 7.69636
      vertex -6.99636 -0.111185 11.3036
      vertex -7 0 11.3
    endloop
  endfacet
  facet normal -0.999466 -0.0326809 0
    outer loop
      vertex -6.99274 -0.221894 7.68546
      vertex -6.99636 -0.111185 11.3036
      vertex -6.99636 -0.111185 7.69636
    endloop
  endfacet
  facet normal -0.999466 -0.0326809 0
    outer loop
      vertex -6.99274 -0.221894 7.68546
      vertex -6.99274 -0.221894 11.3145
      vertex -6.99636 -0.111185 11.3036
    endloop
  endfacet
  facet normal -0.999463 -0.0327815 0
    outer loop
      vertex -6.98914 -0.331653 7.66733
      vertex -6.99274 -0.221894 11.3145
      vertex -6.99274 -0.221894 7.68546
    endloop
  endfacet
  facet normal -0.999463 -0.0327815 0
    outer loop
      vertex -6.98914 -0.331653 7.66733
      vertex -6.98914 -0.331653 11.3327
      vertex -6.99274 -0.221894 11.3145
    endloop
  endfacet
  facet normal -0.999467 -0.0326578 0
    outer loop
      vertex -6.9856 -0.439992 7.64207
      vertex -6.98914 -0.331653 11.3327
      vertex -6.98914 -0.331653 7.66733
    endloop
  endfacet
  facet normal -0.999467 -0.0326578 0
    outer loop
      vertex -6.9856 -0.439992 7.64207
      vertex -6.9856 -0.439992 11.3579
      vertex -6.98914 -0.331653 11.3327
    endloop
  endfacet
  facet normal -0.999453 -0.0330722 0
    outer loop
      vertex -6.98501 -0.457822 7.63666
      vertex -6.9856 -0.439992 11.3579
      vertex -6.9856 -0.439992 7.64207
    endloop
  endfacet
  facet normal -0.999453 -0.0330722 0
    outer loop
      vertex -6.9856 -0.439992 11.3579
      vertex -6.98501 -0.457822 7.63666
      vertex -6.98501 -0.457822 11.3633
    endloop
  endfacet
  facet normal -0.999465 -0.0327207 0
    outer loop
      vertex -6.99636 -0.111185 14.6964
      vertex -7 0 18.3
      vertex -7 0 14.7
    endloop
  endfacet
  facet normal -0.999465 -0.0327207 0
    outer loop
      vertex -6.99636 -0.111185 14.6964
      vertex -6.99636 -0.111185 18.3036
      vertex -7 0 18.3
    endloop
  endfacet
  facet normal -0.999466 -0.0326809 0
    outer loop
      vertex -6.99274 -0.221894 14.6855
      vertex -6.99636 -0.111185 18.3036
      vertex -6.99636 -0.111185 14.6964
    endloop
  endfacet
  facet normal -0.999466 -0.0326809 0
    outer loop
      vertex -6.99274 -0.221894 14.6855
      vertex -6.99274 -0.221894 18.3145
      vertex -6.99636 -0.111185 18.3036
    endloop
  endfacet
  facet normal -0.999463 -0.0327815 0
    outer loop
      vertex -6.98914 -0.331653 14.6673
      vertex -6.99274 -0.221894 18.3145
      vertex -6.99274 -0.221894 14.6855
    endloop
  endfacet
  facet normal -0.999463 -0.0327815 0
    outer loop
      vertex -6.98914 -0.331653 14.6673
      vertex -6.98914 -0.331653 18.3327
      vertex -6.99274 -0.221894 18.3145
    endloop
  endfacet
  facet normal -0.999467 -0.0326578 0
    outer loop
      vertex -6.9856 -0.439992 14.6421
      vertex -6.98914 -0.331653 18.3327
      vertex -6.98914 -0.331653 14.6673
    endloop
  endfacet
  facet normal -0.999467 -0.0326578 0
    outer loop
      vertex -6.9856 -0.439992 14.6421
      vertex -6.9856 -0.439992 18.3579
      vertex -6.98914 -0.331653 18.3327
    endloop
  endfacet
  facet normal -0.999453 -0.0330722 0
    outer loop
      vertex -6.98501 -0.457822 14.6367
      vertex -6.9856 -0.439992 18.3579
      vertex -6.9856 -0.439992 14.6421
    endloop
  endfacet
  facet normal -0.999453 -0.0330722 0
    outer loop
      vertex -6.9856 -0.439992 18.3579
      vertex -6.98501 -0.457822 14.6367
      vertex -6.98501 -0.457822 18.3633
    endloop
  endfacet
  facet normal -0.999465 -0.0327207 0
    outer loop
      vertex -6.99636 -0.111185 21.6964
      vertex -7 0 25.3
      vertex -7 0 21.7
    endloop
  endfacet
  facet normal -0.999465 -0.0327207 0
    outer loop
      vertex -6.99636 -0.111185 21.6964
      vertex -6.99636 -0.111185 25.3036
      vertex -7 0 25.3
    endloop
  endfacet
  facet normal -0.999466 -0.0326809 0
    outer loop
      vertex -6.99274 -0.221894 21.6855
      vertex -6.99636 -0.111185 25.3036
      vertex -6.99636 -0.111185 21.6964
    endloop
  endfacet
  facet normal -0.999466 -0.0326809 0
    outer loop
      vertex -6.99274 -0.221894 21.6855
      vertex -6.99274 -0.221894 25.3145
      vertex -6.99636 -0.111185 25.3036
    endloop
  endfacet
  facet normal -0.999463 -0.0327815 0
    outer loop
      vertex -6.98914 -0.331653 21.6673
      vertex -6.99274 -0.221894 25.3145
      vertex -6.99274 -0.221894 21.6855
    endloop
  endfacet
  facet normal -0.999463 -0.0327815 0
    outer loop
      vertex -6.98914 -0.331653 21.6673
      vertex -6.98914 -0.331653 25.3327
      vertex -6.99274 -0.221894 25.3145
    endloop
  endfacet
  facet normal -0.999467 -0.0326578 0
    outer loop
      vertex -6.9856 -0.439992 21.6421
      vertex -6.98914 -0.331653 25.3327
      vertex -6.98914 -0.331653 21.6673
    endloop
  endfacet
  facet normal -0.999467 -0.0326578 0
    outer loop
      vertex -6.9856 -0.439992 21.6421
      vertex -6.9856 -0.439992 25.3579
      vertex -6.98914 -0.331653 25.3327
    endloop
  endfacet
  facet normal -0.999453 -0.0330722 0
    outer loop
      vertex -6.98501 -0.457822 21.6367
      vertex -6.9856 -0.439992 25.3579
      vertex -6.9856 -0.439992 21.6421
    endloop
  endfacet
  facet normal -0.999453 -0.0330722 0
    outer loop
      vertex -6.9856 -0.439992 25.3579
      vertex -6.98501 -0.457822 21.6367
      vertex -6.98501 -0.457822 25.3633
    endloop
  endfacet
  facet normal 0.0980206 -0.995184 0
    outer loop
      vertex 0.457822 -6.98501 0
      vertex 0.913683 -6.94011 89.98
      vertex 0.457822 -6.98501 89.98
    endloop
  endfacet
  facet normal 0.0980206 -0.995184 0
    outer loop
      vertex 0.913683 -6.94011 89.98
      vertex 0.457822 -6.98501 0
      vertex 0.913683 -6.94011 0
    endloop
  endfacet
  facet normal 0.352248 -0.935907 0
    outer loop
      vertex 2.25008 -6.62851 0
      vertex 2.67878 -6.46716 89.98
      vertex 2.25008 -6.62851 89.98
    endloop
  endfacet
  facet normal 0.352248 -0.935907 0
    outer loop
      vertex 2.67878 -6.46716 89.98
      vertex 2.25008 -6.62851 0
      vertex 2.67878 -6.46716 0
    endloop
  endfacet
  facet normal 0.634388 -0.773015 0
    outer loop
      vertex 4.26133 -5.55347 0
      vertex 4.61542 -5.26288 89.98
      vertex 4.26133 -5.55347 89.98
    endloop
  endfacet
  facet normal 0.634388 -0.773015 0
    outer loop
      vertex 4.61542 -5.26288 89.98
      vertex 4.26133 -5.55347 0
      vertex 4.61542 -5.26288 0
    endloop
  endfacet
  facet normal 0.729869 -0.683587 0
    outer loop
      vertex 4.94975 -4.94975 89.98
      vertex 5.26288 -4.61542 0
      vertex 5.26288 -4.61542 89.98
    endloop
  endfacet
  facet normal 0.729869 -0.683587 0
    outer loop
      vertex 5.26288 -4.61542 0
      vertex 4.94975 -4.94975 89.98
      vertex 4.94975 -4.94975 0
    endloop
  endfacet
  facet normal 0.471394 -0.881923 0
    outer loop
      vertex 3.09602 -6.27811 0
      vertex 3.5 -6.06218 89.98
      vertex 3.09602 -6.27811 89.98
    endloop
  endfacet
  facet normal 0.471394 -0.881923 0
    outer loop
      vertex 3.5 -6.06218 89.98
      vertex 3.09602 -6.27811 0
      vertex 3.5 -6.06218 0
    endloop
  endfacet
  facet normal 0.812842 -0.582485 0
    outer loop
      vertex 5.55347 -4.26133 89.98
      vertex 5.82029 -3.88899 0
      vertex 5.82029 -3.88899 89.98
    endloop
  endfacet
  facet normal 0.812842 -0.582485 0
    outer loop
      vertex 5.82029 -3.88899 0
      vertex 5.55347 -4.26133 89.98
      vertex 5.55347 -4.26133 0
    endloop
  endfacet
  facet normal 0.910863 -0.412709 0
    outer loop
      vertex 6.27811 -3.09602 89.98
      vertex 6.46716 -2.67878 0
      vertex 6.46716 -2.67878 89.98
    endloop
  endfacet
  facet normal 0.910863 -0.412709 0
    outer loop
      vertex 6.46716 -2.67878 0
      vertex 6.27811 -3.09602 89.98
      vertex 6.27811 -3.09602 0
    endloop
  endfacet
  facet normal 0.973875 -0.227085 0
    outer loop
      vertex 6.76148 -1.81173 89.98
      vertex 6.8655 -1.36563 28.0113
      vertex 6.8655 -1.36563 89.98
    endloop
  endfacet
  facet normal 0.973885 -0.227044 3.12489e-07
    outer loop
      vertex 6.8655 -1.36563 28.0113
      vertex 6.76148 -1.81173 89.98
      vertex 6.85434 -1.4135 27.9445
    endloop
  endfacet
  facet normal 0.973863 -0.227135 -3.05417e-07
    outer loop
      vertex 6.85434 -1.4135 27.9445
      vertex 6.76148 -1.81173 89.98
      vertex 6.84064 -1.47224 27.85
    endloop
  endfacet
  facet normal 0.973866 -0.227124 -2.40345e-07
    outer loop
      vertex 6.84064 -1.47224 27.85
      vertex 6.76148 -1.81173 89.98
      vertex 6.82841 -1.52468 27.7519
    endloop
  endfacet
  facet normal 0.973899 -0.226982 4.45886e-07
    outer loop
      vertex 6.82841 -1.52468 27.7519
      vertex 6.76148 -1.81173 89.98
      vertex 6.81771 -1.57059 27.6506
    endloop
  endfacet
  facet normal 0.973865 -0.227127 -1.44394e-07
    outer loop
      vertex 6.81771 -1.57059 27.6506
      vertex 6.76148 -1.81173 89.98
      vertex 6.80857 -1.60978 27.5464
    endloop
  endfacet
  facet normal 0.97387 -0.227105 -7.04543e-08
    outer loop
      vertex 6.80857 -1.60978 27.5464
      vertex 6.76148 -1.81173 89.98
      vertex 6.80104 -1.64207 27.44
    endloop
  endfacet
  facet normal 0.973875 -0.227083 -7.19071e-09
    outer loop
      vertex 6.80104 -1.64207 27.44
      vertex 6.76148 -1.81173 89.98
      vertex 6.79515 -1.66733 27.3317
    endloop
  endfacet
  facet normal 0.973846 -0.227211 -3.17014e-07
    outer loop
      vertex 6.79515 -1.66733 27.3317
      vertex 6.76148 -1.81173 89.98
      vertex 6.79092 -1.68546 27.2219
    endloop
  endfacet
  facet normal 0.973907 -0.226949 2.37463e-07
    outer loop
      vertex 6.79092 -1.68546 27.2219
      vertex 6.76148 -1.81173 89.98
      vertex 6.78838 -1.69636 27.1112
    endloop
  endfacet
  facet normal 0 0 0
    outer loop
      vertex 6.78753 -1.7 27
      vertex 6.78753 -1.7 13
      vertex 6.78753 -1.7 20
    endloop
  endfacet
  facet normal 0.97388 -0.227062 0
    outer loop
      vertex 6.76148 -1.81173 0
      vertex 6.78753 -1.7 13
      vertex 6.78753 -1.7 27
    endloop
  endfacet
  facet normal 0.97388 -0.227062 0
    outer loop
      vertex 6.76148 -1.81173 0
      vertex 6.78753 -1.7 27
      vertex 6.76148 -1.81173 89.98
    endloop
  endfacet
  facet normal 0.973806 -0.227381 -5.98375e-07
    outer loop
      vertex 6.78838 -1.69636 27.1112
      vertex 6.76148 -1.81173 89.98
      vertex 6.78753 -1.7 27
    endloop
  endfacet
  facet normal 0.973885 -0.227043 0
    outer loop
      vertex 6.85434 -1.4135 26.0555
      vertex 6.8655 -1.36563 21.0113
      vertex 6.8655 -1.36563 25.9887
    endloop
  endfacet
  facet normal 0.973885 -0.227043 0
    outer loop
      vertex 6.85434 -1.4135 26.0555
      vertex 6.85434 -1.4135 20.9445
      vertex 6.8655 -1.36563 21.0113
    endloop
  endfacet
  facet normal 0.973863 -0.227135 0
    outer loop
      vertex 6.84064 -1.47224 26.15
      vertex 6.85434 -1.4135 20.9445
      vertex 6.85434 -1.4135 26.0555
    endloop
  endfacet
  facet normal 0.973863 -0.227135 0
    outer loop
      vertex 6.84064 -1.47224 26.15
      vertex 6.84064 -1.47224 20.85
      vertex 6.85434 -1.4135 20.9445
    endloop
  endfacet
  facet normal 0.973866 -0.227124 0
    outer loop
      vertex 6.82841 -1.52468 26.2481
      vertex 6.84064 -1.47224 20.85
      vertex 6.84064 -1.47224 26.15
    endloop
  endfacet
  facet normal 0.973866 -0.227124 0
    outer loop
      vertex 6.82841 -1.52468 26.2481
      vertex 6.82841 -1.52468 20.7519
      vertex 6.84064 -1.47224 20.85
    endloop
  endfacet
  facet normal 0.973899 -0.226981 0
    outer loop
      vertex 6.81771 -1.57059 26.3494
      vertex 6.82841 -1.52468 20.7519
      vertex 6.82841 -1.52468 26.2481
    endloop
  endfacet
  facet normal 0.973899 -0.226981 0
    outer loop
      vertex 6.81771 -1.57059 26.3494
      vertex 6.81771 -1.57059 20.6506
      vertex 6.82841 -1.52468 20.7519
    endloop
  endfacet
  facet normal 0.973865 -0.227127 0
    outer loop
      vertex 6.80857 -1.60978 26.4536
      vertex 6.81771 -1.57059 20.6506
      vertex 6.81771 -1.57059 26.3494
    endloop
  endfacet
  facet normal 0.973865 -0.227127 0
    outer loop
      vertex 6.80857 -1.60978 26.4536
      vertex 6.80857 -1.60978 20.5464
      vertex 6.81771 -1.57059 20.6506
    endloop
  endfacet
  facet normal 0.97387 -0.227106 0
    outer loop
      vertex 6.80104 -1.64207 26.56
      vertex 6.80857 -1.60978 20.5464
      vertex 6.80857 -1.60978 26.4536
    endloop
  endfacet
  facet normal 0.97387 -0.227106 0
    outer loop
      vertex 6.80104 -1.64207 26.56
      vertex 6.80104 -1.64207 20.44
      vertex 6.80857 -1.60978 20.5464
    endloop
  endfacet
  facet normal 0.973875 -0.227083 0
    outer loop
      vertex 6.79515 -1.66733 26.6683
      vertex 6.80104 -1.64207 20.44
      vertex 6.80104 -1.64207 26.56
    endloop
  endfacet
  facet normal 0.973875 -0.227083 0
    outer loop
      vertex 6.79515 -1.66733 26.6683
      vertex 6.79515 -1.66733 20.3317
      vertex 6.80104 -1.64207 20.44
    endloop
  endfacet
  facet normal 0.973845 -0.227213 0
    outer loop
      vertex 6.79092 -1.68546 26.7781
      vertex 6.79515 -1.66733 20.3317
      vertex 6.79515 -1.66733 26.6683
    endloop
  endfacet
  facet normal 0.973845 -0.227213 0
    outer loop
      vertex 6.79092 -1.68546 26.7781
      vertex 6.79092 -1.68546 20.2219
      vertex 6.79515 -1.66733 20.3317
    endloop
  endfacet
  facet normal 0.973907 -0.226947 0
    outer loop
      vertex 6.78838 -1.69636 26.8888
      vertex 6.79092 -1.68546 20.2219
      vertex 6.79092 -1.68546 26.7781
    endloop
  endfacet
  facet normal 0.973907 -0.226947 0
    outer loop
      vertex 6.78838 -1.69636 26.8888
      vertex 6.78838 -1.69636 20.1112
      vertex 6.79092 -1.68546 20.2219
    endloop
  endfacet
  facet normal 0.973802 -0.227399 0
    outer loop
      vertex 6.78753 -1.7 27
      vertex 6.78838 -1.69636 20.1112
      vertex 6.78838 -1.69636 26.8888
    endloop
  endfacet
  facet normal 0.973802 -0.227399 0
    outer loop
      vertex 6.78838 -1.69636 20.1112
      vertex 6.78753 -1.7 27
      vertex 6.78753 -1.7 20
    endloop
  endfacet
  facet normal 0.973885 -0.227043 0
    outer loop
      vertex 6.85434 -1.4135 19.0555
      vertex 6.8655 -1.36563 14.0113
      vertex 6.8655 -1.36563 18.9887
    endloop
  endfacet
  facet normal 0.973885 -0.227043 0
    outer loop
      vertex 6.85434 -1.4135 19.0555
      vertex 6.85434 -1.4135 13.9445
      vertex 6.8655 -1.36563 14.0113
    endloop
  endfacet
  facet normal 0.973863 -0.227135 0
    outer loop
      vertex 6.84064 -1.47224 19.15
      vertex 6.85434 -1.4135 13.9445
      vertex 6.85434 -1.4135 19.0555
    endloop
  endfacet
  facet normal 0.973863 -0.227135 0
    outer loop
      vertex 6.84064 -1.47224 19.15
      vertex 6.84064 -1.47224 13.85
      vertex 6.85434 -1.4135 13.9445
    endloop
  endfacet
  facet normal 0.973866 -0.227124 0
    outer loop
      vertex 6.82841 -1.52468 19.2481
      vertex 6.84064 -1.47224 13.85
      vertex 6.84064 -1.47224 19.15
    endloop
  endfacet
  facet normal 0.973866 -0.227124 0
    outer loop
      vertex 6.82841 -1.52468 19.2481
      vertex 6.82841 -1.52468 13.7519
      vertex 6.84064 -1.47224 13.85
    endloop
  endfacet
  facet normal 0.973899 -0.226981 0
    outer loop
      vertex 6.81771 -1.57059 19.3494
      vertex 6.82841 -1.52468 13.7519
      vertex 6.82841 -1.52468 19.2481
    endloop
  endfacet
  facet normal 0.973899 -0.226981 0
    outer loop
      vertex 6.81771 -1.57059 19.3494
      vertex 6.81771 -1.57059 13.6506
      vertex 6.82841 -1.52468 13.7519
    endloop
  endfacet
  facet normal 0.973865 -0.227127 0
    outer loop
      vertex 6.80857 -1.60978 19.4536
      vertex 6.81771 -1.57059 13.6506
      vertex 6.81771 -1.57059 19.3494
    endloop
  endfacet
  facet normal 0.973865 -0.227127 0
    outer loop
      vertex 6.80857 -1.60978 19.4536
      vertex 6.80857 -1.60978 13.5464
      vertex 6.81771 -1.57059 13.6506
    endloop
  endfacet
  facet normal 0.97387 -0.227106 0
    outer loop
      vertex 6.80104 -1.64207 19.56
      vertex 6.80857 -1.60978 13.5464
      vertex 6.80857 -1.60978 19.4536
    endloop
  endfacet
  facet normal 0.97387 -0.227106 0
    outer loop
      vertex 6.80104 -1.64207 19.56
      vertex 6.80104 -1.64207 13.44
      vertex 6.80857 -1.60978 13.5464
    endloop
  endfacet
  facet normal 0.973875 -0.227083 0
    outer loop
      vertex 6.79515 -1.66733 19.6683
      vertex 6.80104 -1.64207 13.44
      vertex 6.80104 -1.64207 19.56
    endloop
  endfacet
  facet normal 0.973875 -0.227083 0
    outer loop
      vertex 6.79515 -1.66733 19.6683
      vertex 6.79515 -1.66733 13.3317
      vertex 6.80104 -1.64207 13.44
    endloop
  endfacet
  facet normal 0.973845 -0.227213 0
    outer loop
      vertex 6.79092 -1.68546 19.7781
      vertex 6.79515 -1.66733 13.3317
      vertex 6.79515 -1.66733 19.6683
    endloop
  endfacet
  facet normal 0.973845 -0.227213 0
    outer loop
      vertex 6.79092 -1.68546 19.7781
      vertex 6.79092 -1.68546 13.2219
      vertex 6.79515 -1.66733 13.3317
    endloop
  endfacet
  facet normal 0.973907 -0.226947 0
    outer loop
      vertex 6.78838 -1.69636 19.8888
      vertex 6.79092 -1.68546 13.2219
      vertex 6.79092 -1.68546 19.7781
    endloop
  endfacet
  facet normal 0.973907 -0.226947 0
    outer loop
      vertex 6.78838 -1.69636 19.8888
      vertex 6.78838 -1.69636 13.1112
      vertex 6.79092 -1.68546 13.2219
    endloop
  endfacet
  facet normal 0.973802 -0.227399 0
    outer loop
      vertex 6.78753 -1.7 20
      vertex 6.78838 -1.69636 13.1112
      vertex 6.78838 -1.69636 19.8888
    endloop
  endfacet
  facet normal 0.973802 -0.227399 0
    outer loop
      vertex 6.78838 -1.69636 13.1112
      vertex 6.78753 -1.7 20
      vertex 6.78753 -1.7 13
    endloop
  endfacet
  facet normal 0.973885 -0.227043 0
    outer loop
      vertex 6.85434 -1.4135 12.0555
      vertex 6.8655 -1.36563 7.01127
      vertex 6.8655 -1.36563 11.9887
    endloop
  endfacet
  facet normal 0.973885 -0.227043 0
    outer loop
      vertex 6.85434 -1.4135 12.0555
      vertex 6.85434 -1.4135 6.94447
      vertex 6.8655 -1.36563 7.01127
    endloop
  endfacet
  facet normal 0.973863 -0.227135 0
    outer loop
      vertex 6.84064 -1.47224 12.15
      vertex 6.85434 -1.4135 6.94447
      vertex 6.85434 -1.4135 12.0555
    endloop
  endfacet
  facet normal 0.973863 -0.227135 0
    outer loop
      vertex 6.84064 -1.47224 12.15
      vertex 6.84064 -1.47224 6.85
      vertex 6.85434 -1.4135 6.94447
    endloop
  endfacet
  facet normal 0.973866 -0.227124 0
    outer loop
      vertex 6.82841 -1.52468 12.2481
      vertex 6.84064 -1.47224 6.85
      vertex 6.84064 -1.47224 12.15
    endloop
  endfacet
  facet normal 0.973866 -0.227124 0
    outer loop
      vertex 6.82841 -1.52468 12.2481
      vertex 6.82841 -1.52468 6.75189
      vertex 6.84064 -1.47224 6.85
    endloop
  endfacet
  facet normal 0.973899 -0.226981 0
    outer loop
      vertex 6.81771 -1.57059 12.3494
      vertex 6.82841 -1.52468 6.75189
      vertex 6.82841 -1.52468 12.2481
    endloop
  endfacet
  facet normal 0.973899 -0.226981 0
    outer loop
      vertex 6.81771 -1.57059 12.3494
      vertex 6.81771 -1.57059 6.65056
      vertex 6.82841 -1.52468 6.75189
    endloop
  endfacet
  facet normal 0.973865 -0.227127 0
    outer loop
      vertex 6.80857 -1.60978 12.4536
      vertex 6.81771 -1.57059 6.65056
      vertex 6.81771 -1.57059 12.3494
    endloop
  endfacet
  facet normal 0.973865 -0.227127 0
    outer loop
      vertex 6.80857 -1.60978 12.4536
      vertex 6.80857 -1.60978 6.54645
      vertex 6.81771 -1.57059 6.65056
    endloop
  endfacet
  facet normal 0.97387 -0.227106 0
    outer loop
      vertex 6.80104 -1.64207 12.56
      vertex 6.80857 -1.60978 6.54645
      vertex 6.80857 -1.60978 12.4536
    endloop
  endfacet
  facet normal 0.97387 -0.227106 0
    outer loop
      vertex 6.80104 -1.64207 12.56
      vertex 6.80104 -1.64207 6.43999
      vertex 6.80857 -1.60978 6.54645
    endloop
  endfacet
  facet normal 0.973875 -0.227083 0
    outer loop
      vertex 6.79515 -1.66733 12.6683
      vertex 6.80104 -1.64207 6.43999
      vertex 6.80104 -1.64207 12.56
    endloop
  endfacet
  facet normal 0.973875 -0.227083 0
    outer loop
      vertex 6.79515 -1.66733 12.6683
      vertex 6.79515 -1.66733 6.33165
      vertex 6.80104 -1.64207 6.43999
    endloop
  endfacet
  facet normal 0.973845 -0.227213 0
    outer loop
      vertex 6.79092 -1.68546 12.7781
      vertex 6.79515 -1.66733 6.33165
      vertex 6.79515 -1.66733 12.6683
    endloop
  endfacet
  facet normal 0.973845 -0.227213 0
    outer loop
      vertex 6.79092 -1.68546 12.7781
      vertex 6.79092 -1.68546 6.22189
      vertex 6.79515 -1.66733 6.33165
    endloop
  endfacet
  facet normal 0.973907 -0.226947 0
    outer loop
      vertex 6.78838 -1.69636 12.8888
      vertex 6.79092 -1.68546 6.22189
      vertex 6.79092 -1.68546 12.7781
    endloop
  endfacet
  facet normal 0.973907 -0.226947 0
    outer loop
      vertex 6.78838 -1.69636 12.8888
      vertex 6.78838 -1.69636 6.11119
      vertex 6.79092 -1.68546 6.22189
    endloop
  endfacet
  facet normal 0.973802 -0.227399 0
    outer loop
      vertex 6.78753 -1.7 13
      vertex 6.78838 -1.69636 6.11119
      vertex 6.78838 -1.69636 12.8888
    endloop
  endfacet
  facet normal 0.973802 -0.227399 0
    outer loop
      vertex 6.78838 -1.69636 6.11119
      vertex 6.78753 -1.7 13
      vertex 6.78753 -1.7 6
    endloop
  endfacet
  facet normal 0.973884 -0.227048 -3.48569e-06
    outer loop
      vertex 6.76148 -1.81173 0
      vertex 6.8655 -1.36563 4.98873
      vertex 6.85434 -1.4135 5.05553
    endloop
  endfacet
  facet normal 0.973864 -0.22713 3.36068e-06
    outer loop
      vertex 6.76148 -1.81173 0
      vertex 6.85434 -1.4135 5.05553
      vertex 6.84064 -1.47224 5.15
    endloop
  endfacet
  facet normal 0.973867 -0.227119 2.60759e-06
    outer loop
      vertex 6.76148 -1.81173 0
      vertex 6.84064 -1.47224 5.15
      vertex 6.82841 -1.52468 5.24811
    endloop
  endfacet
  facet normal 0.973897 -0.226991 -4.76548e-06
    outer loop
      vertex 6.76148 -1.81173 0
      vertex 6.82841 -1.52468 5.24811
      vertex 6.81771 -1.57059 5.34944
    endloop
  endfacet
  facet normal 0.973866 -0.227124 1.51795e-06
    outer loop
      vertex 6.76148 -1.81173 0
      vertex 6.81771 -1.57059 5.34944
      vertex 6.80857 -1.60978 5.45355
    endloop
  endfacet
  facet normal 0.973871 -0.227103 7.2648e-07
    outer loop
      vertex 6.76148 -1.81173 0
      vertex 6.80857 -1.60978 5.45355
      vertex 6.80104 -1.64207 5.56001
    endloop
  endfacet
  facet normal 0.973875 -0.227083 7.23538e-08
    outer loop
      vertex 6.76148 -1.81173 0
      vertex 6.80104 -1.64207 5.56001
      vertex 6.79515 -1.66733 5.66835
    endloop
  endfacet
  facet normal 0.973849 -0.227195 3.07799e-06
    outer loop
      vertex 6.76148 -1.81173 0
      vertex 6.79515 -1.66733 5.66835
      vertex 6.79092 -1.68546 5.7781
    endloop
  endfacet
  facet normal 0.973902 -0.226968 -2.1538e-06
    outer loop
      vertex 6.76148 -1.81173 0
      vertex 6.79092 -1.68546 5.7781
      vertex 6.78838 -1.69636 5.88881
    endloop
  endfacet
  facet normal 0.973875 -0.227085 0
    outer loop
      vertex 6.8655 -1.36563 4.98873
      vertex 6.76148 -1.81173 0
      vertex 6.8655 -1.36563 0
    endloop
  endfacet
  facet normal 0.97383 -0.227276 4.22067e-06
    outer loop
      vertex 6.78753 -1.7 6
      vertex 6.76148 -1.81173 0
      vertex 6.78838 -1.69636 5.88881
    endloop
  endfacet
  facet normal 0.97388 -0.227062 0
    outer loop
      vertex 6.78753 -1.7 13
      vertex 6.76148 -1.81173 0
      vertex 6.78753 -1.7 6
    endloop
  endfacet
  facet normal 0.999465 -0.0327207 0
    outer loop
      vertex 6.99636 -0.111185 4.30364
      vertex 7 0 0
      vertex 7 0 4.3
    endloop
  endfacet
  facet normal 0.999466 -0.0326812 -3.58222e-06
    outer loop
      vertex 6.98501 -0.457822 0
      vertex 6.99636 -0.111185 4.30364
      vertex 6.99274 -0.221894 4.31454
    endloop
  endfacet
  facet normal 0.999463 -0.0327812 1.89029e-06
    outer loop
      vertex 6.98501 -0.457822 0
      vertex 6.99274 -0.221894 4.31454
      vertex 6.98914 -0.331653 4.33266
    endloop
  endfacet
  facet normal 0.999467 -0.0326582 -1.69574e-06
    outer loop
      vertex 6.98501 -0.457822 0
      vertex 6.98914 -0.331653 4.33266
      vertex 6.9856 -0.439992 4.35793
    endloop
  endfacet
  facet normal 0.999453 -0.0330722 0
    outer loop
      vertex 6.98501 -0.457822 0
      vertex 6.9856 -0.439992 4.35793
      vertex 6.98501 -0.457822 4.36333
    endloop
  endfacet
  facet normal 0.999464 -0.0327244 -9.69231e-08
    outer loop
      vertex 6.99636 -0.111185 4.30364
      vertex 6.98501 -0.457822 0
      vertex 7 0 0
    endloop
  endfacet
  facet normal 0.999464 -0.0327244 0
    outer loop
      vertex 6.98501 -0.457822 89.98
      vertex 7 0 28.7
      vertex 7 0 89.98
    endloop
  endfacet
  facet normal 0.999465 -0.0327207 2.80214e-08
    outer loop
      vertex 7 0 28.7
      vertex 6.98501 -0.457822 89.98
      vertex 6.99636 -0.111185 28.6964
    endloop
  endfacet
  facet normal 0.999466 -0.0326809 2.53415e-07
    outer loop
      vertex 6.99636 -0.111185 28.6964
      vertex 6.98501 -0.457822 89.98
      vertex 6.99274 -0.221894 28.6855
    endloop
  endfacet
  facet normal 0.999463 -0.0327815 -1.34173e-07
    outer loop
      vertex 6.99274 -0.221894 28.6855
      vertex 6.98501 -0.457822 89.98
      vertex 6.98914 -0.331653 28.6673
    endloop
  endfacet
  facet normal 0.999467 -0.0326578 1.20586e-07
    outer loop
      vertex 6.98914 -0.331653 28.6673
      vertex 6.98501 -0.457822 89.98
      vertex 6.9856 -0.439992 28.6421
    endloop
  endfacet
  facet normal 0.999453 -0.0330722 0
    outer loop
      vertex 6.9856 -0.439992 28.6421
      vertex 6.98501 -0.457822 89.98
      vertex 6.98501 -0.457822 28.6367
    endloop
  endfacet
  facet normal 0.999465 -0.0327207 0
    outer loop
      vertex 6.99636 -0.111185 11.3036
      vertex 7 0 7.7
      vertex 7 0 11.3
    endloop
  endfacet
  facet normal 0.999465 -0.0327207 0
    outer loop
      vertex 6.99636 -0.111185 11.3036
      vertex 6.99636 -0.111185 7.69636
      vertex 7 0 7.7
    endloop
  endfacet
  facet normal 0.999466 -0.0326809 0
    outer loop
      vertex 6.99274 -0.221894 11.3145
      vertex 6.99636 -0.111185 7.69636
      vertex 6.99636 -0.111185 11.3036
    endloop
  endfacet
  facet normal 0.999466 -0.0326809 0
    outer loop
      vertex 6.99274 -0.221894 11.3145
      vertex 6.99274 -0.221894 7.68546
      vertex 6.99636 -0.111185 7.69636
    endloop
  endfacet
  facet normal 0.999463 -0.0327815 0
    outer loop
      vertex 6.98914 -0.331653 11.3327
      vertex 6.99274 -0.221894 7.68546
      vertex 6.99274 -0.221894 11.3145
    endloop
  endfacet
  facet normal 0.999463 -0.0327815 0
    outer loop
      vertex 6.98914 -0.331653 11.3327
      vertex 6.98914 -0.331653 7.66733
      vertex 6.99274 -0.221894 7.68546
    endloop
  endfacet
  facet normal 0.999467 -0.0326578 0
    outer loop
      vertex 6.9856 -0.439992 11.3579
      vertex 6.98914 -0.331653 7.66733
      vertex 6.98914 -0.331653 11.3327
    endloop
  endfacet
  facet normal 0.999467 -0.0326578 0
    outer loop
      vertex 6.9856 -0.439992 11.3579
      vertex 6.9856 -0.439992 7.64207
      vertex 6.98914 -0.331653 7.66733
    endloop
  endfacet
  facet normal 0.999453 -0.0330722 0
    outer loop
      vertex 6.98501 -0.457822 11.3633
      vertex 6.9856 -0.439992 7.64207
      vertex 6.9856 -0.439992 11.3579
    endloop
  endfacet
  facet normal 0.999453 -0.0330722 0
    outer loop
      vertex 6.9856 -0.439992 7.64207
      vertex 6.98501 -0.457822 11.3633
      vertex 6.98501 -0.457822 7.63666
    endloop
  endfacet
  facet normal 0.999465 -0.0327207 0
    outer loop
      vertex 6.99636 -0.111185 18.3036
      vertex 7 0 14.7
      vertex 7 0 18.3
    endloop
  endfacet
  facet normal 0.999465 -0.0327207 0
    outer loop
      vertex 6.99636 -0.111185 18.3036
      vertex 6.99636 -0.111185 14.6964
      vertex 7 0 14.7
    endloop
  endfacet
  facet normal 0.999466 -0.0326809 0
    outer loop
      vertex 6.99274 -0.221894 18.3145
      vertex 6.99636 -0.111185 14.6964
      vertex 6.99636 -0.111185 18.3036
    endloop
  endfacet
  facet normal 0.999466 -0.0326809 0
    outer loop
      vertex 6.99274 -0.221894 18.3145
      vertex 6.99274 -0.221894 14.6855
      vertex 6.99636 -0.111185 14.6964
    endloop
  endfacet
  facet normal 0.999463 -0.0327815 0
    outer loop
      vertex 6.98914 -0.331653 18.3327
      vertex 6.99274 -0.221894 14.6855
      vertex 6.99274 -0.221894 18.3145
    endloop
  endfacet
  facet normal 0.999463 -0.0327815 0
    outer loop
      vertex 6.98914 -0.331653 18.3327
      vertex 6.98914 -0.331653 14.6673
      vertex 6.99274 -0.221894 14.6855
    endloop
  endfacet
  facet normal 0.999467 -0.0326578 0
    outer loop
      vertex 6.9856 -0.439992 18.3579
      vertex 6.98914 -0.331653 14.6673
      vertex 6.98914 -0.331653 18.3327
    endloop
  endfacet
  facet normal 0.999467 -0.0326578 0
    outer loop
      vertex 6.9856 -0.439992 18.3579
      vertex 6.9856 -0.439992 14.6421
      vertex 6.98914 -0.331653 14.6673
    endloop
  endfacet
  facet normal 0.999453 -0.0330722 0
    outer loop
      vertex 6.98501 -0.457822 18.3633
      vertex 6.9856 -0.439992 14.6421
      vertex 6.9856 -0.439992 18.3579
    endloop
  endfacet
  facet normal 0.999453 -0.0330722 0
    outer loop
      vertex 6.9856 -0.439992 14.6421
      vertex 6.98501 -0.457822 18.3633
      vertex 6.98501 -0.457822 14.6367
    endloop
  endfacet
  facet normal 0.999465 -0.0327207 0
    outer loop
      vertex 6.99636 -0.111185 25.3036
      vertex 7 0 21.7
      vertex 7 0 25.3
    endloop
  endfacet
  facet normal 0.999465 -0.0327207 0
    outer loop
      vertex 6.99636 -0.111185 25.3036
      vertex 6.99636 -0.111185 21.6964
      vertex 7 0 21.7
    endloop
  endfacet
  facet normal 0.999466 -0.0326809 0
    outer loop
      vertex 6.99274 -0.221894 25.3145
      vertex 6.99636 -0.111185 21.6964
      vertex 6.99636 -0.111185 25.3036
    endloop
  endfacet
  facet normal 0.999466 -0.0326809 0
    outer loop
      vertex 6.99274 -0.221894 25.3145
      vertex 6.99274 -0.221894 21.6855
      vertex 6.99636 -0.111185 21.6964
    endloop
  endfacet
  facet normal 0.999463 -0.0327815 0
    outer loop
      vertex 6.98914 -0.331653 25.3327
      vertex 6.99274 -0.221894 21.6855
      vertex 6.99274 -0.221894 25.3145
    endloop
  endfacet
  facet normal 0.999463 -0.0327815 0
    outer loop
      vertex 6.98914 -0.331653 25.3327
      vertex 6.98914 -0.331653 21.6673
      vertex 6.99274 -0.221894 21.6855
    endloop
  endfacet
  facet normal 0.999467 -0.0326578 0
    outer loop
      vertex 6.9856 -0.439992 25.3579
      vertex 6.98914 -0.331653 21.6673
      vertex 6.98914 -0.331653 25.3327
    endloop
  endfacet
  facet normal 0.999467 -0.0326578 0
    outer loop
      vertex 6.9856 -0.439992 25.3579
      vertex 6.9856 -0.439992 21.6421
      vertex 6.98914 -0.331653 21.6673
    endloop
  endfacet
  facet normal 0.999453 -0.0330722 0
    outer loop
      vertex 6.98501 -0.457822 25.3633
      vertex 6.9856 -0.439992 21.6421
      vertex 6.9856 -0.439992 25.3579
    endloop
  endfacet
  facet normal 0.999453 -0.0330722 0
    outer loop
      vertex 6.9856 -0.439992 21.6421
      vertex 6.98501 -0.457822 25.3633
      vertex 6.98501 -0.457822 21.6367
    endloop
  endfacet
  facet normal -0.412709 -0.910863 0
    outer loop
      vertex -3.09602 -6.27811 0
      vertex -2.67878 -6.46716 89.98
      vertex -3.09602 -6.27811 89.98
    endloop
  endfacet
  facet normal -0.412709 -0.910863 -0
    outer loop
      vertex -2.67878 -6.46716 89.98
      vertex -3.09602 -6.27811 0
      vertex -2.67878 -6.46716 0
    endloop
  endfacet
  facet normal -0.290281 -0.956942 0
    outer loop
      vertex -2.25008 -6.62851 0
      vertex -1.81173 -6.76148 89.98
      vertex -2.25008 -6.62851 89.98
    endloop
  endfacet
  facet normal -0.290281 -0.956942 -0
    outer loop
      vertex -1.81173 -6.76148 89.98
      vertex -2.25008 -6.62851 0
      vertex -1.81173 -6.76148 0
    endloop
  endfacet
  facet normal -0.0327244 -0.999464 0
    outer loop
      vertex -0.457822 -6.98501 0
      vertex 0 -7 89.98
      vertex -0.457822 -6.98501 89.98
    endloop
  endfacet
  facet normal -0.0327244 -0.999464 -0
    outer loop
      vertex 0 -7 89.98
      vertex -0.457822 -6.98501 0
      vertex 0 -7 0
    endloop
  endfacet
  facet normal -0.881923 -0.471394 0
    outer loop
      vertex -6.06218 -3.5 0
      vertex -6.27811 -3.09602 89.98
      vertex -6.27811 -3.09602 0
    endloop
  endfacet
  facet normal -0.881923 -0.471394 0
    outer loop
      vertex -6.27811 -3.09602 89.98
      vertex -6.06218 -3.5 0
      vertex -6.06218 -3.5 89.98
    endloop
  endfacet
  facet normal -0.995184 -0.0980206 0
    outer loop
      vertex -6.94011 -0.913683 0
      vertex -6.98501 -0.457822 4.36333
      vertex -6.98501 -0.457822 0
    endloop
  endfacet
  facet normal -0.995183 -0.0980302 1.00783e-06
    outer loop
      vertex -6.98501 -0.457822 4.36333
      vertex -6.94011 -0.913683 0
      vertex -6.97628 -0.546447 4.39022
    endloop
  endfacet
  facet normal -0.995189 -0.0979774 -3.44987e-06
    outer loop
      vertex -6.97628 -0.546447 4.39022
      vertex -6.94011 -0.913683 0
      vertex -6.96603 -0.650561 4.4294
    endloop
  endfacet
  facet normal -0.995185 -0.0980173 -1.05826e-06
    outer loop
      vertex -6.96603 -0.650561 4.4294
      vertex -6.94011 -0.913683 0
      vertex -6.95605 -0.75189 4.47532
    endloop
  endfacet
  facet normal -0.995187 -0.0979892 -2.08371e-06
    outer loop
      vertex -6.95605 -0.75189 4.47532
      vertex -6.94011 -0.913683 0
      vertex -6.94639 -0.849999 4.52776
    endloop
  endfacet
  facet normal -0.995173 -0.0981359 0
    outer loop
      vertex -6.94639 -0.849999 4.52776
      vertex -6.94011 -0.913683 0
      vertex -6.94011 -0.913683 4.56736
    endloop
  endfacet
  facet normal -0.995183 -0.0980305 -7.37929e-08
    outer loop
      vertex -6.94011 -0.913683 89.98
      vertex -6.98501 -0.457822 28.6367
      vertex -6.97628 -0.546447 28.6098
    endloop
  endfacet
  facet normal -0.995189 -0.0979762 2.53989e-07
    outer loop
      vertex -6.94011 -0.913683 89.98
      vertex -6.97628 -0.546447 28.6098
      vertex -6.96603 -0.650561 28.5706
    endloop
  endfacet
  facet normal -0.995185 -0.0980168 7.8234e-08
    outer loop
      vertex -6.94011 -0.913683 89.98
      vertex -6.96603 -0.650561 28.5706
      vertex -6.95605 -0.75189 28.5247
    endloop
  endfacet
  facet normal -0.995188 -0.0979882 1.54455e-07
    outer loop
      vertex -6.94011 -0.913683 89.98
      vertex -6.95605 -0.75189 28.5247
      vertex -6.94639 -0.849999 28.4722
    endloop
  endfacet
  facet normal -0.995173 -0.0981359 -0
    outer loop
      vertex -6.94011 -0.913683 89.98
      vertex -6.94639 -0.849999 28.4722
      vertex -6.94011 -0.913683 28.4326
    endloop
  endfacet
  facet normal -0.995184 -0.0980206 0
    outer loop
      vertex -6.98501 -0.457822 28.6367
      vertex -6.94011 -0.913683 89.98
      vertex -6.98501 -0.457822 89.98
    endloop
  endfacet
  facet normal -0.995183 -0.0980305 0
    outer loop
      vertex -6.97628 -0.546447 7.60978
      vertex -6.98501 -0.457822 11.3633
      vertex -6.98501 -0.457822 7.63666
    endloop
  endfacet
  facet normal -0.995183 -0.0980305 0
    outer loop
      vertex -6.97628 -0.546447 7.60978
      vertex -6.97628 -0.546447 11.3902
      vertex -6.98501 -0.457822 11.3633
    endloop
  endfacet
  facet normal -0.995189 -0.0979761 0
    outer loop
      vertex -6.96603 -0.650561 7.57059
      vertex -6.97628 -0.546447 11.3902
      vertex -6.97628 -0.546447 7.60978
    endloop
  endfacet
  facet normal -0.995189 -0.0979761 0
    outer loop
      vertex -6.96603 -0.650561 7.57059
      vertex -6.96603 -0.650561 11.4294
      vertex -6.97628 -0.546447 11.3902
    endloop
  endfacet
  facet normal -0.995185 -0.0980168 0
    outer loop
      vertex -6.95605 -0.75189 7.52468
      vertex -6.96603 -0.650561 11.4294
      vertex -6.96603 -0.650561 7.57059
    endloop
  endfacet
  facet normal -0.995185 -0.0980168 0
    outer loop
      vertex -6.95605 -0.75189 7.52468
      vertex -6.95605 -0.75189 11.4753
      vertex -6.96603 -0.650561 11.4294
    endloop
  endfacet
  facet normal -0.995188 -0.0979881 0
    outer loop
      vertex -6.94639 -0.849999 7.47224
      vertex -6.95605 -0.75189 11.4753
      vertex -6.95605 -0.75189 7.52468
    endloop
  endfacet
  facet normal -0.995188 -0.0979881 0
    outer loop
      vertex -6.94639 -0.849999 7.47224
      vertex -6.94639 -0.849999 11.5278
      vertex -6.95605 -0.75189 11.4753
    endloop
  endfacet
  facet normal -0.995173 -0.0981359 0
    outer loop
      vertex -6.94011 -0.913683 7.43264
      vertex -6.94639 -0.849999 11.5278
      vertex -6.94639 -0.849999 7.47224
    endloop
  endfacet
  facet normal -0.995173 -0.0981359 0
    outer loop
      vertex -6.94639 -0.849999 11.5278
      vertex -6.94011 -0.913683 7.43264
      vertex -6.94011 -0.913683 11.5674
    endloop
  endfacet
  facet normal -0.995183 -0.0980305 0
    outer loop
      vertex -6.97628 -0.546447 14.6098
      vertex -6.98501 -0.457822 18.3633
      vertex -6.98501 -0.457822 14.6367
    endloop
  endfacet
  facet normal -0.995183 -0.0980305 0
    outer loop
      vertex -6.97628 -0.546447 14.6098
      vertex -6.97628 -0.546447 18.3902
      vertex -6.98501 -0.457822 18.3633
    endloop
  endfacet
  facet normal -0.995189 -0.0979761 0
    outer loop
      vertex -6.96603 -0.650561 14.5706
      vertex -6.97628 -0.546447 18.3902
      vertex -6.97628 -0.546447 14.6098
    endloop
  endfacet
  facet normal -0.995189 -0.0979761 0
    outer loop
      vertex -6.96603 -0.650561 14.5706
      vertex -6.96603 -0.650561 18.4294
      vertex -6.97628 -0.546447 18.3902
    endloop
  endfacet
  facet normal -0.995185 -0.0980168 0
    outer loop
      vertex -6.95605 -0.75189 14.5247
      vertex -6.96603 -0.650561 18.4294
      vertex -6.96603 -0.650561 14.5706
    endloop
  endfacet
  facet normal -0.995185 -0.0980168 0
    outer loop
      vertex -6.95605 -0.75189 14.5247
      vertex -6.95605 -0.75189 18.4753
      vertex -6.96603 -0.650561 18.4294
    endloop
  endfacet
  facet normal -0.995188 -0.0979881 0
    outer loop
      vertex -6.94639 -0.849999 14.4722
      vertex -6.95605 -0.75189 18.4753
      vertex -6.95605 -0.75189 14.5247
    endloop
  endfacet
  facet normal -0.995188 -0.0979881 0
    outer loop
      vertex -6.94639 -0.849999 14.4722
      vertex -6.94639 -0.849999 18.5278
      vertex -6.95605 -0.75189 18.4753
    endloop
  endfacet
  facet normal -0.995173 -0.0981359 0
    outer loop
      vertex -6.94011 -0.913683 14.4326
      vertex -6.94639 -0.849999 18.5278
      vertex -6.94639 -0.849999 14.4722
    endloop
  endfacet
  facet normal -0.995173 -0.0981359 0
    outer loop
      vertex -6.94639 -0.849999 18.5278
      vertex -6.94011 -0.913683 14.4326
      vertex -6.94011 -0.913683 18.5674
    endloop
  endfacet
  facet normal -0.995183 -0.0980305 0
    outer loop
      vertex -6.97628 -0.546447 21.6098
      vertex -6.98501 -0.457822 25.3633
      vertex -6.98501 -0.457822 21.6367
    endloop
  endfacet
  facet normal -0.995183 -0.0980305 0
    outer loop
      vertex -6.97628 -0.546447 21.6098
      vertex -6.97628 -0.546447 25.3902
      vertex -6.98501 -0.457822 25.3633
    endloop
  endfacet
  facet normal -0.995189 -0.0979761 0
    outer loop
      vertex -6.96603 -0.650561 21.5706
      vertex -6.97628 -0.546447 25.3902
      vertex -6.97628 -0.546447 21.6098
    endloop
  endfacet
  facet normal -0.995189 -0.0979761 0
    outer loop
      vertex -6.96603 -0.650561 21.5706
      vertex -6.96603 -0.650561 25.4294
      vertex -6.97628 -0.546447 25.3902
    endloop
  endfacet
  facet normal -0.995185 -0.0980168 0
    outer loop
      vertex -6.95605 -0.75189 21.5247
      vertex -6.96603 -0.650561 25.4294
      vertex -6.96603 -0.650561 21.5706
    endloop
  endfacet
  facet normal -0.995185 -0.0980168 0
    outer loop
      vertex -6.95605 -0.75189 21.5247
      vertex -6.95605 -0.75189 25.4753
      vertex -6.96603 -0.650561 25.4294
    endloop
  endfacet
  facet normal -0.995188 -0.0979881 0
    outer loop
      vertex -6.94639 -0.849999 21.4722
      vertex -6.95605 -0.75189 25.4753
      vertex -6.95605 -0.75189 21.5247
    endloop
  endfacet
  facet normal -0.995188 -0.0979881 0
    outer loop
      vertex -6.94639 -0.849999 21.4722
      vertex -6.94639 -0.849999 25.5278
      vertex -6.95605 -0.75189 25.4753
    endloop
  endfacet
  facet normal -0.995173 -0.0981359 0
    outer loop
      vertex -6.94011 -0.913683 21.4326
      vertex -6.94639 -0.849999 25.5278
      vertex -6.94639 -0.849999 21.4722
    endloop
  endfacet
  facet normal -0.995173 -0.0981359 0
    outer loop
      vertex -6.94639 -0.849999 25.5278
      vertex -6.94011 -0.913683 21.4326
      vertex -6.94011 -0.913683 25.5674
    endloop
  endfacet
  facet normal 0.986656 -0.162818 -6.46564e-06
    outer loop
      vertex 6.8655 -1.36563 0
      vertex 6.94011 -0.913683 4.56736
      vertex 6.93503 -0.944468 4.5865
    endloop
  endfacet
  facet normal 0.986641 -0.162908 2.02457e-06
    outer loop
      vertex 6.8655 -1.36563 0
      vertex 6.93503 -0.944468 4.5865
      vertex 6.9201 -1.03489 4.6513
    endloop
  endfacet
  facet normal 0.986641 -0.162909 2.11613e-06
    outer loop
      vertex 6.8655 -1.36563 0
      vertex 6.9201 -1.03489 4.6513
      vertex 6.9059 -1.12089 4.72187
    endloop
  endfacet
  facet normal 0.986652 -0.162843 -1.37451e-06
    outer loop
      vertex 6.8655 -1.36563 0
      vertex 6.9059 -1.12089 4.72187
      vertex 6.8925 -1.20208 4.79792
    endloop
  endfacet
  facet normal 0.986635 -0.162945 2.18637e-06
    outer loop
      vertex 6.8655 -1.36563 0
      vertex 6.8925 -1.20208 4.79792
      vertex 6.87994 -1.27813 4.87911
    endloop
  endfacet
  facet normal 0.986646 -0.162879 9.65211e-07
    outer loop
      vertex 6.8655 -1.36563 0
      vertex 6.87994 -1.27813 4.87911
      vertex 6.86829 -1.3487 4.96511
    endloop
  endfacet
  facet normal 0.986692 -0.162603 0
    outer loop
      vertex 6.8655 -1.36563 0
      vertex 6.86829 -1.3487 4.96511
      vertex 6.8655 -1.36563 4.98873
    endloop
  endfacet
  facet normal 0.986646 -0.162881 0
    outer loop
      vertex 6.94011 -0.913683 4.56736
      vertex 6.8655 -1.36563 0
      vertex 6.94011 -0.913683 0
    endloop
  endfacet
  facet normal 0.986646 -0.162881 0
    outer loop
      vertex 6.8655 -1.36563 89.98
      vertex 6.94011 -0.913683 28.4326
      vertex 6.94011 -0.913683 89.98
    endloop
  endfacet
  facet normal 0.986657 -0.162814 5.07016e-07
    outer loop
      vertex 6.94011 -0.913683 28.4326
      vertex 6.8655 -1.36563 89.98
      vertex 6.93503 -0.944468 28.4135
    endloop
  endfacet
  facet normal 0.986641 -0.162909 -1.59965e-07
    outer loop
      vertex 6.93503 -0.944468 28.4135
      vertex 6.8655 -1.36563 89.98
      vertex 6.9201 -1.03489 28.3487
    endloop
  endfacet
  facet normal 0.986641 -0.16291 -1.68281e-07
    outer loop
      vertex 6.9201 -1.03489 28.3487
      vertex 6.8655 -1.36563 89.98
      vertex 6.9059 -1.12089 28.2781
    endloop
  endfacet
  facet normal 0.986652 -0.162842 1.09886e-07
    outer loop
      vertex 6.9059 -1.12089 28.2781
      vertex 6.8655 -1.36563 89.98
      vertex 6.8925 -1.20208 28.2021
    endloop
  endfacet
  facet normal 0.986635 -0.162947 -1.75486e-07
    outer loop
      vertex 6.8925 -1.20208 28.2021
      vertex 6.8655 -1.36563 89.98
      vertex 6.87994 -1.27813 28.1209
    endloop
  endfacet
  facet normal 0.986646 -0.16288 -7.76606e-08
    outer loop
      vertex 6.87994 -1.27813 28.1209
      vertex 6.8655 -1.36563 89.98
      vertex 6.86829 -1.3487 28.0349
    endloop
  endfacet
  facet normal 0.986692 -0.162603 0
    outer loop
      vertex 6.86829 -1.3487 28.0349
      vertex 6.8655 -1.36563 89.98
      vertex 6.8655 -1.36563 28.0113
    endloop
  endfacet
  facet normal 0.986657 -0.162814 0
    outer loop
      vertex 6.93503 -0.944468 11.5865
      vertex 6.94011 -0.913683 7.43264
      vertex 6.94011 -0.913683 11.5674
    endloop
  endfacet
  facet normal 0.986657 -0.162814 0
    outer loop
      vertex 6.93503 -0.944468 11.5865
      vertex 6.93503 -0.944468 7.4135
      vertex 6.94011 -0.913683 7.43264
    endloop
  endfacet
  facet normal 0.986641 -0.162909 0
    outer loop
      vertex 6.9201 -1.03489 11.6513
      vertex 6.93503 -0.944468 7.4135
      vertex 6.93503 -0.944468 11.5865
    endloop
  endfacet
  facet normal 0.986641 -0.162909 0
    outer loop
      vertex 6.9201 -1.03489 11.6513
      vertex 6.9201 -1.03489 7.3487
      vertex 6.93503 -0.944468 7.4135
    endloop
  endfacet
  facet normal 0.986641 -0.16291 0
    outer loop
      vertex 6.9059 -1.12089 11.7219
      vertex 6.9201 -1.03489 7.3487
      vertex 6.9201 -1.03489 11.6513
    endloop
  endfacet
  facet normal 0.986641 -0.16291 0
    outer loop
      vertex 6.9059 -1.12089 11.7219
      vertex 6.9059 -1.12089 7.27813
      vertex 6.9201 -1.03489 7.3487
    endloop
  endfacet
  facet normal 0.986652 -0.162842 0
    outer loop
      vertex 6.8925 -1.20208 11.7979
      vertex 6.9059 -1.12089 7.27813
      vertex 6.9059 -1.12089 11.7219
    endloop
  endfacet
  facet normal 0.986652 -0.162842 0
    outer loop
      vertex 6.8925 -1.20208 11.7979
      vertex 6.8925 -1.20208 7.20208
      vertex 6.9059 -1.12089 7.27813
    endloop
  endfacet
  facet normal 0.986635 -0.162947 0
    outer loop
      vertex 6.87994 -1.27813 11.8791
      vertex 6.8925 -1.20208 7.20208
      vertex 6.8925 -1.20208 11.7979
    endloop
  endfacet
  facet normal 0.986635 -0.162947 0
    outer loop
      vertex 6.87994 -1.27813 11.8791
      vertex 6.87994 -1.27813 7.12089
      vertex 6.8925 -1.20208 7.20208
    endloop
  endfacet
  facet normal 0.986646 -0.16288 0
    outer loop
      vertex 6.86829 -1.3487 11.9651
      vertex 6.87994 -1.27813 7.12089
      vertex 6.87994 -1.27813 11.8791
    endloop
  endfacet
  facet normal 0.986646 -0.16288 0
    outer loop
      vertex 6.86829 -1.3487 11.9651
      vertex 6.86829 -1.3487 7.03489
      vertex 6.87994 -1.27813 7.12089
    endloop
  endfacet
  facet normal 0.986692 -0.162603 0
    outer loop
      vertex 6.8655 -1.36563 11.9887
      vertex 6.86829 -1.3487 7.03489
      vertex 6.86829 -1.3487 11.9651
    endloop
  endfacet
  facet normal 0.986692 -0.162603 0
    outer loop
      vertex 6.86829 -1.3487 7.03489
      vertex 6.8655 -1.36563 11.9887
      vertex 6.8655 -1.36563 7.01127
    endloop
  endfacet
  facet normal 0.986657 -0.162814 0
    outer loop
      vertex 6.93503 -0.944468 18.5865
      vertex 6.94011 -0.913683 14.4326
      vertex 6.94011 -0.913683 18.5674
    endloop
  endfacet
  facet normal 0.986657 -0.162814 0
    outer loop
      vertex 6.93503 -0.944468 18.5865
      vertex 6.93503 -0.944468 14.4135
      vertex 6.94011 -0.913683 14.4326
    endloop
  endfacet
  facet normal 0.986641 -0.162909 0
    outer loop
      vertex 6.9201 -1.03489 18.6513
      vertex 6.93503 -0.944468 14.4135
      vertex 6.93503 -0.944468 18.5865
    endloop
  endfacet
  facet normal 0.986641 -0.162909 0
    outer loop
      vertex 6.9201 -1.03489 18.6513
      vertex 6.9201 -1.03489 14.3487
      vertex 6.93503 -0.944468 14.4135
    endloop
  endfacet
  facet normal 0.986641 -0.16291 0
    outer loop
      vertex 6.9059 -1.12089 18.7219
      vertex 6.9201 -1.03489 14.3487
      vertex 6.9201 -1.03489 18.6513
    endloop
  endfacet
  facet normal 0.986641 -0.16291 0
    outer loop
      vertex 6.9059 -1.12089 18.7219
      vertex 6.9059 -1.12089 14.2781
      vertex 6.9201 -1.03489 14.3487
    endloop
  endfacet
  facet normal 0.986652 -0.162842 0
    outer loop
      vertex 6.8925 -1.20208 18.7979
      vertex 6.9059 -1.12089 14.2781
      vertex 6.9059 -1.12089 18.7219
    endloop
  endfacet
  facet normal 0.986652 -0.162842 0
    outer loop
      vertex 6.8925 -1.20208 18.7979
      vertex 6.8925 -1.20208 14.2021
      vertex 6.9059 -1.12089 14.2781
    endloop
  endfacet
  facet normal 0.986635 -0.162947 0
    outer loop
      vertex 6.87994 -1.27813 18.8791
      vertex 6.8925 -1.20208 14.2021
      vertex 6.8925 -1.20208 18.7979
    endloop
  endfacet
  facet normal 0.986635 -0.162947 0
    outer loop
      vertex 6.87994 -1.27813 18.8791
      vertex 6.87994 -1.27813 14.1209
      vertex 6.8925 -1.20208 14.2021
    endloop
  endfacet
  facet normal 0.986646 -0.16288 0
    outer loop
      vertex 6.86829 -1.3487 18.9651
      vertex 6.87994 -1.27813 14.1209
      vertex 6.87994 -1.27813 18.8791
    endloop
  endfacet
  facet normal 0.986646 -0.16288 0
    outer loop
      vertex 6.86829 -1.3487 18.9651
      vertex 6.86829 -1.3487 14.0349
      vertex 6.87994 -1.27813 14.1209
    endloop
  endfacet
  facet normal 0.986692 -0.162603 0
    outer loop
      vertex 6.8655 -1.36563 18.9887
      vertex 6.86829 -1.3487 14.0349
      vertex 6.86829 -1.3487 18.9651
    endloop
  endfacet
  facet normal 0.986692 -0.162603 0
    outer loop
      vertex 6.86829 -1.3487 14.0349
      vertex 6.8655 -1.36563 18.9887
      vertex 6.8655 -1.36563 14.0113
    endloop
  endfacet
  facet normal 0.986657 -0.162814 0
    outer loop
      vertex 6.93503 -0.944468 25.5865
      vertex 6.94011 -0.913683 21.4326
      vertex 6.94011 -0.913683 25.5674
    endloop
  endfacet
  facet normal 0.986657 -0.162814 0
    outer loop
      vertex 6.93503 -0.944468 25.5865
      vertex 6.93503 -0.944468 21.4135
      vertex 6.94011 -0.913683 21.4326
    endloop
  endfacet
  facet normal 0.986641 -0.162909 0
    outer loop
      vertex 6.9201 -1.03489 25.6513
      vertex 6.93503 -0.944468 21.4135
      vertex 6.93503 -0.944468 25.5865
    endloop
  endfacet
  facet normal 0.986641 -0.162909 0
    outer loop
      vertex 6.9201 -1.03489 25.6513
      vertex 6.9201 -1.03489 21.3487
      vertex 6.93503 -0.944468 21.4135
    endloop
  endfacet
  facet normal 0.986641 -0.16291 0
    outer loop
      vertex 6.9059 -1.12089 25.7219
      vertex 6.9201 -1.03489 21.3487
      vertex 6.9201 -1.03489 25.6513
    endloop
  endfacet
  facet normal 0.986641 -0.16291 0
    outer loop
      vertex 6.9059 -1.12089 25.7219
      vertex 6.9059 -1.12089 21.2781
      vertex 6.9201 -1.03489 21.3487
    endloop
  endfacet
  facet normal 0.986652 -0.162842 0
    outer loop
      vertex 6.8925 -1.20208 25.7979
      vertex 6.9059 -1.12089 21.2781
      vertex 6.9059 -1.12089 25.7219
    endloop
  endfacet
  facet normal 0.986652 -0.162842 0
    outer loop
      vertex 6.8925 -1.20208 25.7979
      vertex 6.8925 -1.20208 21.2021
      vertex 6.9059 -1.12089 21.2781
    endloop
  endfacet
  facet normal 0.986635 -0.162947 0
    outer loop
      vertex 6.87994 -1.27813 25.8791
      vertex 6.8925 -1.20208 21.2021
      vertex 6.8925 -1.20208 25.7979
    endloop
  endfacet
  facet normal 0.986635 -0.162947 0
    outer loop
      vertex 6.87994 -1.27813 25.8791
      vertex 6.87994 -1.27813 21.1209
      vertex 6.8925 -1.20208 21.2021
    endloop
  endfacet
  facet normal 0.986646 -0.16288 0
    outer loop
      vertex 6.86829 -1.3487 25.9651
      vertex 6.87994 -1.27813 21.1209
      vertex 6.87994 -1.27813 25.8791
    endloop
  endfacet
  facet normal 0.986646 -0.16288 0
    outer loop
      vertex 6.86829 -1.3487 25.9651
      vertex 6.86829 -1.3487 21.0349
      vertex 6.87994 -1.27813 21.1209
    endloop
  endfacet
  facet normal 0.986692 -0.162603 0
    outer loop
      vertex 6.8655 -1.36563 25.9887
      vertex 6.86829 -1.3487 21.0349
      vertex 6.86829 -1.3487 25.9651
    endloop
  endfacet
  facet normal 0.986692 -0.162603 0
    outer loop
      vertex 6.86829 -1.3487 21.0349
      vertex 6.8655 -1.36563 25.9887
      vertex 6.8655 -1.36563 21.0113
    endloop
  endfacet
  facet normal 0.999462 0.0327859 0
    outer loop
      vertex 11 0 93
      vertex 10.9764 0.719434 89.98
      vertex 10.9764 0.719434 93
    endloop
  endfacet
  facet normal 0.999462 0.0327859 0
    outer loop
      vertex 10.9764 0.719434 89.98
      vertex 11 0 93
      vertex 11 0 89.98
    endloop
  endfacet
  facet normal -0.999462 0.0327859 0
    outer loop
      vertex -11 0 89.98
      vertex -10.9764 0.719434 93
      vertex -10.9764 0.719434 89.98
    endloop
  endfacet
  facet normal -0.999462 0.0327859 0
    outer loop
      vertex -10.9764 0.719434 93
      vertex -11 0 89.98
      vertex -11 0 93
    endloop
  endfacet
  facet normal 0.0327859 0.999462 -0
    outer loop
      vertex 0.719434 10.9764 89.98
      vertex 0 11 93
      vertex 0.719434 10.9764 93
    endloop
  endfacet
  facet normal 0.0327859 0.999462 0
    outer loop
      vertex 0 11 93
      vertex 0.719434 10.9764 89.98
      vertex 0 11 89.98
    endloop
  endfacet
  facet normal -0.0327859 -0.999462 0
    outer loop
      vertex -0.719434 -10.9764 89.98
      vertex 0 -11 93
      vertex -0.719434 -10.9764 93
    endloop
  endfacet
  facet normal -0.0327859 -0.999462 -0
    outer loop
      vertex 0 -11 93
      vertex -0.719434 -10.9764 89.98
      vertex 0 -11 89.98
    endloop
  endfacet
  facet normal 0.729859 0.683598 0
    outer loop
      vertex 8.27024 7.2528 93
      vertex 7.77817 7.77817 89.98
      vertex 7.77817 7.77817 93
    endloop
  endfacet
  facet normal 0.729859 0.683598 0
    outer loop
      vertex 7.77817 7.77817 89.98
      vertex 8.27024 7.2528 93
      vertex 8.27024 7.2528 89.98
    endloop
  endfacet
  facet normal -0.683598 0.729859 0
    outer loop
      vertex -7.2528 8.27024 89.98
      vertex -7.77817 7.77817 93
      vertex -7.2528 8.27024 93
    endloop
  endfacet
  facet normal -0.683598 0.729859 0
    outer loop
      vertex -7.77817 7.77817 93
      vertex -7.2528 8.27024 89.98
      vertex -7.77817 7.77817 89.98
    endloop
  endfacet
  facet normal -0.973894 -0.227004 0
    outer loop
      vertex -10.6252 -2.84701 89.98
      vertex -10.7886 -2.14599 93
      vertex -10.7886 -2.14599 89.98
    endloop
  endfacet
  facet normal -0.973894 -0.227004 0
    outer loop
      vertex -10.7886 -2.14599 93
      vertex -10.6252 -2.84701 89.98
      vertex -10.6252 -2.84701 93
    endloop
  endfacet
  facet normal 0.910851 0.412735 0
    outer loop
      vertex 10.1627 4.20952 93
      vertex 9.8656 4.86518 89.98
      vertex 9.8656 4.86518 93
    endloop
  endfacet
  facet normal 0.910851 0.412735 0
    outer loop
      vertex 9.8656 4.86518 89.98
      vertex 10.1627 4.20952 93
      vertex 10.1627 4.20952 89.98
    endloop
  endfacet
  facet normal 0.412735 0.910851 -0
    outer loop
      vertex 4.86518 9.8656 89.98
      vertex 4.20952 10.1627 93
      vertex 4.86518 9.8656 93
    endloop
  endfacet
  facet normal 0.412735 0.910851 0
    outer loop
      vertex 4.20952 10.1627 93
      vertex 4.86518 9.8656 89.98
      vertex 4.20952 10.1627 89.98
    endloop
  endfacet
  facet normal -0.849197 0.528076 0
    outer loop
      vertex -9.52628 5.5 89.98
      vertex -9.14616 6.11127 93
      vertex -9.14616 6.11127 89.98
    endloop
  endfacet
  facet normal -0.849197 0.528076 0
    outer loop
      vertex -9.14616 6.11127 93
      vertex -9.52628 5.5 89.98
      vertex -9.52628 5.5 93
    endloop
  endfacet
  facet normal -0.162957 0.986633 0
    outer loop
      vertex -1.43579 10.9059 89.98
      vertex -2.14599 10.7886 93
      vertex -1.43579 10.9059 93
    endloop
  endfacet
  facet normal -0.162957 0.986633 0
    outer loop
      vertex -2.14599 10.7886 93
      vertex -1.43579 10.9059 89.98
      vertex -2.14599 10.7886 89.98
    endloop
  endfacet
  facet normal 0.88192 -0.471399 0
    outer loop
      vertex 9.52628 -5.5 93
      vertex 9.8656 -4.86518 89.98
      vertex 9.8656 -4.86518 93
    endloop
  endfacet
  facet normal 0.88192 -0.471399 0
    outer loop
      vertex 9.8656 -4.86518 89.98
      vertex 9.52628 -5.5 93
      vertex 9.52628 -5.5 89.98
    endloop
  endfacet
  facet normal 0.227004 -0.973894 0
    outer loop
      vertex 2.14599 -10.7886 89.98
      vertex 2.84701 -10.6252 93
      vertex 2.14599 -10.7886 93
    endloop
  endfacet
  facet normal 0.227004 -0.973894 0
    outer loop
      vertex 2.84701 -10.6252 93
      vertex 2.14599 -10.7886 89.98
      vertex 2.84701 -10.6252 89.98
    endloop
  endfacet
  facet normal 0.683598 -0.729859 0
    outer loop
      vertex 7.2528 -8.27024 89.98
      vertex 7.77817 -7.77817 93
      vertex 7.2528 -8.27024 93
    endloop
  endfacet
  facet normal 0.683598 -0.729859 0
    outer loop
      vertex 7.77817 -7.77817 93
      vertex 7.2528 -8.27024 89.98
      vertex 7.77817 -7.77817 89.98
    endloop
  endfacet
  facet normal -0.352178 -0.935933 0
    outer loop
      vertex -4.20952 -10.1627 89.98
      vertex -3.53583 -10.4162 93
      vertex -4.20952 -10.1627 93
    endloop
  endfacet
  facet normal -0.352178 -0.935933 -0
    outer loop
      vertex -3.53583 -10.4162 93
      vertex -4.20952 -10.1627 89.98
      vertex -3.53583 -10.4162 89.98
    endloop
  endfacet
  facet normal -0.729859 -0.683598 0
    outer loop
      vertex -7.77817 -7.77817 89.98
      vertex -8.27024 -7.2528 93
      vertex -8.27024 -7.2528 89.98
    endloop
  endfacet
  facet normal -0.729859 -0.683598 0
    outer loop
      vertex -8.27024 -7.2528 93
      vertex -7.77817 -7.77817 89.98
      vertex -7.77817 -7.77817 93
    endloop
  endfacet
  facet normal 0.995192 0.0979416 0
    outer loop
      vertex 10.9764 0.719434 93
      vertex 10.9059 1.43579 89.98
      vertex 10.9059 1.43579 93
    endloop
  endfacet
  facet normal 0.995192 0.0979416 0
    outer loop
      vertex 10.9059 1.43579 89.98
      vertex 10.9764 0.719434 93
      vertex 10.9764 0.719434 89.98
    endloop
  endfacet
  facet normal 0.956922 0.290347 0
    outer loop
      vertex 10.6252 2.84701 93
      vertex 10.4162 3.53583 89.98
      vertex 10.4162 3.53583 93
    endloop
  endfacet
  facet normal 0.956922 0.290347 0
    outer loop
      vertex 10.4162 3.53583 89.98
      vertex 10.6252 2.84701 93
      vertex 10.6252 2.84701 89.98
    endloop
  endfacet
  facet normal 0.849197 0.528076 0
    outer loop
      vertex 9.52628 5.5 93
      vertex 9.14616 6.11127 89.98
      vertex 9.14616 6.11127 93
    endloop
  endfacet
  facet normal 0.849197 0.528076 0
    outer loop
      vertex 9.14616 6.11127 89.98
      vertex 9.52628 5.5 93
      vertex 9.52628 5.5 89.98
    endloop
  endfacet
  facet normal 0.773011 0.634393 0
    outer loop
      vertex 8.72689 6.69637 93
      vertex 8.27024 7.2528 89.98
      vertex 8.27024 7.2528 93
    endloop
  endfacet
  facet normal 0.773011 0.634393 0
    outer loop
      vertex 8.27024 7.2528 89.98
      vertex 8.72689 6.69637 93
      vertex 8.72689 6.69637 89.98
    endloop
  endfacet
  facet normal 0.88192 0.471399 0
    outer loop
      vertex 9.8656 4.86518 93
      vertex 9.52628 5.5 89.98
      vertex 9.52628 5.5 93
    endloop
  endfacet
  facet normal 0.88192 0.471399 0
    outer loop
      vertex 9.52628 5.5 89.98
      vertex 9.8656 4.86518 93
      vertex 9.8656 4.86518 89.98
    endloop
  endfacet
  facet normal 0.227004 0.973894 -0
    outer loop
      vertex 2.84701 10.6252 89.98
      vertex 2.14599 10.7886 93
      vertex 2.84701 10.6252 93
    endloop
  endfacet
  facet normal 0.227004 0.973894 0
    outer loop
      vertex 2.14599 10.7886 93
      vertex 2.84701 10.6252 89.98
      vertex 2.14599 10.7886 89.98
    endloop
  endfacet
  facet normal 0.162957 0.986633 -0
    outer loop
      vertex 2.14599 10.7886 89.98
      vertex 1.43579 10.9059 93
      vertex 2.14599 10.7886 93
    endloop
  endfacet
  facet normal 0.162957 0.986633 0
    outer loop
      vertex 1.43579 10.9059 93
      vertex 2.14599 10.7886 89.98
      vertex 1.43579 10.9059 89.98
    endloop
  endfacet
  facet normal 0.471399 0.88192 -0
    outer loop
      vertex 5.5 9.52628 89.98
      vertex 4.86518 9.8656 93
      vertex 5.5 9.52628 93
    endloop
  endfacet
  facet normal 0.471399 0.88192 0
    outer loop
      vertex 4.86518 9.8656 93
      vertex 5.5 9.52628 89.98
      vertex 4.86518 9.8656 89.98
    endloop
  endfacet
  facet normal 0.683598 0.729859 -0
    outer loop
      vertex 7.77817 7.77817 89.98
      vertex 7.2528 8.27024 93
      vertex 7.77817 7.77817 93
    endloop
  endfacet
  facet normal 0.683598 0.729859 0
    outer loop
      vertex 7.2528 8.27024 93
      vertex 7.77817 7.77817 89.98
      vertex 7.2528 8.27024 89.98
    endloop
  endfacet
  facet normal -0.973894 0.227004 0
    outer loop
      vertex -10.7886 2.14599 89.98
      vertex -10.6252 2.84701 93
      vertex -10.6252 2.84701 89.98
    endloop
  endfacet
  facet normal -0.973894 0.227004 0
    outer loop
      vertex -10.6252 2.84701 93
      vertex -10.7886 2.14599 89.98
      vertex -10.7886 2.14599 93
    endloop
  endfacet
  facet normal -0.729859 0.683598 0
    outer loop
      vertex -8.27024 7.2528 89.98
      vertex -7.77817 7.77817 93
      vertex -7.77817 7.77817 89.98
    endloop
  endfacet
  facet normal -0.729859 0.683598 0
    outer loop
      vertex -7.77817 7.77817 93
      vertex -8.27024 7.2528 89.98
      vertex -8.27024 7.2528 93
    endloop
  endfacet
  facet normal -0.910851 0.412735 0
    outer loop
      vertex -10.1627 4.20952 89.98
      vertex -9.8656 4.86518 93
      vertex -9.8656 4.86518 89.98
    endloop
  endfacet
  facet normal -0.910851 0.412735 0
    outer loop
      vertex -9.8656 4.86518 93
      vertex -10.1627 4.20952 89.98
      vertex -10.1627 4.20952 93
    endloop
  endfacet
  facet normal -0.986633 0.162957 0
    outer loop
      vertex -10.9059 1.43579 89.98
      vertex -10.7886 2.14599 93
      vertex -10.7886 2.14599 89.98
    endloop
  endfacet
  facet normal -0.986633 0.162957 0
    outer loop
      vertex -10.7886 2.14599 93
      vertex -10.9059 1.43579 89.98
      vertex -10.9059 1.43579 93
    endloop
  endfacet
  facet normal -0.528076 0.849197 0
    outer loop
      vertex -5.5 9.52628 89.98
      vertex -6.11127 9.14616 93
      vertex -5.5 9.52628 93
    endloop
  endfacet
  facet normal -0.528076 0.849197 0
    outer loop
      vertex -6.11127 9.14616 93
      vertex -5.5 9.52628 89.98
      vertex -6.11127 9.14616 89.98
    endloop
  endfacet
  facet normal -0.412735 0.910851 0
    outer loop
      vertex -4.20952 10.1627 89.98
      vertex -4.86518 9.8656 93
      vertex -4.20952 10.1627 93
    endloop
  endfacet
  facet normal -0.412735 0.910851 0
    outer loop
      vertex -4.86518 9.8656 93
      vertex -4.20952 10.1627 89.98
      vertex -4.86518 9.8656 89.98
    endloop
  endfacet
  facet normal -0.634393 0.773011 0
    outer loop
      vertex -6.69637 8.72689 89.98
      vertex -7.2528 8.27024 93
      vertex -6.69637 8.72689 93
    endloop
  endfacet
  facet normal -0.634393 0.773011 0
    outer loop
      vertex -7.2528 8.27024 93
      vertex -6.69637 8.72689 89.98
      vertex -7.2528 8.27024 89.98
    endloop
  endfacet
  facet normal -0.227004 0.973894 0
    outer loop
      vertex -2.14599 10.7886 89.98
      vertex -2.84701 10.6252 93
      vertex -2.14599 10.7886 93
    endloop
  endfacet
  facet normal -0.227004 0.973894 0
    outer loop
      vertex -2.84701 10.6252 93
      vertex -2.14599 10.7886 89.98
      vertex -2.84701 10.6252 89.98
    endloop
  endfacet
  facet normal -0.290347 0.956922 0
    outer loop
      vertex -2.84701 10.6252 89.98
      vertex -3.53583 10.4162 93
      vertex -2.84701 10.6252 93
    endloop
  endfacet
  facet normal -0.290347 0.956922 0
    outer loop
      vertex -3.53583 10.4162 93
      vertex -2.84701 10.6252 89.98
      vertex -3.53583 10.4162 89.98
    endloop
  endfacet
  facet normal -0.0979416 0.995192 0
    outer loop
      vertex -0.719434 10.9764 89.98
      vertex -1.43579 10.9059 93
      vertex -0.719434 10.9764 93
    endloop
  endfacet
  facet normal -0.0979416 0.995192 0
    outer loop
      vertex -1.43579 10.9059 93
      vertex -0.719434 10.9764 89.98
      vertex -1.43579 10.9059 89.98
    endloop
  endfacet
  facet normal 0.412735 -0.910851 0
    outer loop
      vertex 4.20952 -10.1627 89.98
      vertex 4.86518 -9.8656 93
      vertex 4.20952 -10.1627 93
    endloop
  endfacet
  facet normal 0.412735 -0.910851 0
    outer loop
      vertex 4.86518 -9.8656 93
      vertex 4.20952 -10.1627 89.98
      vertex 4.86518 -9.8656 89.98
    endloop
  endfacet
  facet normal 0.986633 -0.162957 0
    outer loop
      vertex 10.7886 -2.14599 93
      vertex 10.9059 -1.43579 89.98
      vertex 10.9059 -1.43579 93
    endloop
  endfacet
  facet normal 0.986633 -0.162957 0
    outer loop
      vertex 10.9059 -1.43579 89.98
      vertex 10.7886 -2.14599 93
      vertex 10.7886 -2.14599 89.98
    endloop
  endfacet
  facet normal 0.956922 -0.290347 0
    outer loop
      vertex 10.4162 -3.53583 93
      vertex 10.6252 -2.84701 89.98
      vertex 10.6252 -2.84701 93
    endloop
  endfacet
  facet normal 0.956922 -0.290347 0
    outer loop
      vertex 10.6252 -2.84701 89.98
      vertex 10.4162 -3.53583 93
      vertex 10.4162 -3.53583 89.98
    endloop
  endfacet
  facet normal 0.995192 -0.0979416 0
    outer loop
      vertex 10.9059 -1.43579 93
      vertex 10.9764 -0.719434 89.98
      vertex 10.9764 -0.719434 93
    endloop
  endfacet
  facet normal 0.995192 -0.0979416 0
    outer loop
      vertex 10.9764 -0.719434 89.98
      vertex 10.9059 -1.43579 93
      vertex 10.9059 -1.43579 89.98
    endloop
  endfacet
  facet normal -0.683598 -0.729859 0
    outer loop
      vertex -7.77817 -7.77817 89.98
      vertex -7.2528 -8.27024 93
      vertex -7.77817 -7.77817 93
    endloop
  endfacet
  facet normal -0.683598 -0.729859 -0
    outer loop
      vertex -7.2528 -8.27024 93
      vertex -7.77817 -7.77817 89.98
      vertex -7.2528 -8.27024 89.98
    endloop
  endfacet
  facet normal -0.162957 -0.986633 0
    outer loop
      vertex -2.14599 -10.7886 89.98
      vertex -1.43579 -10.9059 93
      vertex -2.14599 -10.7886 93
    endloop
  endfacet
  facet normal -0.162957 -0.986633 -0
    outer loop
      vertex -1.43579 -10.9059 93
      vertex -2.14599 -10.7886 89.98
      vertex -1.43579 -10.9059 89.98
    endloop
  endfacet
  facet normal -0.910851 -0.412735 0
    outer loop
      vertex -9.8656 -4.86518 89.98
      vertex -10.1627 -4.20952 93
      vertex -10.1627 -4.20952 89.98
    endloop
  endfacet
  facet normal -0.910851 -0.412735 0
    outer loop
      vertex -10.1627 -4.20952 93
      vertex -9.8656 -4.86518 89.98
      vertex -9.8656 -4.86518 93
    endloop
  endfacet
  facet normal -0.88192 -0.471399 0
    outer loop
      vertex -9.52628 -5.5 89.98
      vertex -9.8656 -4.86518 93
      vertex -9.8656 -4.86518 89.98
    endloop
  endfacet
  facet normal -0.88192 -0.471399 0
    outer loop
      vertex -9.8656 -4.86518 93
      vertex -9.52628 -5.5 89.98
      vertex -9.52628 -5.5 93
    endloop
  endfacet
  facet normal -0.935933 -0.352178 0
    outer loop
      vertex -10.1627 -4.20952 89.98
      vertex -10.4162 -3.53583 93
      vertex -10.4162 -3.53583 89.98
    endloop
  endfacet
  facet normal -0.935933 -0.352178 0
    outer loop
      vertex -10.4162 -3.53583 93
      vertex -10.1627 -4.20952 89.98
      vertex -10.1627 -4.20952 93
    endloop
  endfacet
  facet normal 0 0 -1
    outer loop
      vertex 7 0 89.98
      vertex 11 0 89.98
      vertex 10.9764 -0.719434 89.98
    endloop
  endfacet
  facet normal 0 0 -1
    outer loop
      vertex 6.98501 -0.457822 89.98
      vertex 10.9764 -0.719434 89.98
      vertex 10.9059 -1.43579 89.98
    endloop
  endfacet
  facet normal 0 0 -1
    outer loop
      vertex 11 0 89.98
      vertex 7 0 89.98
      vertex 10.9764 0.719434 89.98
    endloop
  endfacet
  facet normal 0 0 -1
    outer loop
      vertex 6.94011 -0.913683 89.98
      vertex 10.9059 -1.43579 89.98
      vertex 10.7886 -2.14599 89.98
    endloop
  endfacet
  facet normal 0 0 -1
    outer loop
      vertex 6.98501 0.457822 89.98
      vertex 10.9764 0.719434 89.98
      vertex 7 0 89.98
    endloop
  endfacet
  facet normal 0 0 -1
    outer loop
      vertex 6.8655 -1.36563 89.98
      vertex 10.7886 -2.14599 89.98
      vertex 10.6252 -2.84701 89.98
    endloop
  endfacet
  facet normal -0 0 -1
    outer loop
      vertex 10.9764 0.719434 89.98
      vertex 6.98501 0.457822 89.98
      vertex 10.9059 1.43579 89.98
    endloop
  endfacet
  facet normal 0 0 -1
    outer loop
      vertex 6.76148 -1.81173 89.98
      vertex 10.6252 -2.84701 89.98
      vertex 10.4162 -3.53583 89.98
    endloop
  endfacet
  facet normal 0 0 -1
    outer loop
      vertex 6.94011 0.913683 89.98
      vertex 10.9059 1.43579 89.98
      vertex 6.98501 0.457822 89.98
    endloop
  endfacet
  facet normal 0 0 -1
    outer loop
      vertex 6.62851 -2.25008 89.98
      vertex 10.4162 -3.53583 89.98
      vertex 10.1627 -4.20952 89.98
    endloop
  endfacet
  facet normal -0 0 -1
    outer loop
      vertex 10.9059 1.43579 89.98
      vertex 6.94011 0.913683 89.98
      vertex 10.7886 2.14599 89.98
    endloop
  endfacet
  facet normal 0 0 -1
    outer loop
      vertex 6.46716 -2.67878 89.98
      vertex 10.1627 -4.20952 89.98
      vertex 9.8656 -4.86518 89.98
    endloop
  endfacet
  facet normal 0 0 -1
    outer loop
      vertex 6.8655 1.36563 89.98
      vertex 10.7886 2.14599 89.98
      vertex 6.94011 0.913683 89.98
    endloop
  endfacet
  facet normal 0 0 -1
    outer loop
      vertex 6.27811 -3.09602 89.98
      vertex 9.8656 -4.86518 89.98
      vertex 9.52628 -5.5 89.98
    endloop
  endfacet
  facet normal -0 0 -1
    outer loop
      vertex 10.7886 2.14599 89.98
      vertex 6.8655 1.36563 89.98
      vertex 10.6252 2.84701 89.98
    endloop
  endfacet
  facet normal 0 0 -1
    outer loop
      vertex 6.06218 -3.5 89.98
      vertex 9.52628 -5.5 89.98
      vertex 9.14616 -6.11127 89.98
    endloop
  endfacet
  facet normal 0 0 -1
    outer loop
      vertex 6.76148 1.81173 89.98
      vertex 10.6252 2.84701 89.98
      vertex 6.8655 1.36563 89.98
    endloop
  endfacet
  facet normal 0 0 -1
    outer loop
      vertex 5.82029 -3.88899 89.98
      vertex 9.14616 -6.11127 89.98
      vertex 8.72689 -6.69637 89.98
    endloop
  endfacet
  facet normal -0 0 -1
    outer loop
      vertex 10.6252 2.84701 89.98
      vertex 6.76148 1.81173 89.98
      vertex 10.4162 3.53583 89.98
    endloop
  endfacet
  facet normal 0 0 -1
    outer loop
      vertex 5.55347 -4.26133 89.98
      vertex 8.72689 -6.69637 89.98
      vertex 8.27024 -7.2528 89.98
    endloop
  endfacet
  facet normal 0 0 -1
    outer loop
      vertex 6.62851 2.25008 89.98
      vertex 10.4162 3.53583 89.98
      vertex 6.76148 1.81173 89.98
    endloop
  endfacet
  facet normal 0 0 -1
    outer loop
      vertex 5.26288 -4.61542 89.98
      vertex 8.27024 -7.2528 89.98
      vertex 7.77817 -7.77817 89.98
    endloop
  endfacet
  facet normal -0 0 -1
    outer loop
      vertex 10.4162 3.53583 89.98
      vertex 6.62851 2.25008 89.98
      vertex 10.1627 4.20952 89.98
    endloop
  endfacet
  facet normal 0 0 -1
    outer loop
      vertex 4.94975 -4.94975 89.98
      vertex 7.77817 -7.77817 89.98
      vertex 7.2528 -8.27024 89.98
    endloop
  endfacet
  facet normal 0 0 -1
    outer loop
      vertex 6.46716 2.67878 89.98
      vertex 10.1627 4.20952 89.98
      vertex 6.62851 2.25008 89.98
    endloop
  endfacet
  facet normal -0 0 -1
    outer loop
      vertex 10.1627 4.20952 89.98
      vertex 6.46716 2.67878 89.98
      vertex 9.8656 4.86518 89.98
    endloop
  endfacet
  facet normal 0 0 -1
    outer loop
      vertex 10.9764 -0.719434 89.98
      vertex 6.98501 -0.457822 89.98
      vertex 7 0 89.98
    endloop
  endfacet
  facet normal 0 0 -1
    outer loop
      vertex 10.9059 -1.43579 89.98
      vertex 6.94011 -0.913683 89.98
      vertex 6.98501 -0.457822 89.98
    endloop
  endfacet
  facet normal 0 0 -1
    outer loop
      vertex 10.7886 -2.14599 89.98
      vertex 6.8655 -1.36563 89.98
      vertex 6.94011 -0.913683 89.98
    endloop
  endfacet
  facet normal 0 0 -1
    outer loop
      vertex 10.6252 -2.84701 89.98
      vertex 6.76148 -1.81173 89.98
      vertex 6.8655 -1.36563 89.98
    endloop
  endfacet
  facet normal 0 0 -1
    outer loop
      vertex 4.61542 -5.26288 89.98
      vertex 7.2528 -8.27024 89.98
      vertex 6.69637 -8.72689 89.98
    endloop
  endfacet
  facet normal 0 0 -1
    outer loop
      vertex 10.4162 -3.53583 89.98
      vertex 6.62851 -2.25008 89.98
      vertex 6.76148 -1.81173 89.98
    endloop
  endfacet
  facet normal 0 0 -1
    outer loop
      vertex 10.1627 -4.20952 89.98
      vertex 6.46716 -2.67878 89.98
      vertex 6.62851 -2.25008 89.98
    endloop
  endfacet
  facet normal 0 0 -1
    outer loop
      vertex 9.8656 -4.86518 89.98
      vertex 6.27811 -3.09602 89.98
      vertex 6.46716 -2.67878 89.98
    endloop
  endfacet
  facet normal 0 0 -1
    outer loop
      vertex 4.26133 -5.55347 89.98
      vertex 6.69637 -8.72689 89.98
      vertex 6.11127 -9.14616 89.98
    endloop
  endfacet
  facet normal 0 0 -1
    outer loop
      vertex 9.52628 -5.5 89.98
      vertex 6.06218 -3.5 89.98
      vertex 6.27811 -3.09602 89.98
    endloop
  endfacet
  facet normal 0 0 -1
    outer loop
      vertex 9.14616 -6.11127 89.98
      vertex 5.82029 -3.88899 89.98
      vertex 6.06218 -3.5 89.98
    endloop
  endfacet
  facet normal 0 0 -1
    outer loop
      vertex 8.72689 -6.69637 89.98
      vertex 5.55347 -4.26133 89.98
      vertex 5.82029 -3.88899 89.98
    endloop
  endfacet
  facet normal 0 0 -1
    outer loop
      vertex 3.88899 -5.82029 89.98
      vertex 6.11127 -9.14616 89.98
      vertex 5.5 -9.52628 89.98
    endloop
  endfacet
  facet normal 0 0 -1
    outer loop
      vertex 8.27024 -7.2528 89.98
      vertex 5.26288 -4.61542 89.98
      vertex 5.55347 -4.26133 89.98
    endloop
  endfacet
  facet normal 0 0 -1
    outer loop
      vertex 7.77817 -7.77817 89.98
      vertex 4.94975 -4.94975 89.98
      vertex 5.26288 -4.61542 89.98
    endloop
  endfacet
  facet normal 0 0 -1
    outer loop
      vertex 3.5 -6.06218 89.98
      vertex 5.5 -9.52628 89.98
      vertex 4.86518 -9.8656 89.98
    endloop
  endfacet
  facet normal 0 0 -1
    outer loop
      vertex 7.2528 -8.27024 89.98
      vertex 4.61542 -5.26288 89.98
      vertex 4.94975 -4.94975 89.98
    endloop
  endfacet
  facet normal 0 0 -1
    outer loop
      vertex 6.69637 -8.72689 89.98
      vertex 4.26133 -5.55347 89.98
      vertex 4.61542 -5.26288 89.98
    endloop
  endfacet
  facet normal 0 0 -1
    outer loop
      vertex 3.09602 -6.27811 89.98
      vertex 4.86518 -9.8656 89.98
      vertex 4.20952 -10.1627 89.98
    endloop
  endfacet
  facet normal 0 0 -1
    outer loop
      vertex 6.11127 -9.14616 89.98
      vertex 3.88899 -5.82029 89.98
      vertex 4.26133 -5.55347 89.98
    endloop
  endfacet
  facet normal 0 0 -1
    outer loop
      vertex 2.67878 -6.46716 89.98
      vertex 4.20952 -10.1627 89.98
      vertex 3.53583 -10.4162 89.98
    endloop
  endfacet
  facet normal 0 0 -1
    outer loop
      vertex 5.5 -9.52628 89.98
      vertex 3.5 -6.06218 89.98
      vertex 3.88899 -5.82029 89.98
    endloop
  endfacet
  facet normal 0 0 -1
    outer loop
      vertex 4.86518 -9.8656 89.98
      vertex 3.09602 -6.27811 89.98
      vertex 3.5 -6.06218 89.98
    endloop
  endfacet
  facet normal 0 0 -1
    outer loop
      vertex 2.25008 -6.62851 89.98
      vertex 3.53583 -10.4162 89.98
      vertex 2.84701 -10.6252 89.98
    endloop
  endfacet
  facet normal 0 0 -1
    outer loop
      vertex 4.20952 -10.1627 89.98
      vertex 2.67878 -6.46716 89.98
      vertex 3.09602 -6.27811 89.98
    endloop
  endfacet
  facet normal 0 0 -1
    outer loop
      vertex 3.53583 -10.4162 89.98
      vertex 2.25008 -6.62851 89.98
      vertex 2.67878 -6.46716 89.98
    endloop
  endfacet
  facet normal 0 0 -1
    outer loop
      vertex 1.81173 -6.76148 89.98
      vertex 2.84701 -10.6252 89.98
      vertex 2.14599 -10.7886 89.98
    endloop
  endfacet
  facet normal 0 0 -1
    outer loop
      vertex 2.84701 -10.6252 89.98
      vertex 1.81173 -6.76148 89.98
      vertex 2.25008 -6.62851 89.98
    endloop
  endfacet
  facet normal 0 0 -1
    outer loop
      vertex 1.36563 -6.8655 89.98
      vertex 2.14599 -10.7886 89.98
      vertex 1.43579 -10.9059 89.98
    endloop
  endfacet
  facet normal 0 0 -1
    outer loop
      vertex 2.14599 -10.7886 89.98
      vertex 1.36563 -6.8655 89.98
      vertex 1.81173 -6.76148 89.98
    endloop
  endfacet
  facet normal 0 0 -1
    outer loop
      vertex 1.43579 -10.9059 89.98
      vertex 0.913683 -6.94011 89.98
      vertex 1.36563 -6.8655 89.98
    endloop
  endfacet
  facet normal 0 0 -1
    outer loop
      vertex 0.719434 -10.9764 89.98
      vertex 0.913683 -6.94011 89.98
      vertex 1.43579 -10.9059 89.98
    endloop
  endfacet
  facet normal 0 0 -1
    outer loop
      vertex 0.719434 -10.9764 89.98
      vertex 0.457822 -6.98501 89.98
      vertex 0.913683 -6.94011 89.98
    endloop
  endfacet
  facet normal 0 0 -1
    outer loop
      vertex 0 -11 89.98
      vertex 0.457822 -6.98501 89.98
      vertex 0.719434 -10.9764 89.98
    endloop
  endfacet
  facet normal 0 0 -1
    outer loop
      vertex 0 -11 89.98
      vertex 0 -7 89.98
      vertex 0.457822 -6.98501 89.98
    endloop
  endfacet
  facet normal 0 0 -1
    outer loop
      vertex 0 -11 89.98
      vertex -0.457822 -6.98501 89.98
      vertex 0 -7 89.98
    endloop
  endfacet
  facet normal 0 0 -1
    outer loop
      vertex -0.719434 -10.9764 89.98
      vertex -0.457822 -6.98501 89.98
      vertex 0 -11 89.98
    endloop
  endfacet
  facet normal 0 0 -1
    outer loop
      vertex -0.719434 -10.9764 89.98
      vertex -0.913683 -6.94011 89.98
      vertex -0.457822 -6.98501 89.98
    endloop
  endfacet
  facet normal 0 0 -1
    outer loop
      vertex -1.43579 -10.9059 89.98
      vertex -0.913683 -6.94011 89.98
      vertex -0.719434 -10.9764 89.98
    endloop
  endfacet
  facet normal -0 0 -1
    outer loop
      vertex -0.913683 -6.94011 89.98
      vertex -1.43579 -10.9059 89.98
      vertex -1.36563 -6.8655 89.98
    endloop
  endfacet
  facet normal 0 0 -1
    outer loop
      vertex -2.14599 -10.7886 89.98
      vertex -1.36563 -6.8655 89.98
      vertex -1.43579 -10.9059 89.98
    endloop
  endfacet
  facet normal -0 0 -1
    outer loop
      vertex -1.36563 -6.8655 89.98
      vertex -2.14599 -10.7886 89.98
      vertex -1.81173 -6.76148 89.98
    endloop
  endfacet
  facet normal 0 0 -1
    outer loop
      vertex -2.84701 -10.6252 89.98
      vertex -1.81173 -6.76148 89.98
      vertex -2.14599 -10.7886 89.98
    endloop
  endfacet
  facet normal -0 0 -1
    outer loop
      vertex -1.81173 -6.76148 89.98
      vertex -2.84701 -10.6252 89.98
      vertex -2.25008 -6.62851 89.98
    endloop
  endfacet
  facet normal 0 0 -1
    outer loop
      vertex -3.53583 -10.4162 89.98
      vertex -2.25008 -6.62851 89.98
      vertex -2.84701 -10.6252 89.98
    endloop
  endfacet
  facet normal -0 0 -1
    outer loop
      vertex -2.25008 -6.62851 89.98
      vertex -3.53583 -10.4162 89.98
      vertex -2.67878 -6.46716 89.98
    endloop
  endfacet
  facet normal 0 0 -1
    outer loop
      vertex -4.20952 -10.1627 89.98
      vertex -2.67878 -6.46716 89.98
      vertex -3.53583 -10.4162 89.98
    endloop
  endfacet
  facet normal -0 0 -1
    outer loop
      vertex -2.67878 -6.46716 89.98
      vertex -4.20952 -10.1627 89.98
      vertex -3.09602 -6.27811 89.98
    endloop
  endfacet
  facet normal 0 0 -1
    outer loop
      vertex -4.86518 -9.8656 89.98
      vertex -3.09602 -6.27811 89.98
      vertex -4.20952 -10.1627 89.98
    endloop
  endfacet
  facet normal -0 0 -1
    outer loop
      vertex -3.09602 -6.27811 89.98
      vertex -4.86518 -9.8656 89.98
      vertex -3.5 -6.06218 89.98
    endloop
  endfacet
  facet normal 0 0 -1
    outer loop
      vertex -5.5 -9.52628 89.98
      vertex -3.5 -6.06218 89.98
      vertex -4.86518 -9.8656 89.98
    endloop
  endfacet
  facet normal -0 0 -1
    outer loop
      vertex -3.5 -6.06218 89.98
      vertex -5.5 -9.52628 89.98
      vertex -3.88899 -5.82029 89.98
    endloop
  endfacet
  facet normal 0 0 -1
    outer loop
      vertex -6.11127 -9.14616 89.98
      vertex -3.88899 -5.82029 89.98
      vertex -5.5 -9.52628 89.98
    endloop
  endfacet
  facet normal -0 0 -1
    outer loop
      vertex -3.88899 -5.82029 89.98
      vertex -6.11127 -9.14616 89.98
      vertex -4.26133 -5.55347 89.98
    endloop
  endfacet
  facet normal 0 0 -1
    outer loop
      vertex -6.69637 -8.72689 89.98
      vertex -4.26133 -5.55347 89.98
      vertex -6.11127 -9.14616 89.98
    endloop
  endfacet
  facet normal -0 0 -1
    outer loop
      vertex -4.26133 -5.55347 89.98
      vertex -6.69637 -8.72689 89.98
      vertex -4.61542 -5.26288 89.98
    endloop
  endfacet
  facet normal 0 0 -1
    outer loop
      vertex -7.2528 -8.27024 89.98
      vertex -4.61542 -5.26288 89.98
      vertex -6.69637 -8.72689 89.98
    endloop
  endfacet
  facet normal -0 0 -1
    outer loop
      vertex -4.61542 -5.26288 89.98
      vertex -7.2528 -8.27024 89.98
      vertex -4.94975 -4.94975 89.98
    endloop
  endfacet
  facet normal 0 0 -1
    outer loop
      vertex -7.77817 -7.77817 89.98
      vertex -4.94975 -4.94975 89.98
      vertex -7.2528 -8.27024 89.98
    endloop
  endfacet
  facet normal -0 0 -1
    outer loop
      vertex -4.94975 -4.94975 89.98
      vertex -7.77817 -7.77817 89.98
      vertex -5.26288 -4.61542 89.98
    endloop
  endfacet
  facet normal 0 0 -1
    outer loop
      vertex -8.27024 -7.2528 89.98
      vertex -5.26288 -4.61542 89.98
      vertex -7.77817 -7.77817 89.98
    endloop
  endfacet
  facet normal -0 0 -1
    outer loop
      vertex -5.26288 -4.61542 89.98
      vertex -8.27024 -7.2528 89.98
      vertex -5.55347 -4.26133 89.98
    endloop
  endfacet
  facet normal 0 0 -1
    outer loop
      vertex -8.72689 -6.69637 89.98
      vertex -5.55347 -4.26133 89.98
      vertex -8.27024 -7.2528 89.98
    endloop
  endfacet
  facet normal -0 0 -1
    outer loop
      vertex -5.55347 -4.26133 89.98
      vertex -8.72689 -6.69637 89.98
      vertex -5.82029 -3.88899 89.98
    endloop
  endfacet
  facet normal 0 0 -1
    outer loop
      vertex -9.14616 -6.11127 89.98
      vertex -5.82029 -3.88899 89.98
      vertex -8.72689 -6.69637 89.98
    endloop
  endfacet
  facet normal -0 0 -1
    outer loop
      vertex -5.82029 -3.88899 89.98
      vertex -9.14616 -6.11127 89.98
      vertex -6.06218 -3.5 89.98
    endloop
  endfacet
  facet normal 0 0 -1
    outer loop
      vertex -9.52628 -5.5 89.98
      vertex -6.06218 -3.5 89.98
      vertex -9.14616 -6.11127 89.98
    endloop
  endfacet
  facet normal -0 0 -1
    outer loop
      vertex -6.06218 -3.5 89.98
      vertex -9.52628 -5.5 89.98
      vertex -6.27811 -3.09602 89.98
    endloop
  endfacet
  facet normal -0 0 -1
    outer loop
      vertex -6.27811 -3.09602 89.98
      vertex -9.8656 -4.86518 89.98
      vertex -6.46716 -2.67878 89.98
    endloop
  endfacet
  facet normal 0 0 -1
    outer loop
      vertex -9.8656 -4.86518 89.98
      vertex -6.27811 -3.09602 89.98
      vertex -9.52628 -5.5 89.98
    endloop
  endfacet
  facet normal 0 0 -1
    outer loop
      vertex 6.27811 3.09602 89.98
      vertex 9.8656 4.86518 89.98
      vertex 6.46716 2.67878 89.98
    endloop
  endfacet
  facet normal -0 0 -1
    outer loop
      vertex 9.8656 4.86518 89.98
      vertex 6.27811 3.09602 89.98
      vertex 9.52628 5.5 89.98
    endloop
  endfacet
  facet normal 0 0 -1
    outer loop
      vertex 6.06218 3.5 89.98
      vertex 9.52628 5.5 89.98
      vertex 6.27811 3.09602 89.98
    endloop
  endfacet
  facet normal -0 0 -1
    outer loop
      vertex 9.52628 5.5 89.98
      vertex 6.06218 3.5 89.98
      vertex 9.14616 6.11127 89.98
    endloop
  endfacet
  facet normal 0 0 -1
    outer loop
      vertex 5.82029 3.88899 89.98
      vertex 9.14616 6.11127 89.98
      vertex 6.06218 3.5 89.98
    endloop
  endfacet
  facet normal -0 0 -1
    outer loop
      vertex 9.14616 6.11127 89.98
      vertex 5.82029 3.88899 89.98
      vertex 8.72689 6.69637 89.98
    endloop
  endfacet
  facet normal 0 0 -1
    outer loop
      vertex 5.55347 4.26133 89.98
      vertex 8.72689 6.69637 89.98
      vertex 5.82029 3.88899 89.98
    endloop
  endfacet
  facet normal -0 0 -1
    outer loop
      vertex 8.72689 6.69637 89.98
      vertex 5.55347 4.26133 89.98
      vertex 8.27024 7.2528 89.98
    endloop
  endfacet
  facet normal 0 0 -1
    outer loop
      vertex 5.26288 4.61542 89.98
      vertex 8.27024 7.2528 89.98
      vertex 5.55347 4.26133 89.98
    endloop
  endfacet
  facet normal -0 0 -1
    outer loop
      vertex 8.27024 7.2528 89.98
      vertex 5.26288 4.61542 89.98
      vertex 7.77817 7.77817 89.98
    endloop
  endfacet
  facet normal 0 0 -1
    outer loop
      vertex 4.94975 4.94975 89.98
      vertex 7.77817 7.77817 89.98
      vertex 5.26288 4.61542 89.98
    endloop
  endfacet
  facet normal -0 0 -1
    outer loop
      vertex 7.77817 7.77817 89.98
      vertex 4.94975 4.94975 89.98
      vertex 7.2528 8.27024 89.98
    endloop
  endfacet
  facet normal 0 0 -1
    outer loop
      vertex 4.61542 5.26288 89.98
      vertex 7.2528 8.27024 89.98
      vertex 4.94975 4.94975 89.98
    endloop
  endfacet
  facet normal -0 0 -1
    outer loop
      vertex 7.2528 8.27024 89.98
      vertex 4.61542 5.26288 89.98
      vertex 6.69637 8.72689 89.98
    endloop
  endfacet
  facet normal 0 0 -1
    outer loop
      vertex 4.26133 5.55347 89.98
      vertex 6.69637 8.72689 89.98
      vertex 4.61542 5.26288 89.98
    endloop
  endfacet
  facet normal -0 0 -1
    outer loop
      vertex 6.69637 8.72689 89.98
      vertex 4.26133 5.55347 89.98
      vertex 6.11127 9.14616 89.98
    endloop
  endfacet
  facet normal 0 0 -1
    outer loop
      vertex 3.88899 5.82029 89.98
      vertex 6.11127 9.14616 89.98
      vertex 4.26133 5.55347 89.98
    endloop
  endfacet
  facet normal -0 0 -1
    outer loop
      vertex 6.11127 9.14616 89.98
      vertex 3.88899 5.82029 89.98
      vertex 5.5 9.52628 89.98
    endloop
  endfacet
  facet normal 0 0 -1
    outer loop
      vertex 3.5 6.06218 89.98
      vertex 5.5 9.52628 89.98
      vertex 3.88899 5.82029 89.98
    endloop
  endfacet
  facet normal -0 0 -1
    outer loop
      vertex 5.5 9.52628 89.98
      vertex 3.5 6.06218 89.98
      vertex 4.86518 9.8656 89.98
    endloop
  endfacet
  facet normal 0 0 -1
    outer loop
      vertex 3.09602 6.27811 89.98
      vertex 4.86518 9.8656 89.98
      vertex 3.5 6.06218 89.98
    endloop
  endfacet
  facet normal -0 0 -1
    outer loop
      vertex 4.86518 9.8656 89.98
      vertex 3.09602 6.27811 89.98
      vertex 4.20952 10.1627 89.98
    endloop
  endfacet
  facet normal 0 0 -1
    outer loop
      vertex 2.67878 6.46716 89.98
      vertex 4.20952 10.1627 89.98
      vertex 3.09602 6.27811 89.98
    endloop
  endfacet
  facet normal -0 0 -1
    outer loop
      vertex 4.20952 10.1627 89.98
      vertex 2.67878 6.46716 89.98
      vertex 3.53583 10.4162 89.98
    endloop
  endfacet
  facet normal 0 0 -1
    outer loop
      vertex 2.25008 6.62851 89.98
      vertex 3.53583 10.4162 89.98
      vertex 2.67878 6.46716 89.98
    endloop
  endfacet
  facet normal -0 0 -1
    outer loop
      vertex 3.53583 10.4162 89.98
      vertex 2.25008 6.62851 89.98
      vertex 2.84701 10.6252 89.98
    endloop
  endfacet
  facet normal 0 0 -1
    outer loop
      vertex 1.81173 6.76148 89.98
      vertex 2.84701 10.6252 89.98
      vertex 2.25008 6.62851 89.98
    endloop
  endfacet
  facet normal -0 0 -1
    outer loop
      vertex 2.84701 10.6252 89.98
      vertex 1.81173 6.76148 89.98
      vertex 2.14599 10.7886 89.98
    endloop
  endfacet
  facet normal 0 0 -1
    outer loop
      vertex 1.36563 6.8655 89.98
      vertex 2.14599 10.7886 89.98
      vertex 1.81173 6.76148 89.98
    endloop
  endfacet
  facet normal -0 0 -1
    outer loop
      vertex 2.14599 10.7886 89.98
      vertex 1.36563 6.8655 89.98
      vertex 1.43579 10.9059 89.98
    endloop
  endfacet
  facet normal 0 0 -1
    outer loop
      vertex 0.913683 6.94011 89.98
      vertex 1.43579 10.9059 89.98
      vertex 1.36563 6.8655 89.98
    endloop
  endfacet
  facet normal 0 0 -1
    outer loop
      vertex 0.913683 6.94011 89.98
      vertex 0.719434 10.9764 89.98
      vertex 1.43579 10.9059 89.98
    endloop
  endfacet
  facet normal 0 0 -1
    outer loop
      vertex 0.457822 6.98501 89.98
      vertex 0.719434 10.9764 89.98
      vertex 0.913683 6.94011 89.98
    endloop
  endfacet
  facet normal 0 0 -1
    outer loop
      vertex 0 7 89.98
      vertex 0.719434 10.9764 89.98
      vertex 0.457822 6.98501 89.98
    endloop
  endfacet
  facet normal 0 0 -1
    outer loop
      vertex 0 7 89.98
      vertex 0 11 89.98
      vertex 0.719434 10.9764 89.98
    endloop
  endfacet
  facet normal 0 0 -1
    outer loop
      vertex -0.457822 6.98501 89.98
      vertex 0 11 89.98
      vertex 0 7 89.98
    endloop
  endfacet
  facet normal 0 0 -1
    outer loop
      vertex -0.457822 6.98501 89.98
      vertex -0.719434 10.9764 89.98
      vertex 0 11 89.98
    endloop
  endfacet
  facet normal 0 0 -1
    outer loop
      vertex -0.913683 6.94011 89.98
      vertex -0.719434 10.9764 89.98
      vertex -0.457822 6.98501 89.98
    endloop
  endfacet
  facet normal 0 0 -1
    outer loop
      vertex -1.43579 10.9059 89.98
      vertex -0.913683 6.94011 89.98
      vertex -1.36563 6.8655 89.98
    endloop
  endfacet
  facet normal 0 0 -1
    outer loop
      vertex -0.913683 6.94011 89.98
      vertex -1.43579 10.9059 89.98
      vertex -0.719434 10.9764 89.98
    endloop
  endfacet
  facet normal 0 0 -1
    outer loop
      vertex -2.14599 10.7886 89.98
      vertex -1.36563 6.8655 89.98
      vertex -1.81173 6.76148 89.98
    endloop
  endfacet
  facet normal 0 0 -1
    outer loop
      vertex -1.36563 6.8655 89.98
      vertex -2.14599 10.7886 89.98
      vertex -1.43579 10.9059 89.98
    endloop
  endfacet
  facet normal 0 0 -1
    outer loop
      vertex -2.84701 10.6252 89.98
      vertex -1.81173 6.76148 89.98
      vertex -2.25008 6.62851 89.98
    endloop
  endfacet
  facet normal 0 0 -1
    outer loop
      vertex -3.53583 10.4162 89.98
      vertex -2.25008 6.62851 89.98
      vertex -2.67878 6.46716 89.98
    endloop
  endfacet
  facet normal 0 0 -1
    outer loop
      vertex -1.81173 6.76148 89.98
      vertex -2.84701 10.6252 89.98
      vertex -2.14599 10.7886 89.98
    endloop
  endfacet
  facet normal 0 0 -1
    outer loop
      vertex -4.20952 10.1627 89.98
      vertex -2.67878 6.46716 89.98
      vertex -3.09602 6.27811 89.98
    endloop
  endfacet
  facet normal 0 0 -1
    outer loop
      vertex -4.86518 9.8656 89.98
      vertex -3.09602 6.27811 89.98
      vertex -3.5 6.06218 89.98
    endloop
  endfacet
  facet normal 0 0 -1
    outer loop
      vertex -2.25008 6.62851 89.98
      vertex -3.53583 10.4162 89.98
      vertex -2.84701 10.6252 89.98
    endloop
  endfacet
  facet normal 0 0 -1
    outer loop
      vertex -5.5 9.52628 89.98
      vertex -3.5 6.06218 89.98
      vertex -3.88899 5.82029 89.98
    endloop
  endfacet
  facet normal 0 0 -1
    outer loop
      vertex -2.67878 6.46716 89.98
      vertex -4.20952 10.1627 89.98
      vertex -3.53583 10.4162 89.98
    endloop
  endfacet
  facet normal 0 0 -1
    outer loop
      vertex -6.11127 9.14616 89.98
      vertex -3.88899 5.82029 89.98
      vertex -4.26133 5.55347 89.98
    endloop
  endfacet
  facet normal 0 0 -1
    outer loop
      vertex -6.69637 8.72689 89.98
      vertex -4.26133 5.55347 89.98
      vertex -4.61542 5.26288 89.98
    endloop
  endfacet
  facet normal 0 0 -1
    outer loop
      vertex -3.09602 6.27811 89.98
      vertex -4.86518 9.8656 89.98
      vertex -4.20952 10.1627 89.98
    endloop
  endfacet
  facet normal 0 0 -1
    outer loop
      vertex -7.2528 8.27024 89.98
      vertex -4.61542 5.26288 89.98
      vertex -4.94975 4.94975 89.98
    endloop
  endfacet
  facet normal 0 0 -1
    outer loop
      vertex -7.77817 7.77817 89.98
      vertex -4.94975 4.94975 89.98
      vertex -5.26288 4.61542 89.98
    endloop
  endfacet
  facet normal 0 0 -1
    outer loop
      vertex -3.5 6.06218 89.98
      vertex -5.5 9.52628 89.98
      vertex -4.86518 9.8656 89.98
    endloop
  endfacet
  facet normal 0 0 -1
    outer loop
      vertex -8.27024 7.2528 89.98
      vertex -5.26288 4.61542 89.98
      vertex -5.55347 4.26133 89.98
    endloop
  endfacet
  facet normal 0 0 -1
    outer loop
      vertex -8.72689 6.69637 89.98
      vertex -5.55347 4.26133 89.98
      vertex -5.82029 3.88899 89.98
    endloop
  endfacet
  facet normal 0 0 -1
    outer loop
      vertex -9.14616 6.11127 89.98
      vertex -5.82029 3.88899 89.98
      vertex -6.06218 3.5 89.98
    endloop
  endfacet
  facet normal 0 0 -1
    outer loop
      vertex -3.88899 5.82029 89.98
      vertex -6.11127 9.14616 89.98
      vertex -5.5 9.52628 89.98
    endloop
  endfacet
  facet normal 0 0 -1
    outer loop
      vertex -9.52628 5.5 89.98
      vertex -6.06218 3.5 89.98
      vertex -6.27811 3.09602 89.98
    endloop
  endfacet
  facet normal 0 0 -1
    outer loop
      vertex -9.8656 4.86518 89.98
      vertex -6.27811 3.09602 89.98
      vertex -6.46716 2.67878 89.98
    endloop
  endfacet
  facet normal 0 0 -1
    outer loop
      vertex -10.1627 4.20952 89.98
      vertex -6.46716 2.67878 89.98
      vertex -6.62851 2.25008 89.98
    endloop
  endfacet
  facet normal 0 0 -1
    outer loop
      vertex -4.26133 5.55347 89.98
      vertex -6.69637 8.72689 89.98
      vertex -6.11127 9.14616 89.98
    endloop
  endfacet
  facet normal 0 0 -1
    outer loop
      vertex -10.4162 3.53583 89.98
      vertex -6.62851 2.25008 89.98
      vertex -6.76148 1.81173 89.98
    endloop
  endfacet
  facet normal 0 0 -1
    outer loop
      vertex -10.6252 2.84701 89.98
      vertex -6.76148 1.81173 89.98
      vertex -6.8655 1.36563 89.98
    endloop
  endfacet
  facet normal 0 0 -1
    outer loop
      vertex -10.7886 2.14599 89.98
      vertex -6.8655 1.36563 89.98
      vertex -6.94011 0.913683 89.98
    endloop
  endfacet
  facet normal 0 0 -1
    outer loop
      vertex -10.9059 1.43579 89.98
      vertex -6.94011 0.913683 89.98
      vertex -6.98501 0.457822 89.98
    endloop
  endfacet
  facet normal 0 0 -1
    outer loop
      vertex -4.61542 5.26288 89.98
      vertex -7.2528 8.27024 89.98
      vertex -6.69637 8.72689 89.98
    endloop
  endfacet
  facet normal 0 0 -1
    outer loop
      vertex -10.9764 0.719434 89.98
      vertex -6.98501 0.457822 89.98
      vertex -7 0 89.98
    endloop
  endfacet
  facet normal 0 0 -1
    outer loop
      vertex -10.1627 -4.20952 89.98
      vertex -6.46716 -2.67878 89.98
      vertex -9.8656 -4.86518 89.98
    endloop
  endfacet
  facet normal -0 0 -1
    outer loop
      vertex -6.46716 -2.67878 89.98
      vertex -10.1627 -4.20952 89.98
      vertex -6.62851 -2.25008 89.98
    endloop
  endfacet
  facet normal 0 0 -1
    outer loop
      vertex -4.94975 4.94975 89.98
      vertex -7.77817 7.77817 89.98
      vertex -7.2528 8.27024 89.98
    endloop
  endfacet
  facet normal 0 0 -1
    outer loop
      vertex -10.4162 -3.53583 89.98
      vertex -6.62851 -2.25008 89.98
      vertex -10.1627 -4.20952 89.98
    endloop
  endfacet
  facet normal 0 0 -1
    outer loop
      vertex -5.26288 4.61542 89.98
      vertex -8.27024 7.2528 89.98
      vertex -7.77817 7.77817 89.98
    endloop
  endfacet
  facet normal -0 0 -1
    outer loop
      vertex -6.62851 -2.25008 89.98
      vertex -10.4162 -3.53583 89.98
      vertex -6.76148 -1.81173 89.98
    endloop
  endfacet
  facet normal 0 0 -1
    outer loop
      vertex -5.55347 4.26133 89.98
      vertex -8.72689 6.69637 89.98
      vertex -8.27024 7.2528 89.98
    endloop
  endfacet
  facet normal 0 0 -1
    outer loop
      vertex -10.6252 -2.84701 89.98
      vertex -6.76148 -1.81173 89.98
      vertex -10.4162 -3.53583 89.98
    endloop
  endfacet
  facet normal 0 0 -1
    outer loop
      vertex -5.82029 3.88899 89.98
      vertex -9.14616 6.11127 89.98
      vertex -8.72689 6.69637 89.98
    endloop
  endfacet
  facet normal -0 0 -1
    outer loop
      vertex -6.76148 -1.81173 89.98
      vertex -10.6252 -2.84701 89.98
      vertex -6.8655 -1.36563 89.98
    endloop
  endfacet
  facet normal 0 0 -1
    outer loop
      vertex -6.06218 3.5 89.98
      vertex -9.52628 5.5 89.98
      vertex -9.14616 6.11127 89.98
    endloop
  endfacet
  facet normal 0 0 -1
    outer loop
      vertex -10.7886 -2.14599 89.98
      vertex -6.8655 -1.36563 89.98
      vertex -10.6252 -2.84701 89.98
    endloop
  endfacet
  facet normal 0 0 -1
    outer loop
      vertex -6.27811 3.09602 89.98
      vertex -9.8656 4.86518 89.98
      vertex -9.52628 5.5 89.98
    endloop
  endfacet
  facet normal -0 0 -1
    outer loop
      vertex -6.8655 -1.36563 89.98
      vertex -10.7886 -2.14599 89.98
      vertex -6.94011 -0.913683 89.98
    endloop
  endfacet
  facet normal 0 0 -1
    outer loop
      vertex -6.46716 2.67878 89.98
      vertex -10.1627 4.20952 89.98
      vertex -9.8656 4.86518 89.98
    endloop
  endfacet
  facet normal 0 0 -1
    outer loop
      vertex -10.9059 -1.43579 89.98
      vertex -6.94011 -0.913683 89.98
      vertex -10.7886 -2.14599 89.98
    endloop
  endfacet
  facet normal 0 0 -1
    outer loop
      vertex -6.62851 2.25008 89.98
      vertex -10.4162 3.53583 89.98
      vertex -10.1627 4.20952 89.98
    endloop
  endfacet
  facet normal -0 0 -1
    outer loop
      vertex -6.94011 -0.913683 89.98
      vertex -10.9059 -1.43579 89.98
      vertex -6.98501 -0.457822 89.98
    endloop
  endfacet
  facet normal 0 0 -1
    outer loop
      vertex -6.76148 1.81173 89.98
      vertex -10.6252 2.84701 89.98
      vertex -10.4162 3.53583 89.98
    endloop
  endfacet
  facet normal 0 0 -1
    outer loop
      vertex -10.9764 -0.719434 89.98
      vertex -6.98501 -0.457822 89.98
      vertex -10.9059 -1.43579 89.98
    endloop
  endfacet
  facet normal 0 0 -1
    outer loop
      vertex -6.8655 1.36563 89.98
      vertex -10.7886 2.14599 89.98
      vertex -10.6252 2.84701 89.98
    endloop
  endfacet
  facet normal -0 0 -1
    outer loop
      vertex -6.98501 -0.457822 89.98
      vertex -10.9764 -0.719434 89.98
      vertex -7 0 89.98
    endloop
  endfacet
  facet normal 0 0 -1
    outer loop
      vertex -6.94011 0.913683 89.98
      vertex -10.9059 1.43579 89.98
      vertex -10.7886 2.14599 89.98
    endloop
  endfacet
  facet normal 0 0 -1
    outer loop
      vertex -11 0 89.98
      vertex -7 0 89.98
      vertex -10.9764 -0.719434 89.98
    endloop
  endfacet
  facet normal 0 0 -1
    outer loop
      vertex -6.98501 0.457822 89.98
      vertex -10.9764 0.719434 89.98
      vertex -10.9059 1.43579 89.98
    endloop
  endfacet
  facet normal 0 0 -1
    outer loop
      vertex -7 0 89.98
      vertex -11 0 89.98
      vertex -10.9764 0.719434 89.98
    endloop
  endfacet
  facet normal 0.973894 0.227004 0
    outer loop
      vertex 10.7886 2.14599 93
      vertex 10.6252 2.84701 89.98
      vertex 10.6252 2.84701 93
    endloop
  endfacet
  facet normal 0.973894 0.227004 0
    outer loop
      vertex 10.6252 2.84701 89.98
      vertex 10.7886 2.14599 93
      vertex 10.7886 2.14599 89.98
    endloop
  endfacet
  facet normal 0.986633 0.162957 0
    outer loop
      vertex 10.9059 1.43579 93
      vertex 10.7886 2.14599 89.98
      vertex 10.7886 2.14599 93
    endloop
  endfacet
  facet normal 0.986633 0.162957 0
    outer loop
      vertex 10.7886 2.14599 89.98
      vertex 10.9059 1.43579 93
      vertex 10.9059 1.43579 89.98
    endloop
  endfacet
  facet normal 0.935933 0.352178 0
    outer loop
      vertex 10.4162 3.53583 93
      vertex 10.1627 4.20952 89.98
      vertex 10.1627 4.20952 93
    endloop
  endfacet
  facet normal 0.935933 0.352178 0
    outer loop
      vertex 10.1627 4.20952 89.98
      vertex 10.4162 3.53583 93
      vertex 10.4162 3.53583 89.98
    endloop
  endfacet
  facet normal 0.812851 0.582472 0
    outer loop
      vertex 9.14616 6.11127 93
      vertex 8.72689 6.69637 89.98
      vertex 8.72689 6.69637 93
    endloop
  endfacet
  facet normal 0.812851 0.582472 0
    outer loop
      vertex 8.72689 6.69637 89.98
      vertex 9.14616 6.11127 93
      vertex 9.14616 6.11127 89.98
    endloop
  endfacet
  facet normal 0.352178 0.935933 -0
    outer loop
      vertex 4.20952 10.1627 89.98
      vertex 3.53583 10.4162 93
      vertex 4.20952 10.1627 93
    endloop
  endfacet
  facet normal 0.352178 0.935933 0
    outer loop
      vertex 3.53583 10.4162 93
      vertex 4.20952 10.1627 89.98
      vertex 3.53583 10.4162 89.98
    endloop
  endfacet
  facet normal 0.290347 0.956922 -0
    outer loop
      vertex 3.53583 10.4162 89.98
      vertex 2.84701 10.6252 93
      vertex 3.53583 10.4162 93
    endloop
  endfacet
  facet normal 0.290347 0.956922 0
    outer loop
      vertex 2.84701 10.6252 93
      vertex 3.53583 10.4162 89.98
      vertex 2.84701 10.6252 89.98
    endloop
  endfacet
  facet normal 0.0979416 0.995192 -0
    outer loop
      vertex 1.43579 10.9059 89.98
      vertex 0.719434 10.9764 93
      vertex 1.43579 10.9059 93
    endloop
  endfacet
  facet normal 0.0979416 0.995192 0
    outer loop
      vertex 0.719434 10.9764 93
      vertex 1.43579 10.9059 89.98
      vertex 0.719434 10.9764 89.98
    endloop
  endfacet
  facet normal 0.528076 0.849197 -0
    outer loop
      vertex 6.11127 9.14616 89.98
      vertex 5.5 9.52628 93
      vertex 6.11127 9.14616 93
    endloop
  endfacet
  facet normal 0.528076 0.849197 0
    outer loop
      vertex 5.5 9.52628 93
      vertex 6.11127 9.14616 89.98
      vertex 5.5 9.52628 89.98
    endloop
  endfacet
  facet normal 0.582472 0.812851 -0
    outer loop
      vertex 6.69637 8.72689 89.98
      vertex 6.11127 9.14616 93
      vertex 6.69637 8.72689 93
    endloop
  endfacet
  facet normal 0.582472 0.812851 0
    outer loop
      vertex 6.11127 9.14616 93
      vertex 6.69637 8.72689 89.98
      vertex 6.11127 9.14616 89.98
    endloop
  endfacet
  facet normal 0.634393 0.773011 -0
    outer loop
      vertex 7.2528 8.27024 89.98
      vertex 6.69637 8.72689 93
      vertex 7.2528 8.27024 93
    endloop
  endfacet
  facet normal 0.634393 0.773011 0
    outer loop
      vertex 6.69637 8.72689 93
      vertex 7.2528 8.27024 89.98
      vertex 6.69637 8.72689 89.98
    endloop
  endfacet
  facet normal -0.88192 0.471399 0
    outer loop
      vertex -9.8656 4.86518 89.98
      vertex -9.52628 5.5 93
      vertex -9.52628 5.5 89.98
    endloop
  endfacet
  facet normal -0.88192 0.471399 0
    outer loop
      vertex -9.52628 5.5 93
      vertex -9.8656 4.86518 89.98
      vertex -9.8656 4.86518 93
    endloop
  endfacet
  facet normal -0.935933 0.352178 0
    outer loop
      vertex -10.4162 3.53583 89.98
      vertex -10.1627 4.20952 93
      vertex -10.1627 4.20952 89.98
    endloop
  endfacet
  facet normal -0.935933 0.352178 0
    outer loop
      vertex -10.1627 4.20952 93
      vertex -10.4162 3.53583 89.98
      vertex -10.4162 3.53583 93
    endloop
  endfacet
  facet normal -0.956922 0.290347 0
    outer loop
      vertex -10.6252 2.84701 89.98
      vertex -10.4162 3.53583 93
      vertex -10.4162 3.53583 89.98
    endloop
  endfacet
  facet normal -0.956922 0.290347 0
    outer loop
      vertex -10.4162 3.53583 93
      vertex -10.6252 2.84701 89.98
      vertex -10.6252 2.84701 93
    endloop
  endfacet
  facet normal -0.995192 0.0979416 0
    outer loop
      vertex -10.9764 0.719434 89.98
      vertex -10.9059 1.43579 93
      vertex -10.9059 1.43579 89.98
    endloop
  endfacet
  facet normal -0.995192 0.0979416 0
    outer loop
      vertex -10.9059 1.43579 93
      vertex -10.9764 0.719434 89.98
      vertex -10.9764 0.719434 93
    endloop
  endfacet
  facet normal 0 0 1
    outer loop
      vertex 4.5 0 93
      vertex 11 0 93
      vertex 10.9764 0.719434 93
    endloop
  endfacet
  facet normal 0 0 1
    outer loop
      vertex 4.49037 0.294313 93
      vertex 10.9764 0.719434 93
      vertex 10.9059 1.43579 93
    endloop
  endfacet
  facet normal 0 0 1
    outer loop
      vertex 11 0 93
      vertex 4.5 0 93
      vertex 10.9764 -0.719434 93
    endloop
  endfacet
  facet normal 0 0 1
    outer loop
      vertex 4.4615 0.587367 93
      vertex 10.9059 1.43579 93
      vertex 10.7886 2.14599 93
    endloop
  endfacet
  facet normal -0 0 1
    outer loop
      vertex 4.49037 -0.294313 93
      vertex 10.9764 -0.719434 93
      vertex 4.5 0 93
    endloop
  endfacet
  facet normal 0 0 1
    outer loop
      vertex 4.41353 0.877906 93
      vertex 10.7886 2.14599 93
      vertex 10.6252 2.84701 93
    endloop
  endfacet
  facet normal 0 0 1
    outer loop
      vertex 10.9764 -0.719434 93
      vertex 4.49037 -0.294313 93
      vertex 10.9059 -1.43579 93
    endloop
  endfacet
  facet normal 0 0 1
    outer loop
      vertex 4.34667 1.16469 93
      vertex 10.6252 2.84701 93
      vertex 10.4162 3.53583 93
    endloop
  endfacet
  facet normal -0 0 1
    outer loop
      vertex 4.4615 -0.587367 93
      vertex 10.9059 -1.43579 93
      vertex 4.49037 -0.294313 93
    endloop
  endfacet
  facet normal 0 0 1
    outer loop
      vertex 4.26118 1.44648 93
      vertex 10.4162 3.53583 93
      vertex 10.1627 4.20952 93
    endloop
  endfacet
  facet normal 0 0 1
    outer loop
      vertex 10.9059 -1.43579 93
      vertex 4.4615 -0.587367 93
      vertex 10.7886 -2.14599 93
    endloop
  endfacet
  facet normal 0 0 1
    outer loop
      vertex 4.15746 1.72207 93
      vertex 10.1627 4.20952 93
      vertex 9.8656 4.86518 93
    endloop
  endfacet
  facet normal -0 0 1
    outer loop
      vertex 4.41353 -0.877906 93
      vertex 10.7886 -2.14599 93
      vertex 4.4615 -0.587367 93
    endloop
  endfacet
  facet normal 0 0 1
    outer loop
      vertex 4.03593 1.9903 93
      vertex 9.8656 4.86518 93
      vertex 9.52628 5.5 93
    endloop
  endfacet
  facet normal 0 0 1
    outer loop
      vertex 10.7886 -2.14599 93
      vertex 4.41353 -0.877906 93
      vertex 10.6252 -2.84701 93
    endloop
  endfacet
  facet normal 0 0 1
    outer loop
      vertex 3.89711 2.25 93
      vertex 9.52628 5.5 93
      vertex 9.14616 6.11127 93
    endloop
  endfacet
  facet normal -0 0 1
    outer loop
      vertex 4.34667 -1.16469 93
      vertex 10.6252 -2.84701 93
      vertex 4.41353 -0.877906 93
    endloop
  endfacet
  facet normal 0 0 1
    outer loop
      vertex 3.74161 2.50007 93
      vertex 9.14616 6.11127 93
      vertex 8.72689 6.69637 93
    endloop
  endfacet
  facet normal 0 0 1
    outer loop
      vertex 10.6252 -2.84701 93
      vertex 4.34667 -1.16469 93
      vertex 10.4162 -3.53583 93
    endloop
  endfacet
  facet normal 0 0 1
    outer loop
      vertex 3.57009 2.73943 93
      vertex 8.72689 6.69637 93
      vertex 8.27024 7.2528 93
    endloop
  endfacet
  facet normal -0 0 1
    outer loop
      vertex 4.26118 -1.44648 93
      vertex 10.4162 -3.53583 93
      vertex 4.34667 -1.16469 93
    endloop
  endfacet
  facet normal 0 0 1
    outer loop
      vertex 3.38328 2.96706 93
      vertex 8.27024 7.2528 93
      vertex 7.77817 7.77817 93
    endloop
  endfacet
  facet normal 0 0 1
    outer loop
      vertex 10.4162 -3.53583 93
      vertex 4.26118 -1.44648 93
      vertex 10.1627 -4.20952 93
    endloop
  endfacet
  facet normal 0 0 1
    outer loop
      vertex 3.18198 3.18198 93
      vertex 7.77817 7.77817 93
      vertex 7.2528 8.27024 93
    endloop
  endfacet
  facet normal -0 0 1
    outer loop
      vertex 4.15746 -1.72207 93
      vertex 10.1627 -4.20952 93
      vertex 4.26118 -1.44648 93
    endloop
  endfacet
  facet normal 0 0 1
    outer loop
      vertex 2.96706 3.38328 93
      vertex 7.2528 8.27024 93
      vertex 6.69637 8.72689 93
    endloop
  endfacet
  facet normal 0 0 1
    outer loop
      vertex 10.1627 -4.20952 93
      vertex 4.15746 -1.72207 93
      vertex 9.8656 -4.86518 93
    endloop
  endfacet
  facet normal 0 0 1
    outer loop
      vertex 2.73943 3.57009 93
      vertex 6.69637 8.72689 93
      vertex 6.11127 9.14616 93
    endloop
  endfacet
  facet normal -0 0 1
    outer loop
      vertex 4.03593 -1.9903 93
      vertex 9.8656 -4.86518 93
      vertex 4.15746 -1.72207 93
    endloop
  endfacet
  facet normal 0 0 1
    outer loop
      vertex 2.50007 3.74161 93
      vertex 6.11127 9.14616 93
      vertex 5.5 9.52628 93
    endloop
  endfacet
  facet normal 0 0 1
    outer loop
      vertex 9.8656 -4.86518 93
      vertex 4.03593 -1.9903 93
      vertex 9.52628 -5.5 93
    endloop
  endfacet
  facet normal 0 0 1
    outer loop
      vertex 2.25 3.89711 93
      vertex 5.5 9.52628 93
      vertex 4.86518 9.8656 93
    endloop
  endfacet
  facet normal -0 0 1
    outer loop
      vertex 3.89711 -2.25 93
      vertex 9.52628 -5.5 93
      vertex 4.03593 -1.9903 93
    endloop
  endfacet
  facet normal 0 0 1
    outer loop
      vertex 9.52628 -5.5 93
      vertex 3.89711 -2.25 93
      vertex 9.14616 -6.11127 93
    endloop
  endfacet
  facet normal 0 0 1
    outer loop
      vertex 10.9764 0.719434 93
      vertex 4.49037 0.294313 93
      vertex 4.5 0 93
    endloop
  endfacet
  facet normal 0 0 1
    outer loop
      vertex 10.9059 1.43579 93
      vertex 4.4615 0.587367 93
      vertex 4.49037 0.294313 93
    endloop
  endfacet
  facet normal 0 0 1
    outer loop
      vertex 10.7886 2.14599 93
      vertex 4.41353 0.877906 93
      vertex 4.4615 0.587367 93
    endloop
  endfacet
  facet normal 0 0 1
    outer loop
      vertex 10.6252 2.84701 93
      vertex 4.34667 1.16469 93
      vertex 4.41353 0.877906 93
    endloop
  endfacet
  facet normal 0 0 1
    outer loop
      vertex 10.4162 3.53583 93
      vertex 4.26118 1.44648 93
      vertex 4.34667 1.16469 93
    endloop
  endfacet
  facet normal 0 0 1
    outer loop
      vertex 1.9903 4.03593 93
      vertex 4.86518 9.8656 93
      vertex 4.20952 10.1627 93
    endloop
  endfacet
  facet normal 0 0 1
    outer loop
      vertex 10.1627 4.20952 93
      vertex 4.15746 1.72207 93
      vertex 4.26118 1.44648 93
    endloop
  endfacet
  facet normal 0 0 1
    outer loop
      vertex 9.8656 4.86518 93
      vertex 4.03593 1.9903 93
      vertex 4.15746 1.72207 93
    endloop
  endfacet
  facet normal 0 0 1
    outer loop
      vertex 9.52628 5.5 93
      vertex 3.89711 2.25 93
      vertex 4.03593 1.9903 93
    endloop
  endfacet
  facet normal 0 0 1
    outer loop
      vertex 9.14616 6.11127 93
      vertex 3.74161 2.50007 93
      vertex 3.89711 2.25 93
    endloop
  endfacet
  facet normal 0 0 1
    outer loop
      vertex 8.72689 6.69637 93
      vertex 3.57009 2.73943 93
      vertex 3.74161 2.50007 93
    endloop
  endfacet
  facet normal 0 0 1
    outer loop
      vertex 1.72207 4.15746 93
      vertex 4.20952 10.1627 93
      vertex 3.53583 10.4162 93
    endloop
  endfacet
  facet normal 0 0 1
    outer loop
      vertex 8.27024 7.2528 93
      vertex 3.38328 2.96706 93
      vertex 3.57009 2.73943 93
    endloop
  endfacet
  facet normal 0 0 1
    outer loop
      vertex 7.77817 7.77817 93
      vertex 3.18198 3.18198 93
      vertex 3.38328 2.96706 93
    endloop
  endfacet
  facet normal 0 0 1
    outer loop
      vertex 7.2528 8.27024 93
      vertex 2.96706 3.38328 93
      vertex 3.18198 3.18198 93
    endloop
  endfacet
  facet normal 0 0 1
    outer loop
      vertex 1.44648 4.26118 93
      vertex 3.53583 10.4162 93
      vertex 2.84701 10.6252 93
    endloop
  endfacet
  facet normal 0 0 1
    outer loop
      vertex 6.69637 8.72689 93
      vertex 2.73943 3.57009 93
      vertex 2.96706 3.38328 93
    endloop
  endfacet
  facet normal 0 0 1
    outer loop
      vertex 6.11127 9.14616 93
      vertex 2.50007 3.74161 93
      vertex 2.73943 3.57009 93
    endloop
  endfacet
  facet normal 0 0 1
    outer loop
      vertex 5.5 9.52628 93
      vertex 2.25 3.89711 93
      vertex 2.50007 3.74161 93
    endloop
  endfacet
  facet normal 0 0 1
    outer loop
      vertex 1.16469 4.34667 93
      vertex 2.84701 10.6252 93
      vertex 2.14599 10.7886 93
    endloop
  endfacet
  facet normal 0 0 1
    outer loop
      vertex 4.86518 9.8656 93
      vertex 1.9903 4.03593 93
      vertex 2.25 3.89711 93
    endloop
  endfacet
  facet normal 0 0 1
    outer loop
      vertex 4.20952 10.1627 93
      vertex 1.72207 4.15746 93
      vertex 1.9903 4.03593 93
    endloop
  endfacet
  facet normal 0 0 1
    outer loop
      vertex 3.53583 10.4162 93
      vertex 1.44648 4.26118 93
      vertex 1.72207 4.15746 93
    endloop
  endfacet
  facet normal 0 0 1
    outer loop
      vertex 0.877906 4.41353 93
      vertex 2.14599 10.7886 93
      vertex 1.43579 10.9059 93
    endloop
  endfacet
  facet normal 0 0 1
    outer loop
      vertex 2.84701 10.6252 93
      vertex 1.16469 4.34667 93
      vertex 1.44648 4.26118 93
    endloop
  endfacet
  facet normal 0 0 1
    outer loop
      vertex 2.14599 10.7886 93
      vertex 0.877906 4.41353 93
      vertex 1.16469 4.34667 93
    endloop
  endfacet
  facet normal 0 0 1
    outer loop
      vertex 0.587367 4.4615 93
      vertex 1.43579 10.9059 93
      vertex 0.719434 10.9764 93
    endloop
  endfacet
  facet normal 0 0 1
    outer loop
      vertex 1.43579 10.9059 93
      vertex 0.587367 4.4615 93
      vertex 0.877906 4.41353 93
    endloop
  endfacet
  facet normal 0 0 1
    outer loop
      vertex 0.719434 10.9764 93
      vertex 0.294313 4.49037 93
      vertex 0.587367 4.4615 93
    endloop
  endfacet
  facet normal 0 0 1
    outer loop
      vertex 0 11 93
      vertex 0.294313 4.49037 93
      vertex 0.719434 10.9764 93
    endloop
  endfacet
  facet normal 0 0 1
    outer loop
      vertex 0 11 93
      vertex 0 4.5 93
      vertex 0.294313 4.49037 93
    endloop
  endfacet
  facet normal 0 0 1
    outer loop
      vertex 0 11 93
      vertex -0.294313 4.49037 93
      vertex 0 4.5 93
    endloop
  endfacet
  facet normal -0 0 1
    outer loop
      vertex -0.719434 10.9764 93
      vertex -0.294313 4.49037 93
      vertex 0 11 93
    endloop
  endfacet
  facet normal 0 0 1
    outer loop
      vertex -0.294313 4.49037 93
      vertex -0.719434 10.9764 93
      vertex -0.587367 4.4615 93
    endloop
  endfacet
  facet normal -0 0 1
    outer loop
      vertex -1.43579 10.9059 93
      vertex -0.587367 4.4615 93
      vertex -0.719434 10.9764 93
    endloop
  endfacet
  facet normal 0 0 1
    outer loop
      vertex -0.587367 4.4615 93
      vertex -1.43579 10.9059 93
      vertex -0.877906 4.41353 93
    endloop
  endfacet
  facet normal -0 0 1
    outer loop
      vertex -2.14599 10.7886 93
      vertex -0.877906 4.41353 93
      vertex -1.43579 10.9059 93
    endloop
  endfacet
  facet normal 0 0 1
    outer loop
      vertex -0.877906 4.41353 93
      vertex -2.14599 10.7886 93
      vertex -1.16469 4.34667 93
    endloop
  endfacet
  facet normal -0 0 1
    outer loop
      vertex -2.84701 10.6252 93
      vertex -1.16469 4.34667 93
      vertex -2.14599 10.7886 93
    endloop
  endfacet
  facet normal 0 0 1
    outer loop
      vertex -1.16469 4.34667 93
      vertex -2.84701 10.6252 93
      vertex -1.44648 4.26118 93
    endloop
  endfacet
  facet normal -0 0 1
    outer loop
      vertex -3.53583 10.4162 93
      vertex -1.44648 4.26118 93
      vertex -2.84701 10.6252 93
    endloop
  endfacet
  facet normal 0 0 1
    outer loop
      vertex -1.44648 4.26118 93
      vertex -3.53583 10.4162 93
      vertex -1.72207 4.15746 93
    endloop
  endfacet
  facet normal -0 0 1
    outer loop
      vertex -4.20952 10.1627 93
      vertex -1.72207 4.15746 93
      vertex -3.53583 10.4162 93
    endloop
  endfacet
  facet normal 0 0 1
    outer loop
      vertex -1.72207 4.15746 93
      vertex -4.20952 10.1627 93
      vertex -1.9903 4.03593 93
    endloop
  endfacet
  facet normal -0 0 1
    outer loop
      vertex -4.86518 9.8656 93
      vertex -1.9903 4.03593 93
      vertex -4.20952 10.1627 93
    endloop
  endfacet
  facet normal 0 0 1
    outer loop
      vertex -1.9903 4.03593 93
      vertex -4.86518 9.8656 93
      vertex -2.25 3.89711 93
    endloop
  endfacet
  facet normal -0 0 1
    outer loop
      vertex -5.5 9.52628 93
      vertex -2.25 3.89711 93
      vertex -4.86518 9.8656 93
    endloop
  endfacet
  facet normal 0 0 1
    outer loop
      vertex -2.25 3.89711 93
      vertex -5.5 9.52628 93
      vertex -2.50007 3.74161 93
    endloop
  endfacet
  facet normal -0 0 1
    outer loop
      vertex -6.11127 9.14616 93
      vertex -2.50007 3.74161 93
      vertex -5.5 9.52628 93
    endloop
  endfacet
  facet normal 0 0 1
    outer loop
      vertex -2.50007 3.74161 93
      vertex -6.11127 9.14616 93
      vertex -2.73943 3.57009 93
    endloop
  endfacet
  facet normal -0 0 1
    outer loop
      vertex -6.69637 8.72689 93
      vertex -2.73943 3.57009 93
      vertex -6.11127 9.14616 93
    endloop
  endfacet
  facet normal 0 0 1
    outer loop
      vertex -2.73943 3.57009 93
      vertex -6.69637 8.72689 93
      vertex -2.96706 3.38328 93
    endloop
  endfacet
  facet normal -0 0 1
    outer loop
      vertex -7.2528 8.27024 93
      vertex -2.96706 3.38328 93
      vertex -6.69637 8.72689 93
    endloop
  endfacet
  facet normal 0 0 1
    outer loop
      vertex -2.96706 3.38328 93
      vertex -7.2528 8.27024 93
      vertex -3.18198 3.18198 93
    endloop
  endfacet
  facet normal -0 0 1
    outer loop
      vertex -7.77817 7.77817 93
      vertex -3.18198 3.18198 93
      vertex -7.2528 8.27024 93
    endloop
  endfacet
  facet normal 0 0 1
    outer loop
      vertex -3.18198 3.18198 93
      vertex -7.77817 7.77817 93
      vertex -3.38328 2.96706 93
    endloop
  endfacet
  facet normal -0 0 1
    outer loop
      vertex -8.27024 7.2528 93
      vertex -3.38328 2.96706 93
      vertex -7.77817 7.77817 93
    endloop
  endfacet
  facet normal 0 0 1
    outer loop
      vertex -3.38328 2.96706 93
      vertex -8.27024 7.2528 93
      vertex -3.57009 2.73943 93
    endloop
  endfacet
  facet normal -0 0 1
    outer loop
      vertex -8.72689 6.69637 93
      vertex -3.57009 2.73943 93
      vertex -8.27024 7.2528 93
    endloop
  endfacet
  facet normal 0 0 1
    outer loop
      vertex -3.57009 2.73943 93
      vertex -8.72689 6.69637 93
      vertex -3.74161 2.50007 93
    endloop
  endfacet
  facet normal -0 0 1
    outer loop
      vertex -9.14616 6.11127 93
      vertex -3.74161 2.50007 93
      vertex -8.72689 6.69637 93
    endloop
  endfacet
  facet normal 0 0 1
    outer loop
      vertex -3.74161 2.50007 93
      vertex -9.14616 6.11127 93
      vertex -3.89711 2.25 93
    endloop
  endfacet
  facet normal -0 0 1
    outer loop
      vertex 3.74161 -2.50007 93
      vertex 9.14616 -6.11127 93
      vertex 3.89711 -2.25 93
    endloop
  endfacet
  facet normal 0 0 1
    outer loop
      vertex 9.14616 -6.11127 93
      vertex 3.74161 -2.50007 93
      vertex 8.72689 -6.69637 93
    endloop
  endfacet
  facet normal -0 0 1
    outer loop
      vertex 3.57009 -2.73943 93
      vertex 8.72689 -6.69637 93
      vertex 3.74161 -2.50007 93
    endloop
  endfacet
  facet normal 0 0 1
    outer loop
      vertex 8.72689 -6.69637 93
      vertex 3.57009 -2.73943 93
      vertex 8.27024 -7.2528 93
    endloop
  endfacet
  facet normal -0 0 1
    outer loop
      vertex 3.38328 -2.96706 93
      vertex 8.27024 -7.2528 93
      vertex 3.57009 -2.73943 93
    endloop
  endfacet
  facet normal 0 0 1
    outer loop
      vertex 8.27024 -7.2528 93
      vertex 3.38328 -2.96706 93
      vertex 7.77817 -7.77817 93
    endloop
  endfacet
  facet normal -0 0 1
    outer loop
      vertex 3.18198 -3.18198 93
      vertex 7.77817 -7.77817 93
      vertex 3.38328 -2.96706 93
    endloop
  endfacet
  facet normal 0 0 1
    outer loop
      vertex 7.77817 -7.77817 93
      vertex 3.18198 -3.18198 93
      vertex 7.2528 -8.27024 93
    endloop
  endfacet
  facet normal -0 0 1
    outer loop
      vertex 2.96706 -3.38328 93
      vertex 7.2528 -8.27024 93
      vertex 3.18198 -3.18198 93
    endloop
  endfacet
  facet normal 0 0 1
    outer loop
      vertex 7.2528 -8.27024 93
      vertex 2.96706 -3.38328 93
      vertex 6.69637 -8.72689 93
    endloop
  endfacet
  facet normal -0 0 1
    outer loop
      vertex 2.73943 -3.57009 93
      vertex 6.69637 -8.72689 93
      vertex 2.96706 -3.38328 93
    endloop
  endfacet
  facet normal 0 0 1
    outer loop
      vertex 6.69637 -8.72689 93
      vertex 2.73943 -3.57009 93
      vertex 6.11127 -9.14616 93
    endloop
  endfacet
  facet normal -0 0 1
    outer loop
      vertex 2.50007 -3.74161 93
      vertex 6.11127 -9.14616 93
      vertex 2.73943 -3.57009 93
    endloop
  endfacet
  facet normal 0 0 1
    outer loop
      vertex 6.11127 -9.14616 93
      vertex 2.50007 -3.74161 93
      vertex 5.5 -9.52628 93
    endloop
  endfacet
  facet normal -0 0 1
    outer loop
      vertex 2.25 -3.89711 93
      vertex 5.5 -9.52628 93
      vertex 2.50007 -3.74161 93
    endloop
  endfacet
  facet normal 0 0 1
    outer loop
      vertex 5.5 -9.52628 93
      vertex 2.25 -3.89711 93
      vertex 4.86518 -9.8656 93
    endloop
  endfacet
  facet normal -0 0 1
    outer loop
      vertex 1.9903 -4.03593 93
      vertex 4.86518 -9.8656 93
      vertex 2.25 -3.89711 93
    endloop
  endfacet
  facet normal 0 0 1
    outer loop
      vertex 4.86518 -9.8656 93
      vertex 1.9903 -4.03593 93
      vertex 4.20952 -10.1627 93
    endloop
  endfacet
  facet normal -0 0 1
    outer loop
      vertex 1.72207 -4.15746 93
      vertex 4.20952 -10.1627 93
      vertex 1.9903 -4.03593 93
    endloop
  endfacet
  facet normal 0 0 1
    outer loop
      vertex 4.20952 -10.1627 93
      vertex 1.72207 -4.15746 93
      vertex 3.53583 -10.4162 93
    endloop
  endfacet
  facet normal -0 0 1
    outer loop
      vertex 1.44648 -4.26118 93
      vertex 3.53583 -10.4162 93
      vertex 1.72207 -4.15746 93
    endloop
  endfacet
  facet normal 0 0 1
    outer loop
      vertex 3.53583 -10.4162 93
      vertex 1.44648 -4.26118 93
      vertex 2.84701 -10.6252 93
    endloop
  endfacet
  facet normal -0 0 1
    outer loop
      vertex 1.16469 -4.34667 93
      vertex 2.84701 -10.6252 93
      vertex 1.44648 -4.26118 93
    endloop
  endfacet
  facet normal 0 0 1
    outer loop
      vertex 2.84701 -10.6252 93
      vertex 1.16469 -4.34667 93
      vertex 2.14599 -10.7886 93
    endloop
  endfacet
  facet normal -0 0 1
    outer loop
      vertex 0.877906 -4.41353 93
      vertex 2.14599 -10.7886 93
      vertex 1.16469 -4.34667 93
    endloop
  endfacet
  facet normal 0 0 1
    outer loop
      vertex 2.14599 -10.7886 93
      vertex 0.877906 -4.41353 93
      vertex 1.43579 -10.9059 93
    endloop
  endfacet
  facet normal -0 0 1
    outer loop
      vertex 0.587367 -4.4615 93
      vertex 1.43579 -10.9059 93
      vertex 0.877906 -4.41353 93
    endloop
  endfacet
  facet normal 0 0 1
    outer loop
      vertex 1.43579 -10.9059 93
      vertex 0.587367 -4.4615 93
      vertex 0.719434 -10.9764 93
    endloop
  endfacet
  facet normal -0 0 1
    outer loop
      vertex 0.294313 -4.49037 93
      vertex 0.719434 -10.9764 93
      vertex 0.587367 -4.4615 93
    endloop
  endfacet
  facet normal -0 0 1
    outer loop
      vertex 0 -4.5 93
      vertex 0.719434 -10.9764 93
      vertex 0.294313 -4.49037 93
    endloop
  endfacet
  facet normal 0 0 1
    outer loop
      vertex 0 -4.5 93
      vertex 0 -11 93
      vertex 0.719434 -10.9764 93
    endloop
  endfacet
  facet normal 0 0 1
    outer loop
      vertex -0.294313 -4.49037 93
      vertex 0 -11 93
      vertex 0 -4.5 93
    endloop
  endfacet
  facet normal 0 0 1
    outer loop
      vertex -0.719434 -10.9764 93
      vertex -0.294313 -4.49037 93
      vertex -0.587367 -4.4615 93
    endloop
  endfacet
  facet normal 0 0 1
    outer loop
      vertex -0.294313 -4.49037 93
      vertex -0.719434 -10.9764 93
      vertex 0 -11 93
    endloop
  endfacet
  facet normal 0 0 1
    outer loop
      vertex -1.43579 -10.9059 93
      vertex -0.587367 -4.4615 93
      vertex -0.877906 -4.41353 93
    endloop
  endfacet
  facet normal 0 0 1
    outer loop
      vertex -2.14599 -10.7886 93
      vertex -0.877906 -4.41353 93
      vertex -1.16469 -4.34667 93
    endloop
  endfacet
  facet normal 0 0 1
    outer loop
      vertex -0.587367 -4.4615 93
      vertex -1.43579 -10.9059 93
      vertex -0.719434 -10.9764 93
    endloop
  endfacet
  facet normal 0 0 1
    outer loop
      vertex -2.84701 -10.6252 93
      vertex -1.16469 -4.34667 93
      vertex -1.44648 -4.26118 93
    endloop
  endfacet
  facet normal 0 0 1
    outer loop
      vertex -3.53583 -10.4162 93
      vertex -1.44648 -4.26118 93
      vertex -1.72207 -4.15746 93
    endloop
  endfacet
  facet normal 0 0 1
    outer loop
      vertex -4.20952 -10.1627 93
      vertex -1.72207 -4.15746 93
      vertex -1.9903 -4.03593 93
    endloop
  endfacet
  facet normal 0 0 1
    outer loop
      vertex -0.877906 -4.41353 93
      vertex -2.14599 -10.7886 93
      vertex -1.43579 -10.9059 93
    endloop
  endfacet
  facet normal 0 0 1
    outer loop
      vertex -4.86518 -9.8656 93
      vertex -1.9903 -4.03593 93
      vertex -2.25 -3.89711 93
    endloop
  endfacet
  facet normal 0 0 1
    outer loop
      vertex -5.5 -9.52628 93
      vertex -2.25 -3.89711 93
      vertex -2.50007 -3.74161 93
    endloop
  endfacet
  facet normal 0 0 1
    outer loop
      vertex -6.11127 -9.14616 93
      vertex -2.50007 -3.74161 93
      vertex -2.73943 -3.57009 93
    endloop
  endfacet
  facet normal 0 0 1
    outer loop
      vertex -1.16469 -4.34667 93
      vertex -2.84701 -10.6252 93
      vertex -2.14599 -10.7886 93
    endloop
  endfacet
  facet normal 0 0 1
    outer loop
      vertex -6.69637 -8.72689 93
      vertex -2.73943 -3.57009 93
      vertex -2.96706 -3.38328 93
    endloop
  endfacet
  facet normal 0 0 1
    outer loop
      vertex -7.2528 -8.27024 93
      vertex -2.96706 -3.38328 93
      vertex -3.18198 -3.18198 93
    endloop
  endfacet
  facet normal 0 0 1
    outer loop
      vertex -7.77817 -7.77817 93
      vertex -3.18198 -3.18198 93
      vertex -3.38328 -2.96706 93
    endloop
  endfacet
  facet normal 0 0 1
    outer loop
      vertex -1.44648 -4.26118 93
      vertex -3.53583 -10.4162 93
      vertex -2.84701 -10.6252 93
    endloop
  endfacet
  facet normal 0 0 1
    outer loop
      vertex -8.27024 -7.2528 93
      vertex -3.38328 -2.96706 93
      vertex -3.57009 -2.73943 93
    endloop
  endfacet
  facet normal 0 0 1
    outer loop
      vertex -8.72689 -6.69637 93
      vertex -3.57009 -2.73943 93
      vertex -3.74161 -2.50007 93
    endloop
  endfacet
  facet normal 0 0 1
    outer loop
      vertex -9.14616 -6.11127 93
      vertex -3.74161 -2.50007 93
      vertex -3.89711 -2.25 93
    endloop
  endfacet
  facet normal 0 0 1
    outer loop
      vertex -9.52628 -5.5 93
      vertex -3.89711 -2.25 93
      vertex -4.03593 -1.9903 93
    endloop
  endfacet
  facet normal 0 0 1
    outer loop
      vertex -9.8656 -4.86518 93
      vertex -4.03593 -1.9903 93
      vertex -4.15746 -1.72207 93
    endloop
  endfacet
  facet normal 0 0 1
    outer loop
      vertex -1.72207 -4.15746 93
      vertex -4.20952 -10.1627 93
      vertex -3.53583 -10.4162 93
    endloop
  endfacet
  facet normal 0 0 1
    outer loop
      vertex -10.1627 -4.20952 93
      vertex -4.15746 -1.72207 93
      vertex -4.26118 -1.44648 93
    endloop
  endfacet
  facet normal 0 0 1
    outer loop
      vertex -10.4162 -3.53583 93
      vertex -4.26118 -1.44648 93
      vertex -4.34667 -1.16469 93
    endloop
  endfacet
  facet normal 0 0 1
    outer loop
      vertex -10.6252 -2.84701 93
      vertex -4.34667 -1.16469 93
      vertex -4.41353 -0.877906 93
    endloop
  endfacet
  facet normal 0 0 1
    outer loop
      vertex -10.7886 -2.14599 93
      vertex -4.41353 -0.877906 93
      vertex -4.4615 -0.587367 93
    endloop
  endfacet
  facet normal 0 0 1
    outer loop
      vertex -10.9059 -1.43579 93
      vertex -4.4615 -0.587367 93
      vertex -4.49037 -0.294313 93
    endloop
  endfacet
  facet normal 0 0 1
    outer loop
      vertex -10.9764 -0.719434 93
      vertex -4.49037 -0.294313 93
      vertex -4.5 0 93
    endloop
  endfacet
  facet normal -0 0 1
    outer loop
      vertex -9.52628 5.5 93
      vertex -3.89711 2.25 93
      vertex -9.14616 6.11127 93
    endloop
  endfacet
  facet normal 0 0 1
    outer loop
      vertex -1.9903 -4.03593 93
      vertex -4.86518 -9.8656 93
      vertex -4.20952 -10.1627 93
    endloop
  endfacet
  facet normal 0 0 1
    outer loop
      vertex -3.89711 2.25 93
      vertex -9.52628 5.5 93
      vertex -4.03593 1.9903 93
    endloop
  endfacet
  facet normal 0 0 1
    outer loop
      vertex -2.25 -3.89711 93
      vertex -5.5 -9.52628 93
      vertex -4.86518 -9.8656 93
    endloop
  endfacet
  facet normal -0 0 1
    outer loop
      vertex -9.8656 4.86518 93
      vertex -4.03593 1.9903 93
      vertex -9.52628 5.5 93
    endloop
  endfacet
  facet normal 0 0 1
    outer loop
      vertex -2.50007 -3.74161 93
      vertex -6.11127 -9.14616 93
      vertex -5.5 -9.52628 93
    endloop
  endfacet
  facet normal 0 0 1
    outer loop
      vertex -4.03593 1.9903 93
      vertex -9.8656 4.86518 93
      vertex -4.15746 1.72207 93
    endloop
  endfacet
  facet normal 0 0 1
    outer loop
      vertex -2.73943 -3.57009 93
      vertex -6.69637 -8.72689 93
      vertex -6.11127 -9.14616 93
    endloop
  endfacet
  facet normal -0 0 1
    outer loop
      vertex -10.1627 4.20952 93
      vertex -4.15746 1.72207 93
      vertex -9.8656 4.86518 93
    endloop
  endfacet
  facet normal 0 0 1
    outer loop
      vertex -2.96706 -3.38328 93
      vertex -7.2528 -8.27024 93
      vertex -6.69637 -8.72689 93
    endloop
  endfacet
  facet normal 0 0 1
    outer loop
      vertex -4.15746 1.72207 93
      vertex -10.1627 4.20952 93
      vertex -4.26118 1.44648 93
    endloop
  endfacet
  facet normal 0 0 1
    outer loop
      vertex -3.18198 -3.18198 93
      vertex -7.77817 -7.77817 93
      vertex -7.2528 -8.27024 93
    endloop
  endfacet
  facet normal -0 0 1
    outer loop
      vertex -10.4162 3.53583 93
      vertex -4.26118 1.44648 93
      vertex -10.1627 4.20952 93
    endloop
  endfacet
  facet normal 0 0 1
    outer loop
      vertex -3.38328 -2.96706 93
      vertex -8.27024 -7.2528 93
      vertex -7.77817 -7.77817 93
    endloop
  endfacet
  facet normal 0 0 1
    outer loop
      vertex -4.26118 1.44648 93
      vertex -10.4162 3.53583 93
      vertex -4.34667 1.16469 93
    endloop
  endfacet
  facet normal 0 0 1
    outer loop
      vertex -3.57009 -2.73943 93
      vertex -8.72689 -6.69637 93
      vertex -8.27024 -7.2528 93
    endloop
  endfacet
  facet normal -0 0 1
    outer loop
      vertex -10.6252 2.84701 93
      vertex -4.34667 1.16469 93
      vertex -10.4162 3.53583 93
    endloop
  endfacet
  facet normal 0 0 1
    outer loop
      vertex -3.74161 -2.50007 93
      vertex -9.14616 -6.11127 93
      vertex -8.72689 -6.69637 93
    endloop
  endfacet
  facet normal 0 0 1
    outer loop
      vertex -4.34667 1.16469 93
      vertex -10.6252 2.84701 93
      vertex -4.41353 0.877906 93
    endloop
  endfacet
  facet normal 0 0 1
    outer loop
      vertex -3.89711 -2.25 93
      vertex -9.52628 -5.5 93
      vertex -9.14616 -6.11127 93
    endloop
  endfacet
  facet normal -0 0 1
    outer loop
      vertex -10.7886 2.14599 93
      vertex -4.41353 0.877906 93
      vertex -10.6252 2.84701 93
    endloop
  endfacet
  facet normal 0 0 1
    outer loop
      vertex -4.03593 -1.9903 93
      vertex -9.8656 -4.86518 93
      vertex -9.52628 -5.5 93
    endloop
  endfacet
  facet normal 0 0 1
    outer loop
      vertex -4.41353 0.877906 93
      vertex -10.7886 2.14599 93
      vertex -4.4615 0.587367 93
    endloop
  endfacet
  facet normal 0 0 1
    outer loop
      vertex -4.15746 -1.72207 93
      vertex -10.1627 -4.20952 93
      vertex -9.8656 -4.86518 93
    endloop
  endfacet
  facet normal -0 0 1
    outer loop
      vertex -10.9059 1.43579 93
      vertex -4.4615 0.587367 93
      vertex -10.7886 2.14599 93
    endloop
  endfacet
  facet normal 0 0 1
    outer loop
      vertex -4.26118 -1.44648 93
      vertex -10.4162 -3.53583 93
      vertex -10.1627 -4.20952 93
    endloop
  endfacet
  facet normal 0 0 1
    outer loop
      vertex -4.4615 0.587367 93
      vertex -10.9059 1.43579 93
      vertex -4.49037 0.294313 93
    endloop
  endfacet
  facet normal 0 0 1
    outer loop
      vertex -4.34667 -1.16469 93
      vertex -10.6252 -2.84701 93
      vertex -10.4162 -3.53583 93
    endloop
  endfacet
  facet normal -0 0 1
    outer loop
      vertex -10.9764 0.719434 93
      vertex -4.49037 0.294313 93
      vertex -10.9059 1.43579 93
    endloop
  endfacet
  facet normal 0 0 1
    outer loop
      vertex -4.41353 -0.877906 93
      vertex -10.7886 -2.14599 93
      vertex -10.6252 -2.84701 93
    endloop
  endfacet
  facet normal 0 0 1
    outer loop
      vertex -4.49037 0.294313 93
      vertex -10.9764 0.719434 93
      vertex -4.5 0 93
    endloop
  endfacet
  facet normal 0 0 1
    outer loop
      vertex -4.4615 -0.587367 93
      vertex -10.9059 -1.43579 93
      vertex -10.7886 -2.14599 93
    endloop
  endfacet
  facet normal 0 0 1
    outer loop
      vertex -11 0 93
      vertex -4.5 0 93
      vertex -10.9764 0.719434 93
    endloop
  endfacet
  facet normal 0 0 1
    outer loop
      vertex -4.49037 -0.294313 93
      vertex -10.9764 -0.719434 93
      vertex -10.9059 -1.43579 93
    endloop
  endfacet
  facet normal 0 0 1
    outer loop
      vertex -4.5 0 93
      vertex -11 0 93
      vertex -10.9764 -0.719434 93
    endloop
  endfacet
  facet normal -0.471399 0.88192 0
    outer loop
      vertex -4.86518 9.8656 89.98
      vertex -5.5 9.52628 93
      vertex -4.86518 9.8656 93
    endloop
  endfacet
  facet normal -0.471399 0.88192 0
    outer loop
      vertex -5.5 9.52628 93
      vertex -4.86518 9.8656 89.98
      vertex -5.5 9.52628 89.98
    endloop
  endfacet
  facet normal -0.582472 0.812851 0
    outer loop
      vertex -6.11127 9.14616 89.98
      vertex -6.69637 8.72689 93
      vertex -6.11127 9.14616 93
    endloop
  endfacet
  facet normal -0.582472 0.812851 0
    outer loop
      vertex -6.69637 8.72689 93
      vertex -6.11127 9.14616 89.98
      vertex -6.69637 8.72689 89.98
    endloop
  endfacet
  facet normal -0.352178 0.935933 0
    outer loop
      vertex -3.53583 10.4162 89.98
      vertex -4.20952 10.1627 93
      vertex -3.53583 10.4162 93
    endloop
  endfacet
  facet normal -0.352178 0.935933 0
    outer loop
      vertex -4.20952 10.1627 93
      vertex -3.53583 10.4162 89.98
      vertex -4.20952 10.1627 89.98
    endloop
  endfacet
  facet normal -0.0327859 0.999462 0
    outer loop
      vertex 0 11 89.98
      vertex -0.719434 10.9764 93
      vertex 0 11 93
    endloop
  endfacet
  facet normal -0.0327859 0.999462 0
    outer loop
      vertex -0.719434 10.9764 93
      vertex 0 11 89.98
      vertex -0.719434 10.9764 89.98
    endloop
  endfacet
  facet normal 0.0327859 -0.999462 0
    outer loop
      vertex 0 -11 89.98
      vertex 0.719434 -10.9764 93
      vertex 0 -11 93
    endloop
  endfacet
  facet normal 0.0327859 -0.999462 0
    outer loop
      vertex 0.719434 -10.9764 93
      vertex 0 -11 89.98
      vertex 0.719434 -10.9764 89.98
    endloop
  endfacet
  facet normal 0.162957 -0.986633 0
    outer loop
      vertex 1.43579 -10.9059 89.98
      vertex 2.14599 -10.7886 93
      vertex 1.43579 -10.9059 93
    endloop
  endfacet
  facet normal 0.162957 -0.986633 0
    outer loop
      vertex 2.14599 -10.7886 93
      vertex 1.43579 -10.9059 89.98
      vertex 2.14599 -10.7886 89.98
    endloop
  endfacet
  facet normal 0.290347 -0.956922 0
    outer loop
      vertex 2.84701 -10.6252 89.98
      vertex 3.53583 -10.4162 93
      vertex 2.84701 -10.6252 93
    endloop
  endfacet
  facet normal 0.290347 -0.956922 0
    outer loop
      vertex 3.53583 -10.4162 93
      vertex 2.84701 -10.6252 89.98
      vertex 3.53583 -10.4162 89.98
    endloop
  endfacet
  facet normal 0.352178 -0.935933 0
    outer loop
      vertex 3.53583 -10.4162 89.98
      vertex 4.20952 -10.1627 93
      vertex 3.53583 -10.4162 93
    endloop
  endfacet
  facet normal 0.352178 -0.935933 0
    outer loop
      vertex 4.20952 -10.1627 93
      vertex 3.53583 -10.4162 89.98
      vertex 4.20952 -10.1627 89.98
    endloop
  endfacet
  facet normal 0.582472 -0.812851 0
    outer loop
      vertex 6.11127 -9.14616 89.98
      vertex 6.69637 -8.72689 93
      vertex 6.11127 -9.14616 93
    endloop
  endfacet
  facet normal 0.582472 -0.812851 0
    outer loop
      vertex 6.69637 -8.72689 93
      vertex 6.11127 -9.14616 89.98
      vertex 6.69637 -8.72689 89.98
    endloop
  endfacet
  facet normal 0.471399 -0.88192 0
    outer loop
      vertex 4.86518 -9.8656 89.98
      vertex 5.5 -9.52628 93
      vertex 4.86518 -9.8656 93
    endloop
  endfacet
  facet normal 0.471399 -0.88192 0
    outer loop
      vertex 5.5 -9.52628 93
      vertex 4.86518 -9.8656 89.98
      vertex 5.5 -9.52628 89.98
    endloop
  endfacet
  facet normal 0.729859 -0.683598 0
    outer loop
      vertex 7.77817 -7.77817 93
      vertex 8.27024 -7.2528 89.98
      vertex 8.27024 -7.2528 93
    endloop
  endfacet
  facet normal 0.729859 -0.683598 0
    outer loop
      vertex 8.27024 -7.2528 89.98
      vertex 7.77817 -7.77817 93
      vertex 7.77817 -7.77817 89.98
    endloop
  endfacet
  facet normal 0.910851 -0.412735 0
    outer loop
      vertex 9.8656 -4.86518 93
      vertex 10.1627 -4.20952 89.98
      vertex 10.1627 -4.20952 93
    endloop
  endfacet
  facet normal 0.910851 -0.412735 0
    outer loop
      vertex 10.1627 -4.20952 89.98
      vertex 9.8656 -4.86518 93
      vertex 9.8656 -4.86518 89.98
    endloop
  endfacet
  facet normal 0.935933 -0.352178 0
    outer loop
      vertex 10.1627 -4.20952 93
      vertex 10.4162 -3.53583 89.98
      vertex 10.4162 -3.53583 93
    endloop
  endfacet
  facet normal 0.935933 -0.352178 0
    outer loop
      vertex 10.4162 -3.53583 89.98
      vertex 10.1627 -4.20952 93
      vertex 10.1627 -4.20952 89.98
    endloop
  endfacet
  facet normal 0.973894 -0.227004 0
    outer loop
      vertex 10.6252 -2.84701 93
      vertex 10.7886 -2.14599 89.98
      vertex 10.7886 -2.14599 93
    endloop
  endfacet
  facet normal 0.973894 -0.227004 0
    outer loop
      vertex 10.7886 -2.14599 89.98
      vertex 10.6252 -2.84701 93
      vertex 10.6252 -2.84701 89.98
    endloop
  endfacet
  facet normal -0.634393 -0.773011 0
    outer loop
      vertex -7.2528 -8.27024 89.98
      vertex -6.69637 -8.72689 93
      vertex -7.2528 -8.27024 93
    endloop
  endfacet
  facet normal -0.634393 -0.773011 -0
    outer loop
      vertex -6.69637 -8.72689 93
      vertex -7.2528 -8.27024 89.98
      vertex -6.69637 -8.72689 89.98
    endloop
  endfacet
  facet normal -0.412735 -0.910851 0
    outer loop
      vertex -4.86518 -9.8656 89.98
      vertex -4.20952 -10.1627 93
      vertex -4.86518 -9.8656 93
    endloop
  endfacet
  facet normal -0.412735 -0.910851 -0
    outer loop
      vertex -4.20952 -10.1627 93
      vertex -4.86518 -9.8656 89.98
      vertex -4.20952 -10.1627 89.98
    endloop
  endfacet
  facet normal -0.528076 -0.849197 0
    outer loop
      vertex -6.11127 -9.14616 89.98
      vertex -5.5 -9.52628 93
      vertex -6.11127 -9.14616 93
    endloop
  endfacet
  facet normal -0.528076 -0.849197 -0
    outer loop
      vertex -5.5 -9.52628 93
      vertex -6.11127 -9.14616 89.98
      vertex -5.5 -9.52628 89.98
    endloop
  endfacet
  facet normal -0.227004 -0.973894 0
    outer loop
      vertex -2.84701 -10.6252 89.98
      vertex -2.14599 -10.7886 93
      vertex -2.84701 -10.6252 93
    endloop
  endfacet
  facet normal -0.227004 -0.973894 -0
    outer loop
      vertex -2.14599 -10.7886 93
      vertex -2.84701 -10.6252 89.98
      vertex -2.14599 -10.7886 89.98
    endloop
  endfacet
  facet normal -0.0979416 -0.995192 0
    outer loop
      vertex -1.43579 -10.9059 89.98
      vertex -0.719434 -10.9764 93
      vertex -1.43579 -10.9059 93
    endloop
  endfacet
  facet normal -0.0979416 -0.995192 -0
    outer loop
      vertex -0.719434 -10.9764 93
      vertex -1.43579 -10.9059 89.98
      vertex -0.719434 -10.9764 89.98
    endloop
  endfacet
  facet normal -0.812851 -0.582472 0
    outer loop
      vertex -8.72689 -6.69637 89.98
      vertex -9.14616 -6.11127 93
      vertex -9.14616 -6.11127 89.98
    endloop
  endfacet
  facet normal -0.812851 -0.582472 0
    outer loop
      vertex -9.14616 -6.11127 93
      vertex -8.72689 -6.69637 89.98
      vertex -8.72689 -6.69637 93
    endloop
  endfacet
  facet normal -0.956922 -0.290347 0
    outer loop
      vertex -10.4162 -3.53583 89.98
      vertex -10.6252 -2.84701 93
      vertex -10.6252 -2.84701 89.98
    endloop
  endfacet
  facet normal -0.956922 -0.290347 0
    outer loop
      vertex -10.6252 -2.84701 93
      vertex -10.4162 -3.53583 89.98
      vertex -10.4162 -3.53583 93
    endloop
  endfacet
  facet normal -0.986633 -0.162957 0
    outer loop
      vertex -10.7886 -2.14599 89.98
      vertex -10.9059 -1.43579 93
      vertex -10.9059 -1.43579 89.98
    endloop
  endfacet
  facet normal -0.986633 -0.162957 0
    outer loop
      vertex -10.9059 -1.43579 93
      vertex -10.7886 -2.14599 89.98
      vertex -10.7886 -2.14599 93
    endloop
  endfacet
  facet normal -0.999462 -0.0327859 0
    outer loop
      vertex -10.9764 -0.719434 89.98
      vertex -11 0 93
      vertex -11 0 89.98
    endloop
  endfacet
  facet normal -0.999462 -0.0327859 0
    outer loop
      vertex -11 0 93
      vertex -10.9764 -0.719434 89.98
      vertex -10.9764 -0.719434 93
    endloop
  endfacet
  facet normal -0.812851 0.582472 0
    outer loop
      vertex -9.14616 6.11127 89.98
      vertex -8.72689 6.69637 93
      vertex -8.72689 6.69637 89.98
    endloop
  endfacet
  facet normal -0.812851 0.582472 0
    outer loop
      vertex -8.72689 6.69637 93
      vertex -9.14616 6.11127 89.98
      vertex -9.14616 6.11127 93
    endloop
  endfacet
  facet normal -0.773011 0.634393 0
    outer loop
      vertex -8.72689 6.69637 89.98
      vertex -8.27024 7.2528 93
      vertex -8.27024 7.2528 89.98
    endloop
  endfacet
  facet normal -0.773011 0.634393 0
    outer loop
      vertex -8.27024 7.2528 93
      vertex -8.72689 6.69637 89.98
      vertex -8.72689 6.69637 93
    endloop
  endfacet
  facet normal 0.999462 -0.0327859 0
    outer loop
      vertex 10.9764 -0.719434 93
      vertex 11 0 89.98
      vertex 11 0 93
    endloop
  endfacet
  facet normal 0.999462 -0.0327859 0
    outer loop
      vertex 11 0 89.98
      vertex 10.9764 -0.719434 93
      vertex 10.9764 -0.719434 89.98
    endloop
  endfacet
  facet normal 0.0979416 -0.995192 0
    outer loop
      vertex 0.719434 -10.9764 89.98
      vertex 1.43579 -10.9059 93
      vertex 0.719434 -10.9764 93
    endloop
  endfacet
  facet normal 0.0979416 -0.995192 0
    outer loop
      vertex 1.43579 -10.9059 93
      vertex 0.719434 -10.9764 89.98
      vertex 1.43579 -10.9059 89.98
    endloop
  endfacet
  facet normal 0.634393 -0.773011 0
    outer loop
      vertex 6.69637 -8.72689 89.98
      vertex 7.2528 -8.27024 93
      vertex 6.69637 -8.72689 93
    endloop
  endfacet
  facet normal 0.634393 -0.773011 0
    outer loop
      vertex 7.2528 -8.27024 93
      vertex 6.69637 -8.72689 89.98
      vertex 7.2528 -8.27024 89.98
    endloop
  endfacet
  facet normal 0.528076 -0.849197 0
    outer loop
      vertex 5.5 -9.52628 89.98
      vertex 6.11127 -9.14616 93
      vertex 5.5 -9.52628 93
    endloop
  endfacet
  facet normal 0.528076 -0.849197 0
    outer loop
      vertex 6.11127 -9.14616 93
      vertex 5.5 -9.52628 89.98
      vertex 6.11127 -9.14616 89.98
    endloop
  endfacet
  facet normal 0.849197 -0.528076 0
    outer loop
      vertex 9.14616 -6.11127 93
      vertex 9.52628 -5.5 89.98
      vertex 9.52628 -5.5 93
    endloop
  endfacet
  facet normal 0.849197 -0.528076 0
    outer loop
      vertex 9.52628 -5.5 89.98
      vertex 9.14616 -6.11127 93
      vertex 9.14616 -6.11127 89.98
    endloop
  endfacet
  facet normal 0.773011 -0.634393 0
    outer loop
      vertex 8.27024 -7.2528 93
      vertex 8.72689 -6.69637 89.98
      vertex 8.72689 -6.69637 93
    endloop
  endfacet
  facet normal 0.773011 -0.634393 0
    outer loop
      vertex 8.72689 -6.69637 89.98
      vertex 8.27024 -7.2528 93
      vertex 8.27024 -7.2528 89.98
    endloop
  endfacet
  facet normal -0.582472 -0.812851 0
    outer loop
      vertex -6.69637 -8.72689 89.98
      vertex -6.11127 -9.14616 93
      vertex -6.69637 -8.72689 93
    endloop
  endfacet
  facet normal -0.582472 -0.812851 -0
    outer loop
      vertex -6.11127 -9.14616 93
      vertex -6.69637 -8.72689 89.98
      vertex -6.11127 -9.14616 89.98
    endloop
  endfacet
  facet normal -0.471399 -0.88192 0
    outer loop
      vertex -5.5 -9.52628 89.98
      vertex -4.86518 -9.8656 93
      vertex -5.5 -9.52628 93
    endloop
  endfacet
  facet normal -0.471399 -0.88192 -0
    outer loop
      vertex -4.86518 -9.8656 93
      vertex -5.5 -9.52628 89.98
      vertex -4.86518 -9.8656 89.98
    endloop
  endfacet
  facet normal -0.290347 -0.956922 0
    outer loop
      vertex -3.53583 -10.4162 89.98
      vertex -2.84701 -10.6252 93
      vertex -3.53583 -10.4162 93
    endloop
  endfacet
  facet normal -0.290347 -0.956922 -0
    outer loop
      vertex -2.84701 -10.6252 93
      vertex -3.53583 -10.4162 89.98
      vertex -2.84701 -10.6252 89.98
    endloop
  endfacet
  facet normal -0.773011 -0.634393 0
    outer loop
      vertex -8.27024 -7.2528 89.98
      vertex -8.72689 -6.69637 93
      vertex -8.72689 -6.69637 89.98
    endloop
  endfacet
  facet normal -0.773011 -0.634393 0
    outer loop
      vertex -8.72689 -6.69637 93
      vertex -8.27024 -7.2528 89.98
      vertex -8.27024 -7.2528 93
    endloop
  endfacet
  facet normal -0.849197 -0.528076 0
    outer loop
      vertex -9.14616 -6.11127 89.98
      vertex -9.52628 -5.5 93
      vertex -9.52628 -5.5 89.98
    endloop
  endfacet
  facet normal -0.849197 -0.528076 0
    outer loop
      vertex -9.52628 -5.5 93
      vertex -9.14616 -6.11127 89.98
      vertex -9.14616 -6.11127 93
    endloop
  endfacet
  facet normal -0.995192 -0.0979416 0
    outer loop
      vertex -10.9059 -1.43579 89.98
      vertex -10.9764 -0.719434 93
      vertex -10.9764 -0.719434 89.98
    endloop
  endfacet
  facet normal -0.995192 -0.0979416 0
    outer loop
      vertex -10.9764 -0.719434 93
      vertex -10.9059 -1.43579 89.98
      vertex -10.9059 -1.43579 93
    endloop
  endfacet
  facet normal 0.812851 -0.582472 0
    outer loop
      vertex 8.72689 -6.69637 93
      vertex 9.14616 -6.11127 89.98
      vertex 9.14616 -6.11127 93
    endloop
  endfacet
  facet normal 0.812851 -0.582472 0
    outer loop
      vertex 9.14616 -6.11127 89.98
      vertex 8.72689 -6.69637 93
      vertex 8.72689 -6.69637 89.98
    endloop
  endfacet
  facet normal 0 -0.773047 0.634348
    outer loop
      vertex -4.31225 1.27813 4.87911
      vertex -6.86829 1.3487 4.96511
      vertex -6.87994 1.27813 4.87911
    endloop
  endfacet
  facet normal 0 -0.773047 0.634348
    outer loop
      vertex -6.86829 1.3487 4.96511
      vertex -4.31225 1.27813 4.87911
      vertex -4.29084 1.3487 4.96511
    endloop
  endfacet
  facet normal 0 -0.773047 0.634348
    outer loop
      vertex 4.31225 1.27813 4.87911
      vertex 6.86829 1.3487 4.96511
      vertex 4.29084 1.3487 4.96511
    endloop
  endfacet
  facet normal 0 -0.773047 0.634348
    outer loop
      vertex 6.86829 1.3487 4.96511
      vertex 4.31225 1.27813 4.87911
      vertex 6.87994 1.27813 4.87911
    endloop
  endfacet
  facet normal 0 -0.935889 -0.352295
    outer loop
      vertex -6.80857 1.60978 6.54645
      vertex -4.21447 1.57059 6.65056
      vertex -6.81771 1.57059 6.65056
    endloop
  endfacet
  facet normal 0 -0.935889 -0.352295
    outer loop
      vertex -4.21447 1.57059 6.65056
      vertex -6.80857 1.60978 6.54645
      vertex -4.19972 1.60978 6.54645
    endloop
  endfacet
  facet normal -0 -0.935889 -0.352295
    outer loop
      vertex 6.80857 1.60978 6.54645
      vertex 4.21447 1.57059 6.65056
      vertex 4.19972 1.60978 6.54645
    endloop
  endfacet
  facet normal 0 -0.935889 -0.352295
    outer loop
      vertex 4.21447 1.57059 6.65056
      vertex 6.80857 1.60978 6.54645
      vertex 6.81771 1.57059 6.65056
    endloop
  endfacet
  facet normal 0 -0.412695 -0.910869
    outer loop
      vertex -4.45107 0.650561 7.57059
      vertex -6.95605 0.75189 7.52468
      vertex -4.43434 0.75189 7.52468
    endloop
  endfacet
  facet normal 0 -0.412695 -0.910869
    outer loop
      vertex -6.95605 0.75189 7.52468
      vertex -4.45107 0.650561 7.57059
      vertex -6.96603 0.650561 7.57059
    endloop
  endfacet
  facet normal 0 -0.412695 -0.910869
    outer loop
      vertex 4.45107 0.650561 7.57059
      vertex 6.95605 0.75189 7.52468
      vertex 6.96603 0.650561 7.57059
    endloop
  endfacet
  facet normal -0 -0.412695 -0.910869
    outer loop
      vertex 6.95605 0.75189 7.52468
      vertex 4.45107 0.650561 7.57059
      vertex 4.43434 0.75189 7.52468
    endloop
  endfacet
  facet normal 0 0.0979826 0.995188
    outer loop
      vertex -4.49636 -0.111185 4.30364
      vertex -6.99274 -0.221894 4.31454
      vertex -4.49274 -0.221894 4.31454
    endloop
  endfacet
  facet normal 0 0.0979826 0.995188
    outer loop
      vertex -6.99274 -0.221894 4.31454
      vertex -4.49636 -0.111185 4.30364
      vertex -6.99636 -0.111185 4.30364
    endloop
  endfacet
  facet normal -0 0.0979826 0.995188
    outer loop
      vertex 4.49636 -0.111185 4.30364
      vertex 6.99274 -0.221894 4.31454
      vertex 6.99636 -0.111185 4.30364
    endloop
  endfacet
  facet normal 0 0.0979826 0.995188
    outer loop
      vertex 6.99274 -0.221894 4.31454
      vertex 4.49636 -0.111185 4.30364
      vertex 4.49274 -0.221894 4.31454
    endloop
  endfacet
  facet normal 0 0.352321 -0.935879
    outer loop
      vertex -6.96603 -0.650561 7.57059
      vertex -4.4615 -0.587367 7.59438
      vertex -4.45107 -0.650561 7.57059
    endloop
  endfacet
  facet normal 2.72558e-06 0.352226 -0.935915
    outer loop
      vertex -6.96603 -0.650561 7.57059
      vertex -4.46553 -0.546447 7.60978
      vertex -4.4615 -0.587367 7.59438
    endloop
  endfacet
  facet normal 0 0.352284 -0.935893
    outer loop
      vertex -4.46553 -0.546447 7.60978
      vertex -6.96603 -0.650561 7.57059
      vertex -6.97628 -0.546447 7.60978
    endloop
  endfacet
  facet normal 0 0.352284 -0.935893
    outer loop
      vertex 6.96603 -0.650561 7.57059
      vertex 4.46553 -0.546447 7.60978
      vertex 6.97628 -0.546447 7.60978
    endloop
  endfacet
  facet normal -2.72558e-06 0.352226 -0.935915
    outer loop
      vertex 6.96603 -0.650561 7.57059
      vertex 4.4615 -0.587367 7.59438
      vertex 4.46553 -0.546447 7.60978
    endloop
  endfacet
  facet normal 0 0.352321 -0.935879
    outer loop
      vertex 4.4615 -0.587367 7.59438
      vertex 6.96603 -0.650561 7.57059
      vertex 4.45107 -0.650561 7.57059
    endloop
  endfacet
  facet normal 0 0.910871 -0.412692
    outer loop
      vertex -6.81771 -1.57059 6.65056
      vertex -4.23175 -1.52468 6.75189
      vertex -4.21447 -1.57059 6.65056
    endloop
  endfacet
  facet normal 0 0.910871 -0.412692
    outer loop
      vertex -4.23175 -1.52468 6.75189
      vertex -6.81771 -1.57059 6.65056
      vertex -6.82841 -1.52468 6.75189
    endloop
  endfacet
  facet normal 0 0.910871 -0.412692
    outer loop
      vertex 6.81771 -1.57059 6.65056
      vertex 4.23175 -1.52468 6.75189
      vertex 6.82841 -1.52468 6.75189
    endloop
  endfacet
  facet normal 0 0.910871 -0.412692
    outer loop
      vertex 4.23175 -1.52468 6.75189
      vertex 6.81771 -1.57059 6.65056
      vertex 4.21447 -1.57059 6.65056
    endloop
  endfacet
  facet normal 0 -0.471394 0.881923
    outer loop
      vertex -6.94639 0.849999 4.52776
      vertex -4.43434 0.75189 4.47532
      vertex -4.41814 0.849999 4.52776
    endloop
  endfacet
  facet normal 0 -0.471394 0.881923
    outer loop
      vertex -4.43434 0.75189 4.47532
      vertex -6.94639 0.849999 4.52776
      vertex -6.95605 0.75189 4.47532
    endloop
  endfacet
  facet normal 0 -0.471394 0.881923
    outer loop
      vertex 6.94639 0.849999 4.52776
      vertex 4.43434 0.75189 4.47532
      vertex 6.95605 0.75189 4.47532
    endloop
  endfacet
  facet normal 0 -0.471394 0.881923
    outer loop
      vertex 4.43434 0.75189 4.47532
      vertex 6.94639 0.849999 4.52776
      vertex 4.41814 0.849999 4.52776
    endloop
  endfacet
  facet normal 0 -0.683701 -0.729762
    outer loop
      vertex -4.34667 1.16469 7.23711
      vertex -6.8925 1.20208 7.20208
      vertex -4.33532 1.20208 7.20208
    endloop
  endfacet
  facet normal 3.75875e-06 -0.683565 -0.72989
    outer loop
      vertex -4.35688 1.12089 7.27813
      vertex -6.8925 1.20208 7.20208
      vertex -4.34667 1.16469 7.23711
    endloop
  endfacet
  facet normal 0 -0.683627 -0.729831
    outer loop
      vertex -6.8925 1.20208 7.20208
      vertex -4.35688 1.12089 7.27813
      vertex -6.9059 1.12089 7.27813
    endloop
  endfacet
  facet normal 0 -0.683627 -0.729831
    outer loop
      vertex 4.35688 1.12089 7.27813
      vertex 6.8925 1.20208 7.20208
      vertex 6.9059 1.12089 7.27813
    endloop
  endfacet
  facet normal -3.75875e-06 -0.683565 -0.72989
    outer loop
      vertex 4.34667 1.16469 7.23711
      vertex 6.8925 1.20208 7.20208
      vertex 4.35688 1.12089 7.27813
    endloop
  endfacet
  facet normal -0 -0.683701 -0.729762
    outer loop
      vertex 6.8925 1.20208 7.20208
      vertex 4.34667 1.16469 7.23711
      vertex 4.33532 1.20208 7.20208
    endloop
  endfacet
  facet normal 0 -0.986631 -0.16297
    outer loop
      vertex -6.79092 1.68546 6.22189
      vertex -4.17806 1.66733 6.33165
      vertex -6.79515 1.66733 6.33165
    endloop
  endfacet
  facet normal 0 -0.986631 -0.16297
    outer loop
      vertex -4.17806 1.66733 6.33165
      vertex -6.79092 1.68546 6.22189
      vertex -4.17124 1.68546 6.22189
    endloop
  endfacet
  facet normal -0 -0.986631 -0.16297
    outer loop
      vertex 6.79092 1.68546 6.22189
      vertex 4.17806 1.66733 6.33165
      vertex 4.17124 1.68546 6.22189
    endloop
  endfacet
  facet normal 0 -0.986631 -0.16297
    outer loop
      vertex 4.17806 1.66733 6.33165
      vertex 6.79092 1.68546 6.22189
      vertex 6.79515 1.66733 6.33165
    endloop
  endfacet
  facet normal 0 0.352191 0.935928
    outer loop
      vertex -4.4615 -0.587367 4.40562
      vertex -6.96603 -0.650561 4.4294
      vertex -4.45107 -0.650561 4.4294
    endloop
  endfacet
  facet normal -1.00205e-06 0.352226 0.935915
    outer loop
      vertex -4.46553 -0.546447 4.39022
      vertex -6.96603 -0.650561 4.4294
      vertex -4.4615 -0.587367 4.40562
    endloop
  endfacet
  facet normal 0 0.352205 0.935923
    outer loop
      vertex -6.96603 -0.650561 4.4294
      vertex -4.46553 -0.546447 4.39022
      vertex -6.97628 -0.546447 4.39022
    endloop
  endfacet
  facet normal -0 0.352205 0.935923
    outer loop
      vertex 4.46553 -0.546447 4.39022
      vertex 6.96603 -0.650561 4.4294
      vertex 6.97628 -0.546447 4.39022
    endloop
  endfacet
  facet normal 1.00205e-06 0.352226 0.935915
    outer loop
      vertex 4.4615 -0.587367 4.40562
      vertex 6.96603 -0.650561 4.4294
      vertex 4.46553 -0.546447 4.39022
    endloop
  endfacet
  facet normal 0 0.352191 0.935928
    outer loop
      vertex 6.96603 -0.650561 4.4294
      vertex 4.4615 -0.587367 4.40562
      vertex 4.45107 -0.650561 4.4294
    endloop
  endfacet
  facet normal 0 0.729831 -0.683627
    outer loop
      vertex -6.87994 -1.27813 7.12089
      vertex -4.33532 -1.20208 7.20208
      vertex -4.31225 -1.27813 7.12089
    endloop
  endfacet
  facet normal 0 0.729831 -0.683627
    outer loop
      vertex -4.33532 -1.20208 7.20208
      vertex -6.87994 -1.27813 7.12089
      vertex -6.8925 -1.20208 7.20208
    endloop
  endfacet
  facet normal 0 0.729831 -0.683627
    outer loop
      vertex 6.87994 -1.27813 7.12089
      vertex 4.33532 -1.20208 7.20208
      vertex 6.8925 -1.20208 7.20208
    endloop
  endfacet
  facet normal 0 0.729831 -0.683627
    outer loop
      vertex 4.33532 -1.20208 7.20208
      vertex 6.87994 -1.27813 7.12089
      vertex 4.31225 -1.27813 7.12089
    endloop
  endfacet
  facet normal 0 0.163028 -0.986621
    outer loop
      vertex -6.98914 -0.331653 7.66733
      vertex -4.49037 -0.294313 7.6735
      vertex -4.48669 -0.331653 7.66733
    endloop
  endfacet
  facet normal 1.30153e-06 0.162943 -0.986635
    outer loop
      vertex -6.98914 -0.331653 7.66733
      vertex -4.49274 -0.221894 7.68546
      vertex -4.49037 -0.294313 7.6735
    endloop
  endfacet
  facet normal 0 0.162972 -0.986631
    outer loop
      vertex -4.49274 -0.221894 7.68546
      vertex -6.98914 -0.331653 7.66733
      vertex -6.99274 -0.221894 7.68546
    endloop
  endfacet
  facet normal 0 0.162972 -0.986631
    outer loop
      vertex 6.98914 -0.331653 7.66733
      vertex 4.49274 -0.221894 7.68546
      vertex 6.99274 -0.221894 7.68546
    endloop
  endfacet
  facet normal -1.30153e-06 0.162943 -0.986635
    outer loop
      vertex 6.98914 -0.331653 7.66733
      vertex 4.49037 -0.294313 7.6735
      vertex 4.49274 -0.221894 7.68546
    endloop
  endfacet
  facet normal 0 0.163028 -0.986621
    outer loop
      vertex 4.49037 -0.294313 7.6735
      vertex 6.98914 -0.331653 7.66733
      vertex 4.48669 -0.331653 7.66733
    endloop
  endfacet
  facet normal 0 -0.634348 0.773047
    outer loop
      vertex -6.9059 1.12089 4.72187
      vertex -4.37693 1.03489 4.6513
      vertex -4.35688 1.12089 4.72187
    endloop
  endfacet
  facet normal 0 -0.634348 0.773047
    outer loop
      vertex -4.37693 1.03489 4.6513
      vertex -6.9059 1.12089 4.72187
      vertex -6.9201 1.03489 4.6513
    endloop
  endfacet
  facet normal 0 -0.634348 0.773047
    outer loop
      vertex 6.9059 1.12089 4.72187
      vertex 4.37693 1.03489 4.6513
      vertex 6.9201 1.03489 4.6513
    endloop
  endfacet
  facet normal 0 -0.634348 0.773047
    outer loop
      vertex 4.37693 1.03489 4.6513
      vertex 6.9059 1.12089 4.72187
      vertex 4.35688 1.12089 4.72187
    endloop
  endfacet
  facet normal 0 -0.0327207 -0.999465
    outer loop
      vertex -4.5 0 7.7
      vertex -6.99636 0.111185 7.69636
      vertex -4.49636 0.111185 7.69636
    endloop
  endfacet
  facet normal 0 -0.0327207 -0.999465
    outer loop
      vertex -6.99636 0.111185 7.69636
      vertex -4.5 0 7.7
      vertex -7 0 7.7
    endloop
  endfacet
  facet normal 0 -0.0327207 -0.999465
    outer loop
      vertex 4.5 0 7.7
      vertex 6.99636 0.111185 7.69636
      vertex 7 0 7.7
    endloop
  endfacet
  facet normal -0 -0.0327207 -0.999465
    outer loop
      vertex 6.99636 0.111185 7.69636
      vertex 4.5 0 7.7
      vertex 4.49636 0.111185 7.69636
    endloop
  endfacet
  facet normal 0 -0.227067 -0.973879
    outer loop
      vertex -4.48669 0.331653 7.66733
      vertex -6.9856 0.439992 7.64207
      vertex -4.47602 0.439992 7.64207
    endloop
  endfacet
  facet normal 0 -0.227067 -0.973879
    outer loop
      vertex -6.9856 0.439992 7.64207
      vertex -4.48669 0.331653 7.66733
      vertex -6.98914 0.331653 7.66733
    endloop
  endfacet
  facet normal 0 -0.227067 -0.973879
    outer loop
      vertex 4.48669 0.331653 7.66733
      vertex 6.9856 0.439992 7.64207
      vertex 6.98914 0.331653 7.66733
    endloop
  endfacet
  facet normal -0 -0.227067 -0.973879
    outer loop
      vertex 6.9856 0.439992 7.64207
      vertex 4.48669 0.331653 7.66733
      vertex 4.47602 0.439992 7.64207
    endloop
  endfacet
  facet normal 0 -0.582504 -0.812827
    outer loop
      vertex -4.39801 0.944468 7.4135
      vertex -6.9201 1.03489 7.3487
      vertex -4.37693 1.03489 7.3487
    endloop
  endfacet
  facet normal 0 -0.582504 -0.812827
    outer loop
      vertex -6.9201 1.03489 7.3487
      vertex -4.39801 0.944468 7.4135
      vertex -6.93503 0.944468 7.4135
    endloop
  endfacet
  facet normal 0 -0.582504 -0.812827
    outer loop
      vertex 4.39801 0.944468 7.4135
      vertex 6.9201 1.03489 7.3487
      vertex 6.93503 0.944468 7.4135
    endloop
  endfacet
  facet normal -0 -0.582504 -0.812827
    outer loop
      vertex 6.9201 1.03489 7.3487
      vertex 4.39801 0.944468 7.4135
      vertex 4.37693 1.03489 7.3487
    endloop
  endfacet
  facet normal 0 -0.97388 -0.227065
    outer loop
      vertex -6.79515 1.66733 6.33165
      vertex -4.18757 1.64207 6.43999
      vertex -6.80104 1.64207 6.43999
    endloop
  endfacet
  facet normal 0 -0.97388 -0.227065
    outer loop
      vertex -4.18757 1.64207 6.43999
      vertex -6.79515 1.66733 6.33165
      vertex -4.17806 1.66733 6.33165
    endloop
  endfacet
  facet normal -0 -0.97388 -0.227065
    outer loop
      vertex 6.79515 1.66733 6.33165
      vertex 4.18757 1.64207 6.43999
      vertex 4.17806 1.66733 6.33165
    endloop
  endfacet
  facet normal 0 -0.97388 -0.227065
    outer loop
      vertex 4.18757 1.64207 6.43999
      vertex 6.79515 1.66733 6.33165
      vertex 6.80104 1.64207 6.43999
    endloop
  endfacet
  facet normal 0 -0.999465 -0.0327192
    outer loop
      vertex -6.78753 1.7 6
      vertex -4.16714 1.69636 6.11119
      vertex -6.78838 1.69636 6.11119
    endloop
  endfacet
  facet normal 0 -0.999465 -0.0327192
    outer loop
      vertex -4.16714 1.69636 6.11119
      vertex -6.78753 1.7 6
      vertex -4.16577 1.7 6
    endloop
  endfacet
  facet normal -0 -0.999465 -0.0327192
    outer loop
      vertex 6.78753 1.7 6
      vertex 4.16714 1.69636 6.11119
      vertex 4.16577 1.7 6
    endloop
  endfacet
  facet normal 0 -0.999465 -0.0327192
    outer loop
      vertex 4.16714 1.69636 6.11119
      vertex 6.78753 1.7 6
      vertex 6.78838 1.69636 6.11119
    endloop
  endfacet
  facet normal 0 -0.849223 -0.528034
    outer loop
      vertex -6.84064 1.47224 6.85
      vertex -4.27119 1.4135 6.94447
      vertex -6.85434 1.4135 6.94447
    endloop
  endfacet
  facet normal 3.15605e-07 -0.849219 -0.52804
    outer loop
      vertex -4.27119 1.4135 6.94447
      vertex -6.84064 1.47224 6.85
      vertex -4.26118 1.44648 6.89143
    endloop
  endfacet
  facet normal 0 -0.849228 -0.528026
    outer loop
      vertex -4.26118 1.44648 6.89143
      vertex -6.84064 1.47224 6.85
      vertex -4.25149 1.47224 6.85
    endloop
  endfacet
  facet normal -3.15605e-07 -0.849219 -0.52804
    outer loop
      vertex 6.84064 1.47224 6.85
      vertex 4.27119 1.4135 6.94447
      vertex 4.26118 1.44648 6.89143
    endloop
  endfacet
  facet normal -0 -0.849228 -0.528026
    outer loop
      vertex 6.84064 1.47224 6.85
      vertex 4.26118 1.44648 6.89143
      vertex 4.25149 1.47224 6.85
    endloop
  endfacet
  facet normal 0 -0.849223 -0.528034
    outer loop
      vertex 4.27119 1.4135 6.94447
      vertex 6.84064 1.47224 6.85
      vertex 6.85434 1.4135 6.94447
    endloop
  endfacet
  facet normal 0 -0.910871 -0.412692
    outer loop
      vertex -6.81771 1.57059 6.65056
      vertex -4.23175 1.52468 6.75189
      vertex -6.82841 1.52468 6.75189
    endloop
  endfacet
  facet normal 0 -0.910871 -0.412692
    outer loop
      vertex -4.23175 1.52468 6.75189
      vertex -6.81771 1.57059 6.65056
      vertex -4.21447 1.57059 6.65056
    endloop
  endfacet
  facet normal -0 -0.910871 -0.412692
    outer loop
      vertex 6.81771 1.57059 6.65056
      vertex 4.23175 1.52468 6.75189
      vertex 4.21447 1.57059 6.65056
    endloop
  endfacet
  facet normal 0 -0.910871 -0.412692
    outer loop
      vertex 4.23175 1.52468 6.75189
      vertex 6.81771 1.57059 6.65056
      vertex 6.82841 1.52468 6.75189
    endloop
  endfacet
  facet normal 0 -0.729831 -0.683627
    outer loop
      vertex -6.87994 1.27813 7.12089
      vertex -4.33532 1.20208 7.20208
      vertex -6.8925 1.20208 7.20208
    endloop
  endfacet
  facet normal 0 -0.729831 -0.683627
    outer loop
      vertex -4.33532 1.20208 7.20208
      vertex -6.87994 1.27813 7.12089
      vertex -4.31225 1.27813 7.12089
    endloop
  endfacet
  facet normal -0 -0.729831 -0.683627
    outer loop
      vertex 6.87994 1.27813 7.12089
      vertex 4.33532 1.20208 7.20208
      vertex 4.31225 1.27813 7.12089
    endloop
  endfacet
  facet normal 0 -0.729831 -0.683627
    outer loop
      vertex 4.33532 1.20208 7.20208
      vertex 6.87994 1.27813 7.12089
      vertex 6.8925 1.20208 7.20208
    endloop
  endfacet
  facet normal 0 -0.0327207 0.999465
    outer loop
      vertex -6.99636 0.111185 4.30364
      vertex -4.5 0 4.3
      vertex -4.49636 0.111185 4.30364
    endloop
  endfacet
  facet normal 0 -0.0327207 0.999465
    outer loop
      vertex -4.5 0 4.3
      vertex -6.99636 0.111185 4.30364
      vertex -7 0 4.3
    endloop
  endfacet
  facet normal 0 -0.0327207 0.999465
    outer loop
      vertex 6.99636 0.111185 4.30364
      vertex 4.5 0 4.3
      vertex 7 0 4.3
    endloop
  endfacet
  facet normal 0 -0.0327207 0.999465
    outer loop
      vertex 4.5 0 4.3
      vertex 6.99636 0.111185 4.30364
      vertex 4.49636 0.111185 4.30364
    endloop
  endfacet
  facet normal 0 0.999465 0.0327192
    outer loop
      vertex -4.16714 -1.69636 5.88881
      vertex -6.78753 -1.7 6
      vertex -4.16577 -1.7 6
    endloop
  endfacet
  facet normal 0 0.999465 0.0327192
    outer loop
      vertex -6.78753 -1.7 6
      vertex -4.16714 -1.69636 5.88881
      vertex -6.78838 -1.69636 5.88881
    endloop
  endfacet
  facet normal -0 0.999465 0.0327192
    outer loop
      vertex 4.16714 -1.69636 5.88881
      vertex 6.78753 -1.7 6
      vertex 6.78838 -1.69636 5.88881
    endloop
  endfacet
  facet normal 0 0.999465 0.0327192
    outer loop
      vertex 6.78753 -1.7 6
      vertex 4.16714 -1.69636 5.88881
      vertex 4.16577 -1.7 6
    endloop
  endfacet
  facet normal 0 0.290262 0.956947
    outer loop
      vertex -4.47602 -0.439992 4.35793
      vertex -6.97628 -0.546447 4.39022
      vertex -4.46553 -0.546447 4.39022
    endloop
  endfacet
  facet normal -0 0.290262 0.956947
    outer loop
      vertex -6.9856 -0.439992 4.35793
      vertex -6.97628 -0.546447 4.39022
      vertex -4.47602 -0.439992 4.35793
    endloop
  endfacet
  facet normal -0.00808989 0.289604 0.957112
    outer loop
      vertex -6.97628 -0.546447 4.39022
      vertex -6.9856 -0.439992 4.35793
      vertex -6.98501 -0.457822 4.36333
    endloop
  endfacet
  facet normal 0.00808989 0.289604 0.957112
    outer loop
      vertex 6.9856 -0.439992 4.35793
      vertex 6.97628 -0.546447 4.39022
      vertex 6.98501 -0.457822 4.36333
    endloop
  endfacet
  facet normal -0 0.290262 0.956947
    outer loop
      vertex 4.47602 -0.439992 4.35793
      vertex 6.97628 -0.546447 4.39022
      vertex 6.9856 -0.439992 4.35793
    endloop
  endfacet
  facet normal 0 0.290262 0.956947
    outer loop
      vertex 6.97628 -0.546447 4.39022
      vertex 4.47602 -0.439992 4.35793
      vertex 4.46553 -0.546447 4.39022
    endloop
  endfacet
  facet normal 0 0.634348 0.773047
    outer loop
      vertex -4.37693 -1.03489 4.6513
      vertex -6.9059 -1.12089 4.72187
      vertex -4.35688 -1.12089 4.72187
    endloop
  endfacet
  facet normal 0 0.634348 0.773047
    outer loop
      vertex -6.9059 -1.12089 4.72187
      vertex -4.37693 -1.03489 4.6513
      vertex -6.9201 -1.03489 4.6513
    endloop
  endfacet
  facet normal -0 0.634348 0.773047
    outer loop
      vertex 4.37693 -1.03489 4.6513
      vertex 6.9059 -1.12089 4.72187
      vertex 6.9201 -1.03489 4.6513
    endloop
  endfacet
  facet normal 0 0.634348 0.773047
    outer loop
      vertex 6.9059 -1.12089 4.72187
      vertex 4.37693 -1.03489 4.6513
      vertex 4.35688 -1.12089 4.72187
    endloop
  endfacet
  facet normal 0 0.97388 0.227065
    outer loop
      vertex -4.18757 -1.64207 5.56001
      vertex -6.79515 -1.66733 5.66835
      vertex -4.17806 -1.66733 5.66835
    endloop
  endfacet
  facet normal 0 0.97388 0.227065
    outer loop
      vertex -6.79515 -1.66733 5.66835
      vertex -4.18757 -1.64207 5.56001
      vertex -6.80104 -1.64207 5.56001
    endloop
  endfacet
  facet normal -0 0.97388 0.227065
    outer loop
      vertex 4.18757 -1.64207 5.56001
      vertex 6.79515 -1.66733 5.66835
      vertex 6.80104 -1.64207 5.56001
    endloop
  endfacet
  facet normal 0 0.97388 0.227065
    outer loop
      vertex 6.79515 -1.66733 5.66835
      vertex 4.18757 -1.64207 5.56001
      vertex 4.17806 -1.66733 5.66835
    endloop
  endfacet
  facet normal 0 0.773047 0.634348
    outer loop
      vertex -4.31225 -1.27813 4.87911
      vertex -6.86829 -1.3487 4.96511
      vertex -4.29084 -1.3487 4.96511
    endloop
  endfacet
  facet normal 0 0.773047 0.634348
    outer loop
      vertex -6.86829 -1.3487 4.96511
      vertex -4.31225 -1.27813 4.87911
      vertex -6.87994 -1.27813 4.87911
    endloop
  endfacet
  facet normal -0 0.773047 0.634348
    outer loop
      vertex 4.31225 -1.27813 4.87911
      vertex 6.86829 -1.3487 4.96511
      vertex 6.87994 -1.27813 4.87911
    endloop
  endfacet
  facet normal 0 0.773047 0.634348
    outer loop
      vertex 6.86829 -1.3487 4.96511
      vertex 4.31225 -1.27813 4.87911
      vertex 4.29084 -1.3487 4.96511
    endloop
  endfacet
  facet normal 0 0.999465 -0.0327192
    outer loop
      vertex -6.78753 -1.7 6
      vertex -4.16714 -1.69636 6.11119
      vertex -4.16577 -1.7 6
    endloop
  endfacet
  facet normal 0 0.999465 -0.0327192
    outer loop
      vertex -4.16714 -1.69636 6.11119
      vertex -6.78753 -1.7 6
      vertex -6.78838 -1.69636 6.11119
    endloop
  endfacet
  facet normal 0 0.999465 -0.0327192
    outer loop
      vertex 6.78753 -1.7 6
      vertex 4.16714 -1.69636 6.11119
      vertex 6.78838 -1.69636 6.11119
    endloop
  endfacet
  facet normal 0 0.999465 -0.0327192
    outer loop
      vertex 4.16714 -1.69636 6.11119
      vertex 6.78753 -1.7 6
      vertex 4.16577 -1.7 6
    endloop
  endfacet
  facet normal 0 0.97388 -0.227065
    outer loop
      vertex -6.79515 -1.66733 6.33165
      vertex -4.18757 -1.64207 6.43999
      vertex -4.17806 -1.66733 6.33165
    endloop
  endfacet
  facet normal 0 0.97388 -0.227065
    outer loop
      vertex -4.18757 -1.64207 6.43999
      vertex -6.79515 -1.66733 6.33165
      vertex -6.80104 -1.64207 6.43999
    endloop
  endfacet
  facet normal 0 0.97388 -0.227065
    outer loop
      vertex 6.79515 -1.66733 6.33165
      vertex 4.18757 -1.64207 6.43999
      vertex 6.80104 -1.64207 6.43999
    endloop
  endfacet
  facet normal 0 0.97388 -0.227065
    outer loop
      vertex 4.18757 -1.64207 6.43999
      vertex 6.79515 -1.66733 6.33165
      vertex 4.17806 -1.66733 6.33165
    endloop
  endfacet
  facet normal 0 0.812821 -0.582513
    outer loop
      vertex -6.85434 -1.4135 6.94447
      vertex -6.86829 -1.3487 7.03489
      vertex -4.29084 -1.3487 7.03489
    endloop
  endfacet
  facet normal 0 0.812821 -0.582513
    outer loop
      vertex -6.85434 -1.4135 6.94447
      vertex -4.29084 -1.3487 7.03489
      vertex -4.27119 -1.4135 6.94447
    endloop
  endfacet
  facet normal -0.00246863 0.812639 -0.582763
    outer loop
      vertex -6.86829 -1.3487 7.03489
      vertex -6.85434 -1.4135 6.94447
      vertex -6.8655 -1.36563 7.01127
    endloop
  endfacet
  facet normal 0.00246863 0.812639 -0.582763
    outer loop
      vertex 6.85434 -1.4135 6.94447
      vertex 6.86829 -1.3487 7.03489
      vertex 6.8655 -1.36563 7.01127
    endloop
  endfacet
  facet normal 0 0.812821 -0.582513
    outer loop
      vertex 6.86829 -1.3487 7.03489
      vertex 6.85434 -1.4135 6.94447
      vertex 4.29084 -1.3487 7.03489
    endloop
  endfacet
  facet normal 0 0.812821 -0.582513
    outer loop
      vertex 4.29084 -1.3487 7.03489
      vertex 6.85434 -1.4135 6.94447
      vertex 4.27119 -1.4135 6.94447
    endloop
  endfacet
  facet normal 0 0.227067 -0.973879
    outer loop
      vertex -6.9856 -0.439992 7.64207
      vertex -4.48669 -0.331653 7.66733
      vertex -4.47602 -0.439992 7.64207
    endloop
  endfacet
  facet normal 0 0.227067 -0.973879
    outer loop
      vertex -4.48669 -0.331653 7.66733
      vertex -6.9856 -0.439992 7.64207
      vertex -6.98914 -0.331653 7.66733
    endloop
  endfacet
  facet normal 0 0.227067 -0.973879
    outer loop
      vertex 6.9856 -0.439992 7.64207
      vertex 4.48669 -0.331653 7.66733
      vertex 6.98914 -0.331653 7.66733
    endloop
  endfacet
  facet normal 0 0.227067 -0.973879
    outer loop
      vertex 4.48669 -0.331653 7.66733
      vertex 6.9856 -0.439992 7.64207
      vertex 4.47602 -0.439992 7.64207
    endloop
  endfacet
  facet normal 0 0.0327207 -0.999465
    outer loop
      vertex -6.99636 -0.111185 7.69636
      vertex -4.5 0 7.7
      vertex -4.49636 -0.111185 7.69636
    endloop
  endfacet
  facet normal 0 0.0327207 -0.999465
    outer loop
      vertex -4.5 0 7.7
      vertex -6.99636 -0.111185 7.69636
      vertex -7 0 7.7
    endloop
  endfacet
  facet normal 0 0.0327207 -0.999465
    outer loop
      vertex 6.99636 -0.111185 7.69636
      vertex 4.5 0 7.7
      vertex 7 0 7.7
    endloop
  endfacet
  facet normal 0 0.0327207 -0.999465
    outer loop
      vertex 4.5 0 7.7
      vertex 6.99636 -0.111185 7.69636
      vertex 4.49636 -0.111185 7.69636
    endloop
  endfacet
  facet normal 0 0.412695 -0.910869
    outer loop
      vertex -6.95605 -0.75189 7.52468
      vertex -4.45107 -0.650561 7.57059
      vertex -4.43434 -0.75189 7.52468
    endloop
  endfacet
  facet normal 0 0.412695 -0.910869
    outer loop
      vertex -4.45107 -0.650561 7.57059
      vertex -6.95605 -0.75189 7.52468
      vertex -6.96603 -0.650561 7.57059
    endloop
  endfacet
  facet normal 0 0.412695 -0.910869
    outer loop
      vertex 6.95605 -0.75189 7.52468
      vertex 4.45107 -0.650561 7.57059
      vertex 6.96603 -0.650561 7.57059
    endloop
  endfacet
  facet normal 0 0.412695 -0.910869
    outer loop
      vertex 4.45107 -0.650561 7.57059
      vertex 6.95605 -0.75189 7.52468
      vertex 4.43434 -0.75189 7.52468
    endloop
  endfacet
  facet normal 0 0.683701 -0.729762
    outer loop
      vertex -6.8925 -1.20208 7.20208
      vertex -4.34667 -1.16469 7.23711
      vertex -4.33532 -1.20208 7.20208
    endloop
  endfacet
  facet normal 3.75875e-06 0.683565 -0.72989
    outer loop
      vertex -6.8925 -1.20208 7.20208
      vertex -4.35688 -1.12089 7.27813
      vertex -4.34667 -1.16469 7.23711
    endloop
  endfacet
  facet normal 0 0.683627 -0.729831
    outer loop
      vertex -4.35688 -1.12089 7.27813
      vertex -6.8925 -1.20208 7.20208
      vertex -6.9059 -1.12089 7.27813
    endloop
  endfacet
  facet normal 0 0.683627 -0.729831
    outer loop
      vertex 6.8925 -1.20208 7.20208
      vertex 4.35688 -1.12089 7.27813
      vertex 6.9059 -1.12089 7.27813
    endloop
  endfacet
  facet normal -3.75875e-06 0.683565 -0.72989
    outer loop
      vertex 6.8925 -1.20208 7.20208
      vertex 4.34667 -1.16469 7.23711
      vertex 4.35688 -1.12089 7.27813
    endloop
  endfacet
  facet normal 0 0.683701 -0.729762
    outer loop
      vertex 4.34667 -1.16469 7.23711
      vertex 6.8925 -1.20208 7.20208
      vertex 4.33532 -1.20208 7.20208
    endloop
  endfacet
  facet normal 0 -0.0979826 0.995188
    outer loop
      vertex -6.99274 0.221894 4.31454
      vertex -4.49636 0.111185 4.30364
      vertex -4.49274 0.221894 4.31454
    endloop
  endfacet
  facet normal 0 -0.0979826 0.995188
    outer loop
      vertex -4.49636 0.111185 4.30364
      vertex -6.99274 0.221894 4.31454
      vertex -6.99636 0.111185 4.30364
    endloop
  endfacet
  facet normal 0 -0.0979826 0.995188
    outer loop
      vertex 6.99274 0.221894 4.31454
      vertex 4.49636 0.111185 4.30364
      vertex 6.99636 0.111185 4.30364
    endloop
  endfacet
  facet normal 0 -0.0979826 0.995188
    outer loop
      vertex 4.49636 0.111185 4.30364
      vertex 6.99274 0.221894 4.31454
      vertex 4.49274 0.221894 4.31454
    endloop
  endfacet
  facet normal 0 -0.227152 0.973859
    outer loop
      vertex -6.9856 0.439992 4.35793
      vertex -4.48669 0.331653 4.33266
      vertex -4.47602 0.439992 4.35793
    endloop
  endfacet
  facet normal 0 -0.227152 0.973859
    outer loop
      vertex -4.48669 0.331653 4.33266
      vertex -6.9856 0.439992 4.35793
      vertex -6.98914 0.331653 4.33266
    endloop
  endfacet
  facet normal 0 -0.227152 0.973859
    outer loop
      vertex 6.9856 0.439992 4.35793
      vertex 4.48669 0.331653 4.33266
      vertex 6.98914 0.331653 4.33266
    endloop
  endfacet
  facet normal 0 -0.227152 0.973859
    outer loop
      vertex 4.48669 0.331653 4.33266
      vertex 6.9856 0.439992 4.35793
      vertex 4.47602 0.439992 4.35793
    endloop
  endfacet
  facet normal 0 -0.352191 0.935928
    outer loop
      vertex -6.96603 0.650561 4.4294
      vertex -4.4615 0.587367 4.40562
      vertex -4.45107 0.650561 4.4294
    endloop
  endfacet
  facet normal -1.00205e-06 -0.352226 0.935915
    outer loop
      vertex -6.96603 0.650561 4.4294
      vertex -4.46553 0.546447 4.39022
      vertex -4.4615 0.587367 4.40562
    endloop
  endfacet
  facet normal 0 -0.352205 0.935923
    outer loop
      vertex -4.46553 0.546447 4.39022
      vertex -6.96603 0.650561 4.4294
      vertex -6.97628 0.546447 4.39022
    endloop
  endfacet
  facet normal 0 -0.352205 0.935923
    outer loop
      vertex 6.96603 0.650561 4.4294
      vertex 4.46553 0.546447 4.39022
      vertex 6.97628 0.546447 4.39022
    endloop
  endfacet
  facet normal 1.00205e-06 -0.352226 0.935915
    outer loop
      vertex 6.96603 0.650561 4.4294
      vertex 4.4615 0.587367 4.40562
      vertex 4.46553 0.546447 4.39022
    endloop
  endfacet
  facet normal 0 -0.352191 0.935928
    outer loop
      vertex 4.4615 0.587367 4.40562
      vertex 6.96603 0.650561 4.4294
      vertex 4.45107 0.650561 4.4294
    endloop
  endfacet
  facet normal 0 -0.41277 0.910835
    outer loop
      vertex -6.95605 0.75189 4.47532
      vertex -4.45107 0.650561 4.4294
      vertex -4.43434 0.75189 4.47532
    endloop
  endfacet
  facet normal 0 -0.41277 0.910835
    outer loop
      vertex -4.45107 0.650561 4.4294
      vertex -6.95605 0.75189 4.47532
      vertex -6.96603 0.650561 4.4294
    endloop
  endfacet
  facet normal 0 -0.41277 0.910835
    outer loop
      vertex 6.95605 0.75189 4.47532
      vertex 4.45107 0.650561 4.4294
      vertex 6.96603 0.650561 4.4294
    endloop
  endfacet
  facet normal 0 -0.41277 0.910835
    outer loop
      vertex 4.45107 0.650561 4.4294
      vertex 6.95605 0.75189 4.47532
      vertex 4.43434 0.75189 4.47532
    endloop
  endfacet
  facet normal 0 -0.290262 0.956947
    outer loop
      vertex -6.97628 0.546447 4.39022
      vertex -4.47602 0.439992 4.35793
      vertex -4.46553 0.546447 4.39022
    endloop
  endfacet
  facet normal -0.00808989 -0.289604 0.957112
    outer loop
      vertex -6.9856 0.439992 4.35793
      vertex -6.97628 0.546447 4.39022
      vertex -6.98501 0.457822 4.36333
    endloop
  endfacet
  facet normal 0 -0.290262 0.956947
    outer loop
      vertex -6.97628 0.546447 4.39022
      vertex -6.9856 0.439992 4.35793
      vertex -4.47602 0.439992 4.35793
    endloop
  endfacet
  facet normal 0.00808989 -0.289604 0.957112
    outer loop
      vertex 6.97628 0.546447 4.39022
      vertex 6.9856 0.439992 4.35793
      vertex 6.98501 0.457822 4.36333
    endloop
  endfacet
  facet normal 0 -0.290262 0.956947
    outer loop
      vertex 6.97628 0.546447 4.39022
      vertex 4.47602 0.439992 4.35793
      vertex 6.9856 0.439992 4.35793
    endloop
  endfacet
  facet normal 0 -0.290262 0.956947
    outer loop
      vertex 4.47602 0.439992 4.35793
      vertex 6.97628 0.546447 4.39022
      vertex 4.46553 0.546447 4.39022
    endloop
  endfacet
  facet normal 0 -0.582504 0.812827
    outer loop
      vertex -6.9201 1.03489 4.6513
      vertex -4.39801 0.944468 4.5865
      vertex -4.37693 1.03489 4.6513
    endloop
  endfacet
  facet normal 0 -0.582504 0.812827
    outer loop
      vertex -4.39801 0.944468 4.5865
      vertex -6.9201 1.03489 4.6513
      vertex -6.93503 0.944468 4.5865
    endloop
  endfacet
  facet normal 0 -0.582504 0.812827
    outer loop
      vertex 6.9201 1.03489 4.6513
      vertex 4.39801 0.944468 4.5865
      vertex 6.93503 0.944468 4.5865
    endloop
  endfacet
  facet normal 0 -0.582504 0.812827
    outer loop
      vertex 4.39801 0.944468 4.5865
      vertex 6.9201 1.03489 4.6513
      vertex 4.37693 1.03489 4.6513
    endloop
  endfacet
  facet normal 0 -0.683701 0.729762
    outer loop
      vertex -6.8925 1.20208 4.79792
      vertex -4.34667 1.16469 4.76289
      vertex -4.33532 1.20208 4.79792
    endloop
  endfacet
  facet normal 3.75875e-06 -0.683565 0.72989
    outer loop
      vertex -6.8925 1.20208 4.79792
      vertex -4.35688 1.12089 4.72187
      vertex -4.34667 1.16469 4.76289
    endloop
  endfacet
  facet normal 0 -0.683627 0.729831
    outer loop
      vertex -4.35688 1.12089 4.72187
      vertex -6.8925 1.20208 4.79792
      vertex -6.9059 1.12089 4.72187
    endloop
  endfacet
  facet normal 0 -0.683627 0.729831
    outer loop
      vertex 6.8925 1.20208 4.79792
      vertex 4.35688 1.12089 4.72187
      vertex 6.9059 1.12089 4.72187
    endloop
  endfacet
  facet normal -3.75875e-06 -0.683565 0.72989
    outer loop
      vertex 6.8925 1.20208 4.79792
      vertex 4.34667 1.16469 4.76289
      vertex 4.35688 1.12089 4.72187
    endloop
  endfacet
  facet normal 0 -0.683701 0.729762
    outer loop
      vertex 4.34667 1.16469 4.76289
      vertex 6.8925 1.20208 4.79792
      vertex 4.33532 1.20208 4.79792
    endloop
  endfacet
  facet normal -0.00246863 -0.812639 0.582763
    outer loop
      vertex -6.86829 1.3487 4.96511
      vertex -6.85434 1.4135 5.05553
      vertex -6.8655 1.36563 4.98873
    endloop
  endfacet
  facet normal 0 -0.812821 0.582513
    outer loop
      vertex -6.85434 1.4135 5.05553
      vertex -6.86829 1.3487 4.96511
      vertex -4.29084 1.3487 4.96511
    endloop
  endfacet
  facet normal 0 -0.812821 0.582513
    outer loop
      vertex -6.85434 1.4135 5.05553
      vertex -4.29084 1.3487 4.96511
      vertex -4.27119 1.4135 5.05553
    endloop
  endfacet
  facet normal 0 -0.812821 0.582513
    outer loop
      vertex 4.29084 1.3487 4.96511
      vertex 6.85434 1.4135 5.05553
      vertex 4.27119 1.4135 5.05553
    endloop
  endfacet
  facet normal 0 -0.812821 0.582513
    outer loop
      vertex 6.86829 1.3487 4.96511
      vertex 6.85434 1.4135 5.05553
      vertex 4.29084 1.3487 4.96511
    endloop
  endfacet
  facet normal 0.00246863 -0.812639 0.582763
    outer loop
      vertex 6.85434 1.4135 5.05553
      vertex 6.86829 1.3487 4.96511
      vertex 6.8655 1.36563 4.98873
    endloop
  endfacet
  facet normal 0 -0.910871 0.412692
    outer loop
      vertex -4.23175 1.52468 5.24811
      vertex -6.81771 1.57059 5.34944
      vertex -6.82841 1.52468 5.24811
    endloop
  endfacet
  facet normal 0 -0.910871 0.412692
    outer loop
      vertex -6.81771 1.57059 5.34944
      vertex -4.23175 1.52468 5.24811
      vertex -4.21447 1.57059 5.34944
    endloop
  endfacet
  facet normal 0 -0.910871 0.412692
    outer loop
      vertex 4.23175 1.52468 5.24811
      vertex 6.81771 1.57059 5.34944
      vertex 4.21447 1.57059 5.34944
    endloop
  endfacet
  facet normal 0 -0.910871 0.412692
    outer loop
      vertex 6.81771 1.57059 5.34944
      vertex 4.23175 1.52468 5.24811
      vertex 6.82841 1.52468 5.24811
    endloop
  endfacet
  facet normal 0 -0.849228 0.528026
    outer loop
      vertex -6.84064 1.47224 5.15
      vertex -4.26118 1.44648 5.10857
      vertex -4.25149 1.47224 5.15
    endloop
  endfacet
  facet normal 0 -0.849223 0.528034
    outer loop
      vertex -4.27119 1.4135 5.05553
      vertex -6.84064 1.47224 5.15
      vertex -6.85434 1.4135 5.05553
    endloop
  endfacet
  facet normal 3.15605e-07 -0.849219 0.52804
    outer loop
      vertex -6.84064 1.47224 5.15
      vertex -4.27119 1.4135 5.05553
      vertex -4.26118 1.44648 5.10857
    endloop
  endfacet
  facet normal 0 -0.849228 0.528026
    outer loop
      vertex 4.26118 1.44648 5.10857
      vertex 6.84064 1.47224 5.15
      vertex 4.25149 1.47224 5.15
    endloop
  endfacet
  facet normal -3.15605e-07 -0.849219 0.52804
    outer loop
      vertex 4.27119 1.4135 5.05553
      vertex 6.84064 1.47224 5.15
      vertex 4.26118 1.44648 5.10857
    endloop
  endfacet
  facet normal 0 -0.849223 0.528034
    outer loop
      vertex 6.84064 1.47224 5.15
      vertex 4.27119 1.4135 5.05553
      vertex 6.85434 1.4135 5.05553
    endloop
  endfacet
  facet normal 0 -0.935889 0.352295
    outer loop
      vertex -4.21447 1.57059 5.34944
      vertex -6.80857 1.60978 5.45355
      vertex -6.81771 1.57059 5.34944
    endloop
  endfacet
  facet normal 0 -0.935889 0.352295
    outer loop
      vertex -6.80857 1.60978 5.45355
      vertex -4.21447 1.57059 5.34944
      vertex -4.19972 1.60978 5.45355
    endloop
  endfacet
  facet normal 0 -0.935889 0.352295
    outer loop
      vertex 4.21447 1.57059 5.34944
      vertex 6.80857 1.60978 5.45355
      vertex 4.19972 1.60978 5.45355
    endloop
  endfacet
  facet normal 0 -0.935889 0.352295
    outer loop
      vertex 6.80857 1.60978 5.45355
      vertex 4.21447 1.57059 5.34944
      vertex 6.81771 1.57059 5.34944
    endloop
  endfacet
  facet normal 0 -0.995188 0.0979817
    outer loop
      vertex -4.17124 1.68546 5.7781
      vertex -6.78838 1.69636 5.88881
      vertex -6.79092 1.68546 5.7781
    endloop
  endfacet
  facet normal 0 -0.995188 0.0979817
    outer loop
      vertex -6.78838 1.69636 5.88881
      vertex -4.17124 1.68546 5.7781
      vertex -4.16714 1.69636 5.88881
    endloop
  endfacet
  facet normal 0 -0.995188 0.0979817
    outer loop
      vertex 4.17124 1.68546 5.7781
      vertex 6.78838 1.69636 5.88881
      vertex 4.16714 1.69636 5.88881
    endloop
  endfacet
  facet normal 0 -0.995188 0.0979817
    outer loop
      vertex 6.78838 1.69636 5.88881
      vertex 4.17124 1.68546 5.7781
      vertex 6.79092 1.68546 5.7781
    endloop
  endfacet
  facet normal 0 -0.986629 0.162985
    outer loop
      vertex -4.17806 1.66733 5.66835
      vertex -6.79092 1.68546 5.7781
      vertex -6.79515 1.66733 5.66835
    endloop
  endfacet
  facet normal 0 -0.986629 0.162985
    outer loop
      vertex -6.79092 1.68546 5.7781
      vertex -4.17806 1.66733 5.66835
      vertex -4.17124 1.68546 5.7781
    endloop
  endfacet
  facet normal 0 -0.986629 0.162985
    outer loop
      vertex 4.17806 1.66733 5.66835
      vertex 6.79092 1.68546 5.7781
      vertex 4.17124 1.68546 5.7781
    endloop
  endfacet
  facet normal 0 -0.986629 0.162985
    outer loop
      vertex 6.79092 1.68546 5.7781
      vertex 4.17806 1.66733 5.66835
      vertex 6.79515 1.66733 5.66835
    endloop
  endfacet
  facet normal 0 -0.999465 0.0327192
    outer loop
      vertex -4.16714 1.69636 5.88881
      vertex -6.78753 1.7 6
      vertex -6.78838 1.69636 5.88881
    endloop
  endfacet
  facet normal 0 -0.999465 0.0327192
    outer loop
      vertex -6.78753 1.7 6
      vertex -4.16714 1.69636 5.88881
      vertex -4.16577 1.7 6
    endloop
  endfacet
  facet normal 0 -0.999465 0.0327192
    outer loop
      vertex 4.16714 1.69636 5.88881
      vertex 6.78753 1.7 6
      vertex 4.16577 1.7 6
    endloop
  endfacet
  facet normal 0 -0.999465 0.0327192
    outer loop
      vertex 6.78753 1.7 6
      vertex 4.16714 1.69636 5.88881
      vertex 6.78838 1.69636 5.88881
    endloop
  endfacet
  facet normal 0 -0.97388 0.227065
    outer loop
      vertex -4.18757 1.64207 5.56001
      vertex -6.79515 1.66733 5.66835
      vertex -6.80104 1.64207 5.56001
    endloop
  endfacet
  facet normal 0 -0.97388 0.227065
    outer loop
      vertex -6.79515 1.66733 5.66835
      vertex -4.18757 1.64207 5.56001
      vertex -4.17806 1.66733 5.66835
    endloop
  endfacet
  facet normal 0 -0.97388 0.227065
    outer loop
      vertex 4.18757 1.64207 5.56001
      vertex 6.79515 1.66733 5.66835
      vertex 4.17806 1.66733 5.66835
    endloop
  endfacet
  facet normal 0 -0.97388 0.227065
    outer loop
      vertex 6.79515 1.66733 5.66835
      vertex 4.18757 1.64207 5.56001
      vertex 6.80104 1.64207 5.56001
    endloop
  endfacet
  facet normal 0 -0.290262 -0.956947
    outer loop
      vertex -4.47602 0.439992 7.64207
      vertex -6.97628 0.546447 7.60978
      vertex -4.46553 0.546447 7.60978
    endloop
  endfacet
  facet normal 0 -0.290262 -0.956947
    outer loop
      vertex -6.9856 0.439992 7.64207
      vertex -6.97628 0.546447 7.60978
      vertex -4.47602 0.439992 7.64207
    endloop
  endfacet
  facet normal 0.00176676 -0.290403 -0.956903
    outer loop
      vertex -6.97628 0.546447 7.60978
      vertex -6.9856 0.439992 7.64207
      vertex -6.98501 0.457822 7.63666
    endloop
  endfacet
  facet normal -0.00176676 -0.290403 -0.956903
    outer loop
      vertex 6.9856 0.439992 7.64207
      vertex 6.97628 0.546447 7.60978
      vertex 6.98501 0.457822 7.63666
    endloop
  endfacet
  facet normal 0 -0.290262 -0.956947
    outer loop
      vertex 4.47602 0.439992 7.64207
      vertex 6.97628 0.546447 7.60978
      vertex 6.9856 0.439992 7.64207
    endloop
  endfacet
  facet normal -0 -0.290262 -0.956947
    outer loop
      vertex 6.97628 0.546447 7.60978
      vertex 4.47602 0.439992 7.64207
      vertex 4.46553 0.546447 7.60978
    endloop
  endfacet
  facet normal 0 -0.352321 -0.935879
    outer loop
      vertex -4.4615 0.587367 7.59438
      vertex -6.96603 0.650561 7.57059
      vertex -4.45107 0.650561 7.57059
    endloop
  endfacet
  facet normal 2.72558e-06 -0.352226 -0.935915
    outer loop
      vertex -4.46553 0.546447 7.60978
      vertex -6.96603 0.650561 7.57059
      vertex -4.4615 0.587367 7.59438
    endloop
  endfacet
  facet normal 0 -0.352284 -0.935893
    outer loop
      vertex -6.96603 0.650561 7.57059
      vertex -4.46553 0.546447 7.60978
      vertex -6.97628 0.546447 7.60978
    endloop
  endfacet
  facet normal 0 -0.352284 -0.935893
    outer loop
      vertex 4.46553 0.546447 7.60978
      vertex 6.96603 0.650561 7.57059
      vertex 6.97628 0.546447 7.60978
    endloop
  endfacet
  facet normal -2.72558e-06 -0.352226 -0.935915
    outer loop
      vertex 4.4615 0.587367 7.59438
      vertex 6.96603 0.650561 7.57059
      vertex 4.46553 0.546447 7.60978
    endloop
  endfacet
  facet normal -0 -0.352321 -0.935879
    outer loop
      vertex 6.96603 0.650561 7.57059
      vertex 4.4615 0.587367 7.59438
      vertex 4.45107 0.650561 7.57059
    endloop
  endfacet
  facet normal 0 -0.163028 -0.986621
    outer loop
      vertex -4.49037 0.294313 7.6735
      vertex -6.98914 0.331653 7.66733
      vertex -4.48669 0.331653 7.66733
    endloop
  endfacet
  facet normal 1.30153e-06 -0.162943 -0.986635
    outer loop
      vertex -4.49274 0.221894 7.68546
      vertex -6.98914 0.331653 7.66733
      vertex -4.49037 0.294313 7.6735
    endloop
  endfacet
  facet normal 0 -0.162972 -0.986631
    outer loop
      vertex -6.98914 0.331653 7.66733
      vertex -4.49274 0.221894 7.68546
      vertex -6.99274 0.221894 7.68546
    endloop
  endfacet
  facet normal 0 -0.162972 -0.986631
    outer loop
      vertex 4.49274 0.221894 7.68546
      vertex 6.98914 0.331653 7.66733
      vertex 6.99274 0.221894 7.68546
    endloop
  endfacet
  facet normal -1.30153e-06 -0.162943 -0.986635
    outer loop
      vertex 4.49037 0.294313 7.6735
      vertex 6.98914 0.331653 7.66733
      vertex 4.49274 0.221894 7.68546
    endloop
  endfacet
  facet normal -0 -0.163028 -0.986621
    outer loop
      vertex 6.98914 0.331653 7.66733
      vertex 4.49037 0.294313 7.6735
      vertex 4.48669 0.331653 7.66733
    endloop
  endfacet
  facet normal 0 -0.0979826 -0.995188
    outer loop
      vertex -4.49636 0.111185 7.69636
      vertex -6.99274 0.221894 7.68546
      vertex -4.49274 0.221894 7.68546
    endloop
  endfacet
  facet normal 0 -0.0979826 -0.995188
    outer loop
      vertex -6.99274 0.221894 7.68546
      vertex -4.49636 0.111185 7.69636
      vertex -6.99636 0.111185 7.69636
    endloop
  endfacet
  facet normal 0 -0.0979826 -0.995188
    outer loop
      vertex 4.49636 0.111185 7.69636
      vertex 6.99274 0.221894 7.68546
      vertex 6.99636 0.111185 7.69636
    endloop
  endfacet
  facet normal -0 -0.0979826 -0.995188
    outer loop
      vertex 6.99274 0.221894 7.68546
      vertex 4.49636 0.111185 7.69636
      vertex 4.49274 0.221894 7.68546
    endloop
  endfacet
  facet normal 0 -0.471394 -0.881923
    outer loop
      vertex -4.43434 0.75189 7.52468
      vertex -6.94639 0.849999 7.47224
      vertex -4.41814 0.849999 7.47224
    endloop
  endfacet
  facet normal 0 -0.471394 -0.881923
    outer loop
      vertex -6.94639 0.849999 7.47224
      vertex -4.43434 0.75189 7.52468
      vertex -6.95605 0.75189 7.52468
    endloop
  endfacet
  facet normal 0 -0.471394 -0.881923
    outer loop
      vertex 4.43434 0.75189 7.52468
      vertex 6.94639 0.849999 7.47224
      vertex 6.95605 0.75189 7.52468
    endloop
  endfacet
  facet normal -0 -0.471394 -0.881923
    outer loop
      vertex 6.94639 0.849999 7.47224
      vertex 4.43434 0.75189 7.52468
      vertex 4.41814 0.849999 7.47224
    endloop
  endfacet
  facet normal 0 -0.956951 -0.290249
    outer loop
      vertex -6.80104 1.64207 6.43999
      vertex -4.19972 1.60978 6.54645
      vertex -6.80857 1.60978 6.54645
    endloop
  endfacet
  facet normal 0 -0.956951 -0.290249
    outer loop
      vertex -4.19972 1.60978 6.54645
      vertex -6.80104 1.64207 6.43999
      vertex -4.18757 1.64207 6.43999
    endloop
  endfacet
  facet normal -0 -0.956951 -0.290249
    outer loop
      vertex 6.80104 1.64207 6.43999
      vertex 4.19972 1.60978 6.54645
      vertex 4.18757 1.64207 6.43999
    endloop
  endfacet
  facet normal 0 -0.956951 -0.290249
    outer loop
      vertex 4.19972 1.60978 6.54645
      vertex 6.80104 1.64207 6.43999
      vertex 6.80857 1.60978 6.54645
    endloop
  endfacet
  facet normal 0 -0.773047 -0.634348
    outer loop
      vertex -6.86829 1.3487 7.03489
      vertex -4.31225 1.27813 7.12089
      vertex -6.87994 1.27813 7.12089
    endloop
  endfacet
  facet normal 0 -0.773047 -0.634348
    outer loop
      vertex -4.31225 1.27813 7.12089
      vertex -6.86829 1.3487 7.03489
      vertex -4.29084 1.3487 7.03489
    endloop
  endfacet
  facet normal -0 -0.773047 -0.634348
    outer loop
      vertex 6.86829 1.3487 7.03489
      vertex 4.31225 1.27813 7.12089
      vertex 4.29084 1.3487 7.03489
    endloop
  endfacet
  facet normal 0 -0.773047 -0.634348
    outer loop
      vertex 4.31225 1.27813 7.12089
      vertex 6.86829 1.3487 7.03489
      vertex 6.87994 1.27813 7.12089
    endloop
  endfacet
  facet normal -0.00246863 -0.812639 -0.582763
    outer loop
      vertex -6.85434 1.4135 6.94447
      vertex -6.86829 1.3487 7.03489
      vertex -6.8655 1.36563 7.01127
    endloop
  endfacet
  facet normal 0 -0.812821 -0.582513
    outer loop
      vertex -6.86829 1.3487 7.03489
      vertex -6.85434 1.4135 6.94447
      vertex -4.29084 1.3487 7.03489
    endloop
  endfacet
  facet normal 0 -0.812821 -0.582513
    outer loop
      vertex -4.29084 1.3487 7.03489
      vertex -6.85434 1.4135 6.94447
      vertex -4.27119 1.4135 6.94447
    endloop
  endfacet
  facet normal 0 -0.812821 -0.582513
    outer loop
      vertex 6.85434 1.4135 6.94447
      vertex 6.86829 1.3487 7.03489
      vertex 4.29084 1.3487 7.03489
    endloop
  endfacet
  facet normal -0 -0.812821 -0.582513
    outer loop
      vertex 6.85434 1.4135 6.94447
      vertex 4.29084 1.3487 7.03489
      vertex 4.27119 1.4135 6.94447
    endloop
  endfacet
  facet normal 0.00246863 -0.812639 -0.582763
    outer loop
      vertex 6.86829 1.3487 7.03489
      vertex 6.85434 1.4135 6.94447
      vertex 6.8655 1.36563 7.01127
    endloop
  endfacet
  facet normal 0 0.16277 0.986664
    outer loop
      vertex -4.49037 -0.294313 4.3265
      vertex -6.98914 -0.331653 4.33266
      vertex -4.48669 -0.331653 4.33266
    endloop
  endfacet
  facet normal -2.64502e-06 0.162943 0.986636
    outer loop
      vertex -4.49274 -0.221894 4.31454
      vertex -6.98914 -0.331653 4.33266
      vertex -4.49037 -0.294313 4.3265
    endloop
  endfacet
  facet normal 0 0.162884 0.986645
    outer loop
      vertex -6.98914 -0.331653 4.33266
      vertex -4.49274 -0.221894 4.31454
      vertex -6.99274 -0.221894 4.31454
    endloop
  endfacet
  facet normal -0 0.162884 0.986645
    outer loop
      vertex 4.49274 -0.221894 4.31454
      vertex 6.98914 -0.331653 4.33266
      vertex 6.99274 -0.221894 4.31454
    endloop
  endfacet
  facet normal 2.64502e-06 0.162943 0.986636
    outer loop
      vertex 4.49037 -0.294313 4.3265
      vertex 6.98914 -0.331653 4.33266
      vertex 4.49274 -0.221894 4.31454
    endloop
  endfacet
  facet normal 0 0.16277 0.986664
    outer loop
      vertex 6.98914 -0.331653 4.33266
      vertex 4.49037 -0.294313 4.3265
      vertex 4.48669 -0.331653 4.33266
    endloop
  endfacet
  facet normal 0 0.995188 0.0979817
    outer loop
      vertex -4.17124 -1.68546 5.7781
      vertex -6.78838 -1.69636 5.88881
      vertex -4.16714 -1.69636 5.88881
    endloop
  endfacet
  facet normal 0 0.995188 0.0979817
    outer loop
      vertex -6.78838 -1.69636 5.88881
      vertex -4.17124 -1.68546 5.7781
      vertex -6.79092 -1.68546 5.7781
    endloop
  endfacet
  facet normal -0 0.995188 0.0979817
    outer loop
      vertex 4.17124 -1.68546 5.7781
      vertex 6.78838 -1.69636 5.88881
      vertex 6.79092 -1.68546 5.7781
    endloop
  endfacet
  facet normal 0 0.995188 0.0979817
    outer loop
      vertex 6.78838 -1.69636 5.88881
      vertex 4.17124 -1.68546 5.7781
      vertex 4.16714 -1.69636 5.88881
    endloop
  endfacet
  facet normal 0 0.956951 0.290249
    outer loop
      vertex -4.19972 -1.60978 5.45355
      vertex -6.80104 -1.64207 5.56001
      vertex -4.18757 -1.64207 5.56001
    endloop
  endfacet
  facet normal 0 0.956951 0.290249
    outer loop
      vertex -6.80104 -1.64207 5.56001
      vertex -4.19972 -1.60978 5.45355
      vertex -6.80857 -1.60978 5.45355
    endloop
  endfacet
  facet normal -0 0.956951 0.290249
    outer loop
      vertex 4.19972 -1.60978 5.45355
      vertex 6.80104 -1.64207 5.56001
      vertex 6.80857 -1.60978 5.45355
    endloop
  endfacet
  facet normal 0 0.956951 0.290249
    outer loop
      vertex 6.80104 -1.64207 5.56001
      vertex 4.19972 -1.60978 5.45355
      vertex 4.18757 -1.64207 5.56001
    endloop
  endfacet
  facet normal 0 0.729831 0.683627
    outer loop
      vertex -4.33532 -1.20208 4.79792
      vertex -6.87994 -1.27813 4.87911
      vertex -4.31225 -1.27813 4.87911
    endloop
  endfacet
  facet normal 0 0.729831 0.683627
    outer loop
      vertex -6.87994 -1.27813 4.87911
      vertex -4.33532 -1.20208 4.79792
      vertex -6.8925 -1.20208 4.79792
    endloop
  endfacet
  facet normal -0 0.729831 0.683627
    outer loop
      vertex 4.33532 -1.20208 4.79792
      vertex 6.87994 -1.27813 4.87911
      vertex 6.8925 -1.20208 4.79792
    endloop
  endfacet
  facet normal 0 0.729831 0.683627
    outer loop
      vertex 6.87994 -1.27813 4.87911
      vertex 4.33532 -1.20208 4.79792
      vertex 4.31225 -1.27813 4.87911
    endloop
  endfacet
  facet normal 0 0.849228 0.528026
    outer loop
      vertex -4.26118 -1.44648 5.10857
      vertex -6.84064 -1.47224 5.15
      vertex -4.25149 -1.47224 5.15
    endloop
  endfacet
  facet normal 3.15605e-07 0.849219 0.52804
    outer loop
      vertex -4.27119 -1.4135 5.05553
      vertex -6.84064 -1.47224 5.15
      vertex -4.26118 -1.44648 5.10857
    endloop
  endfacet
  facet normal 0 0.849223 0.528034
    outer loop
      vertex -6.84064 -1.47224 5.15
      vertex -4.27119 -1.4135 5.05553
      vertex -6.85434 -1.4135 5.05553
    endloop
  endfacet
  facet normal 0 0.849228 0.528026
    outer loop
      vertex 6.84064 -1.47224 5.15
      vertex 4.26118 -1.44648 5.10857
      vertex 4.25149 -1.47224 5.15
    endloop
  endfacet
  facet normal -0 0.849223 0.528034
    outer loop
      vertex 4.27119 -1.4135 5.05553
      vertex 6.84064 -1.47224 5.15
      vertex 6.85434 -1.4135 5.05553
    endloop
  endfacet
  facet normal -3.15605e-07 0.849219 0.52804
    outer loop
      vertex 6.84064 -1.47224 5.15
      vertex 4.27119 -1.4135 5.05553
      vertex 4.26118 -1.44648 5.10857
    endloop
  endfacet
  facet normal 0 0.812821 0.582513
    outer loop
      vertex -4.29084 -1.3487 4.96511
      vertex -6.85434 -1.4135 5.05553
      vertex -4.27119 -1.4135 5.05553
    endloop
  endfacet
  facet normal -0 0.812821 0.582513
    outer loop
      vertex -6.86829 -1.3487 4.96511
      vertex -6.85434 -1.4135 5.05553
      vertex -4.29084 -1.3487 4.96511
    endloop
  endfacet
  facet normal -0.00246863 0.812639 0.582763
    outer loop
      vertex -6.85434 -1.4135 5.05553
      vertex -6.86829 -1.3487 4.96511
      vertex -6.8655 -1.36563 4.98873
    endloop
  endfacet
  facet normal 0.00246863 0.812639 0.582763
    outer loop
      vertex 6.86829 -1.3487 4.96511
      vertex 6.85434 -1.4135 5.05553
      vertex 6.8655 -1.36563 4.98873
    endloop
  endfacet
  facet normal 0 0.812821 0.582513
    outer loop
      vertex 6.85434 -1.4135 5.05553
      vertex 6.86829 -1.3487 4.96511
      vertex 4.29084 -1.3487 4.96511
    endloop
  endfacet
  facet normal 0 0.812821 0.582513
    outer loop
      vertex 6.85434 -1.4135 5.05553
      vertex 4.29084 -1.3487 4.96511
      vertex 4.27119 -1.4135 5.05553
    endloop
  endfacet
  facet normal 0 0.910871 0.412692
    outer loop
      vertex -4.23175 -1.52468 5.24811
      vertex -6.81771 -1.57059 5.34944
      vertex -4.21447 -1.57059 5.34944
    endloop
  endfacet
  facet normal 0 0.910871 0.412692
    outer loop
      vertex -6.81771 -1.57059 5.34944
      vertex -4.23175 -1.52468 5.24811
      vertex -6.82841 -1.52468 5.24811
    endloop
  endfacet
  facet normal -0 0.910871 0.412692
    outer loop
      vertex 4.23175 -1.52468 5.24811
      vertex 6.81771 -1.57059 5.34944
      vertex 6.82841 -1.52468 5.24811
    endloop
  endfacet
  facet normal 0 0.910871 0.412692
    outer loop
      vertex 6.81771 -1.57059 5.34944
      vertex 4.23175 -1.52468 5.24811
      vertex 4.21447 -1.57059 5.34944
    endloop
  endfacet
  facet normal 0 0.956951 -0.290249
    outer loop
      vertex -6.80104 -1.64207 6.43999
      vertex -4.19972 -1.60978 6.54645
      vertex -4.18757 -1.64207 6.43999
    endloop
  endfacet
  facet normal 0 0.956951 -0.290249
    outer loop
      vertex -4.19972 -1.60978 6.54645
      vertex -6.80104 -1.64207 6.43999
      vertex -6.80857 -1.60978 6.54645
    endloop
  endfacet
  facet normal 0 0.956951 -0.290249
    outer loop
      vertex 6.80104 -1.64207 6.43999
      vertex 4.19972 -1.60978 6.54645
      vertex 6.80857 -1.60978 6.54645
    endloop
  endfacet
  facet normal 0 0.956951 -0.290249
    outer loop
      vertex 4.19972 -1.60978 6.54645
      vertex 6.80104 -1.64207 6.43999
      vertex 4.18757 -1.64207 6.43999
    endloop
  endfacet
  facet normal 0 0.935889 -0.352295
    outer loop
      vertex -6.80857 -1.60978 6.54645
      vertex -4.21447 -1.57059 6.65056
      vertex -4.19972 -1.60978 6.54645
    endloop
  endfacet
  facet normal 0 0.935889 -0.352295
    outer loop
      vertex -4.21447 -1.57059 6.65056
      vertex -6.80857 -1.60978 6.54645
      vertex -6.81771 -1.57059 6.65056
    endloop
  endfacet
  facet normal 0 0.935889 -0.352295
    outer loop
      vertex 6.80857 -1.60978 6.54645
      vertex 4.21447 -1.57059 6.65056
      vertex 6.81771 -1.57059 6.65056
    endloop
  endfacet
  facet normal 0 0.935889 -0.352295
    outer loop
      vertex 4.21447 -1.57059 6.65056
      vertex 6.80857 -1.60978 6.54645
      vertex 4.19972 -1.60978 6.54645
    endloop
  endfacet
  facet normal 0 0.986631 -0.16297
    outer loop
      vertex -6.79092 -1.68546 6.22189
      vertex -4.17806 -1.66733 6.33165
      vertex -4.17124 -1.68546 6.22189
    endloop
  endfacet
  facet normal 0 0.986631 -0.16297
    outer loop
      vertex -4.17806 -1.66733 6.33165
      vertex -6.79092 -1.68546 6.22189
      vertex -6.79515 -1.66733 6.33165
    endloop
  endfacet
  facet normal 0 0.986631 -0.16297
    outer loop
      vertex 6.79092 -1.68546 6.22189
      vertex 4.17806 -1.66733 6.33165
      vertex 6.79515 -1.66733 6.33165
    endloop
  endfacet
  facet normal 0 0.986631 -0.16297
    outer loop
      vertex 4.17806 -1.66733 6.33165
      vertex 6.79092 -1.68546 6.22189
      vertex 4.17124 -1.68546 6.22189
    endloop
  endfacet
  facet normal 0 0.995187 -0.0979904
    outer loop
      vertex -6.78838 -1.69636 6.11119
      vertex -4.17124 -1.68546 6.22189
      vertex -4.16714 -1.69636 6.11119
    endloop
  endfacet
  facet normal 0 0.995187 -0.0979904
    outer loop
      vertex -4.17124 -1.68546 6.22189
      vertex -6.78838 -1.69636 6.11119
      vertex -6.79092 -1.68546 6.22189
    endloop
  endfacet
  facet normal 0 0.995187 -0.0979904
    outer loop
      vertex 6.78838 -1.69636 6.11119
      vertex 4.17124 -1.68546 6.22189
      vertex 6.79092 -1.68546 6.22189
    endloop
  endfacet
  facet normal 0 0.995187 -0.0979904
    outer loop
      vertex 4.17124 -1.68546 6.22189
      vertex 6.78838 -1.69636 6.11119
      vertex 4.16714 -1.69636 6.11119
    endloop
  endfacet
  facet normal 3.15605e-07 0.849219 -0.52804
    outer loop
      vertex -6.84064 -1.47224 6.85
      vertex -4.27119 -1.4135 6.94447
      vertex -4.26118 -1.44648 6.89143
    endloop
  endfacet
  facet normal 0 0.849228 -0.528026
    outer loop
      vertex -6.84064 -1.47224 6.85
      vertex -4.26118 -1.44648 6.89143
      vertex -4.25149 -1.47224 6.85
    endloop
  endfacet
  facet normal 0 0.849223 -0.528034
    outer loop
      vertex -4.27119 -1.4135 6.94447
      vertex -6.84064 -1.47224 6.85
      vertex -6.85434 -1.4135 6.94447
    endloop
  endfacet
  facet normal 0 0.849223 -0.528034
    outer loop
      vertex 6.84064 -1.47224 6.85
      vertex 4.27119 -1.4135 6.94447
      vertex 6.85434 -1.4135 6.94447
    endloop
  endfacet
  facet normal -3.15605e-07 0.849219 -0.52804
    outer loop
      vertex 4.27119 -1.4135 6.94447
      vertex 6.84064 -1.47224 6.85
      vertex 4.26118 -1.44648 6.89143
    endloop
  endfacet
  facet normal 0 0.849228 -0.528026
    outer loop
      vertex 4.26118 -1.44648 6.89143
      vertex 6.84064 -1.47224 6.85
      vertex 4.25149 -1.47224 6.85
    endloop
  endfacet
  facet normal 0 0.881925 -0.471391
    outer loop
      vertex -6.82841 -1.52468 6.75189
      vertex -4.25149 -1.47224 6.85
      vertex -4.23175 -1.52468 6.75189
    endloop
  endfacet
  facet normal 0 0.881925 -0.471391
    outer loop
      vertex -4.25149 -1.47224 6.85
      vertex -6.82841 -1.52468 6.75189
      vertex -6.84064 -1.47224 6.85
    endloop
  endfacet
  facet normal 0 0.881925 -0.471391
    outer loop
      vertex 6.82841 -1.52468 6.75189
      vertex 4.25149 -1.47224 6.85
      vertex 6.84064 -1.47224 6.85
    endloop
  endfacet
  facet normal 0 0.881925 -0.471391
    outer loop
      vertex 4.25149 -1.47224 6.85
      vertex 6.82841 -1.52468 6.75189
      vertex 4.23175 -1.52468 6.75189
    endloop
  endfacet
  facet normal 0 0.773047 -0.634348
    outer loop
      vertex -6.86829 -1.3487 7.03489
      vertex -4.31225 -1.27813 7.12089
      vertex -4.29084 -1.3487 7.03489
    endloop
  endfacet
  facet normal 0 0.773047 -0.634348
    outer loop
      vertex -4.31225 -1.27813 7.12089
      vertex -6.86829 -1.3487 7.03489
      vertex -6.87994 -1.27813 7.12089
    endloop
  endfacet
  facet normal 0 0.773047 -0.634348
    outer loop
      vertex 6.86829 -1.3487 7.03489
      vertex 4.31225 -1.27813 7.12089
      vertex 6.87994 -1.27813 7.12089
    endloop
  endfacet
  facet normal 0 0.773047 -0.634348
    outer loop
      vertex 4.31225 -1.27813 7.12089
      vertex 6.86829 -1.3487 7.03489
      vertex 4.29084 -1.3487 7.03489
    endloop
  endfacet
  facet normal 0 0.290262 -0.956947
    outer loop
      vertex -6.97628 -0.546447 7.60978
      vertex -4.47602 -0.439992 7.64207
      vertex -4.46553 -0.546447 7.60978
    endloop
  endfacet
  facet normal 0.00176676 0.290403 -0.956903
    outer loop
      vertex -6.9856 -0.439992 7.64207
      vertex -6.97628 -0.546447 7.60978
      vertex -6.98501 -0.457822 7.63666
    endloop
  endfacet
  facet normal 0 0.290262 -0.956947
    outer loop
      vertex -6.97628 -0.546447 7.60978
      vertex -6.9856 -0.439992 7.64207
      vertex -4.47602 -0.439992 7.64207
    endloop
  endfacet
  facet normal -0.00176676 0.290403 -0.956903
    outer loop
      vertex 6.97628 -0.546447 7.60978
      vertex 6.9856 -0.439992 7.64207
      vertex 6.98501 -0.457822 7.63666
    endloop
  endfacet
  facet normal 0 0.290262 -0.956947
    outer loop
      vertex 6.97628 -0.546447 7.60978
      vertex 4.47602 -0.439992 7.64207
      vertex 6.9856 -0.439992 7.64207
    endloop
  endfacet
  facet normal 0 0.290262 -0.956947
    outer loop
      vertex 4.47602 -0.439992 7.64207
      vertex 6.97628 -0.546447 7.60978
      vertex 4.46553 -0.546447 7.60978
    endloop
  endfacet
  facet normal 0 0.0979826 -0.995188
    outer loop
      vertex -6.99274 -0.221894 7.68546
      vertex -4.49636 -0.111185 7.69636
      vertex -4.49274 -0.221894 7.68546
    endloop
  endfacet
  facet normal 0 0.0979826 -0.995188
    outer loop
      vertex -4.49636 -0.111185 7.69636
      vertex -6.99274 -0.221894 7.68546
      vertex -6.99636 -0.111185 7.69636
    endloop
  endfacet
  facet normal 0 0.0979826 -0.995188
    outer loop
      vertex 6.99274 -0.221894 7.68546
      vertex 4.49636 -0.111185 7.69636
      vertex 6.99636 -0.111185 7.69636
    endloop
  endfacet
  facet normal 0 0.0979826 -0.995188
    outer loop
      vertex 4.49636 -0.111185 7.69636
      vertex 6.99274 -0.221894 7.68546
      vertex 4.49274 -0.221894 7.68546
    endloop
  endfacet
  facet normal 0 0.528059 -0.849207
    outer loop
      vertex -6.93503 -0.944468 7.4135
      vertex -4.41353 -0.877906 7.45489
      vertex -4.39801 -0.944468 7.4135
    endloop
  endfacet
  facet normal 2.64397e-06 0.527987 -0.849252
    outer loop
      vertex -6.93503 -0.944468 7.4135
      vertex -4.41814 -0.849999 7.47224
      vertex -4.41353 -0.877906 7.45489
    endloop
  endfacet
  facet normal 0.00113652 0.528136 -0.849159
    outer loop
      vertex -6.94639 -0.849999 7.47224
      vertex -6.93503 -0.944468 7.4135
      vertex -6.94011 -0.913683 7.43264
    endloop
  endfacet
  facet normal 0 0.528038 -0.849221
    outer loop
      vertex -6.93503 -0.944468 7.4135
      vertex -6.94639 -0.849999 7.47224
      vertex -4.41814 -0.849999 7.47224
    endloop
  endfacet
  facet normal -0.00113652 0.528136 -0.849159
    outer loop
      vertex 6.93503 -0.944468 7.4135
      vertex 6.94639 -0.849999 7.47224
      vertex 6.94011 -0.913683 7.43264
    endloop
  endfacet
  facet normal 0 0.528038 -0.849221
    outer loop
      vertex 6.93503 -0.944468 7.4135
      vertex 4.41814 -0.849999 7.47224
      vertex 6.94639 -0.849999 7.47224
    endloop
  endfacet
  facet normal -2.64397e-06 0.527987 -0.849252
    outer loop
      vertex 6.93503 -0.944468 7.4135
      vertex 4.41353 -0.877906 7.45489
      vertex 4.41814 -0.849999 7.47224
    endloop
  endfacet
  facet normal 0 0.528059 -0.849207
    outer loop
      vertex 4.41353 -0.877906 7.45489
      vertex 6.93503 -0.944468 7.4135
      vertex 4.39801 -0.944468 7.4135
    endloop
  endfacet
  facet normal 0 0.471394 -0.881923
    outer loop
      vertex -6.94639 -0.849999 7.47224
      vertex -4.43434 -0.75189 7.52468
      vertex -4.41814 -0.849999 7.47224
    endloop
  endfacet
  facet normal 0 0.471394 -0.881923
    outer loop
      vertex -4.43434 -0.75189 7.52468
      vertex -6.94639 -0.849999 7.47224
      vertex -6.95605 -0.75189 7.52468
    endloop
  endfacet
  facet normal 0 0.471394 -0.881923
    outer loop
      vertex 6.94639 -0.849999 7.47224
      vertex 4.43434 -0.75189 7.52468
      vertex 6.95605 -0.75189 7.52468
    endloop
  endfacet
  facet normal 0 0.471394 -0.881923
    outer loop
      vertex 4.43434 -0.75189 7.52468
      vertex 6.94639 -0.849999 7.47224
      vertex 4.41814 -0.849999 7.47224
    endloop
  endfacet
  facet normal 0 0.582504 -0.812827
    outer loop
      vertex -6.9201 -1.03489 7.3487
      vertex -4.39801 -0.944468 7.4135
      vertex -4.37693 -1.03489 7.3487
    endloop
  endfacet
  facet normal 0 0.582504 -0.812827
    outer loop
      vertex -4.39801 -0.944468 7.4135
      vertex -6.9201 -1.03489 7.3487
      vertex -6.93503 -0.944468 7.4135
    endloop
  endfacet
  facet normal 0 0.582504 -0.812827
    outer loop
      vertex 6.9201 -1.03489 7.3487
      vertex 4.39801 -0.944468 7.4135
      vertex 6.93503 -0.944468 7.4135
    endloop
  endfacet
  facet normal 0 0.582504 -0.812827
    outer loop
      vertex 4.39801 -0.944468 7.4135
      vertex 6.9201 -1.03489 7.3487
      vertex 4.37693 -1.03489 7.3487
    endloop
  endfacet
  facet normal 0 0.634348 -0.773047
    outer loop
      vertex -6.9059 -1.12089 7.27813
      vertex -4.37693 -1.03489 7.3487
      vertex -4.35688 -1.12089 7.27813
    endloop
  endfacet
  facet normal 0 0.634348 -0.773047
    outer loop
      vertex -4.37693 -1.03489 7.3487
      vertex -6.9059 -1.12089 7.27813
      vertex -6.9201 -1.03489 7.3487
    endloop
  endfacet
  facet normal 0 0.634348 -0.773047
    outer loop
      vertex 6.9059 -1.12089 7.27813
      vertex 4.37693 -1.03489 7.3487
      vertex 6.9201 -1.03489 7.3487
    endloop
  endfacet
  facet normal 0 0.634348 -0.773047
    outer loop
      vertex 4.37693 -1.03489 7.3487
      vertex 6.9059 -1.12089 7.27813
      vertex 4.35688 -1.12089 7.27813
    endloop
  endfacet
  facet normal 0 -0.16277 0.986664
    outer loop
      vertex -6.98914 0.331653 4.33266
      vertex -4.49037 0.294313 4.3265
      vertex -4.48669 0.331653 4.33266
    endloop
  endfacet
  facet normal -2.64502e-06 -0.162943 0.986636
    outer loop
      vertex -6.98914 0.331653 4.33266
      vertex -4.49274 0.221894 4.31454
      vertex -4.49037 0.294313 4.3265
    endloop
  endfacet
  facet normal 0 -0.162884 0.986645
    outer loop
      vertex -4.49274 0.221894 4.31454
      vertex -6.98914 0.331653 4.33266
      vertex -6.99274 0.221894 4.31454
    endloop
  endfacet
  facet normal 0 -0.162884 0.986645
    outer loop
      vertex 6.98914 0.331653 4.33266
      vertex 4.49274 0.221894 4.31454
      vertex 6.99274 0.221894 4.31454
    endloop
  endfacet
  facet normal 2.64502e-06 -0.162943 0.986636
    outer loop
      vertex 6.98914 0.331653 4.33266
      vertex 4.49037 0.294313 4.3265
      vertex 4.49274 0.221894 4.31454
    endloop
  endfacet
  facet normal 0 -0.16277 0.986664
    outer loop
      vertex 4.49037 0.294313 4.3265
      vertex 6.98914 0.331653 4.33266
      vertex 4.48669 0.331653 4.33266
    endloop
  endfacet
  facet normal 0 -0.528059 0.849207
    outer loop
      vertex -6.93503 0.944468 4.5865
      vertex -4.41353 0.877906 4.54511
      vertex -4.39801 0.944468 4.5865
    endloop
  endfacet
  facet normal 2.64397e-06 -0.527987 0.849252
    outer loop
      vertex -6.93503 0.944468 4.5865
      vertex -4.41814 0.849999 4.52776
      vertex -4.41353 0.877906 4.54511
    endloop
  endfacet
  facet normal 0.00113652 -0.528136 0.849159
    outer loop
      vertex -6.94639 0.849999 4.52776
      vertex -6.93503 0.944468 4.5865
      vertex -6.94011 0.913683 4.56736
    endloop
  endfacet
  facet normal 0 -0.528038 0.849221
    outer loop
      vertex -6.93503 0.944468 4.5865
      vertex -6.94639 0.849999 4.52776
      vertex -4.41814 0.849999 4.52776
    endloop
  endfacet
  facet normal -0.00113652 -0.528136 0.849159
    outer loop
      vertex 6.93503 0.944468 4.5865
      vertex 6.94639 0.849999 4.52776
      vertex 6.94011 0.913683 4.56736
    endloop
  endfacet
  facet normal 0 -0.528038 0.849221
    outer loop
      vertex 6.93503 0.944468 4.5865
      vertex 4.41814 0.849999 4.52776
      vertex 6.94639 0.849999 4.52776
    endloop
  endfacet
  facet normal -2.64397e-06 -0.527987 0.849252
    outer loop
      vertex 6.93503 0.944468 4.5865
      vertex 4.41353 0.877906 4.54511
      vertex 4.41814 0.849999 4.52776
    endloop
  endfacet
  facet normal 0 -0.528059 0.849207
    outer loop
      vertex 4.41353 0.877906 4.54511
      vertex 6.93503 0.944468 4.5865
      vertex 4.39801 0.944468 4.5865
    endloop
  endfacet
  facet normal 0 -0.729831 0.683627
    outer loop
      vertex -4.33532 1.20208 4.79792
      vertex -6.87994 1.27813 4.87911
      vertex -6.8925 1.20208 4.79792
    endloop
  endfacet
  facet normal 0 -0.729831 0.683627
    outer loop
      vertex -6.87994 1.27813 4.87911
      vertex -4.33532 1.20208 4.79792
      vertex -4.31225 1.27813 4.87911
    endloop
  endfacet
  facet normal 0 -0.729831 0.683627
    outer loop
      vertex 4.33532 1.20208 4.79792
      vertex 6.87994 1.27813 4.87911
      vertex 4.31225 1.27813 4.87911
    endloop
  endfacet
  facet normal 0 -0.729831 0.683627
    outer loop
      vertex 6.87994 1.27813 4.87911
      vertex 4.33532 1.20208 4.79792
      vertex 6.8925 1.20208 4.79792
    endloop
  endfacet
  facet normal 0 -0.881925 0.471391
    outer loop
      vertex -4.25149 1.47224 5.15
      vertex -6.82841 1.52468 5.24811
      vertex -6.84064 1.47224 5.15
    endloop
  endfacet
  facet normal 0 -0.881925 0.471391
    outer loop
      vertex -6.82841 1.52468 5.24811
      vertex -4.25149 1.47224 5.15
      vertex -4.23175 1.52468 5.24811
    endloop
  endfacet
  facet normal 0 -0.881925 0.471391
    outer loop
      vertex 4.25149 1.47224 5.15
      vertex 6.82841 1.52468 5.24811
      vertex 4.23175 1.52468 5.24811
    endloop
  endfacet
  facet normal 0 -0.881925 0.471391
    outer loop
      vertex 6.82841 1.52468 5.24811
      vertex 4.25149 1.47224 5.15
      vertex 6.84064 1.47224 5.15
    endloop
  endfacet
  facet normal 0 -0.956951 0.290249
    outer loop
      vertex -4.19972 1.60978 5.45355
      vertex -6.80104 1.64207 5.56001
      vertex -6.80857 1.60978 5.45355
    endloop
  endfacet
  facet normal 0 -0.956951 0.290249
    outer loop
      vertex -6.80104 1.64207 5.56001
      vertex -4.19972 1.60978 5.45355
      vertex -4.18757 1.64207 5.56001
    endloop
  endfacet
  facet normal 0 -0.956951 0.290249
    outer loop
      vertex 4.19972 1.60978 5.45355
      vertex 6.80104 1.64207 5.56001
      vertex 4.18757 1.64207 5.56001
    endloop
  endfacet
  facet normal 0 -0.956951 0.290249
    outer loop
      vertex 6.80104 1.64207 5.56001
      vertex 4.19972 1.60978 5.45355
      vertex 6.80857 1.60978 5.45355
    endloop
  endfacet
  facet normal 0 -0.528059 -0.849207
    outer loop
      vertex -4.41353 0.877906 7.45489
      vertex -6.93503 0.944468 7.4135
      vertex -4.39801 0.944468 7.4135
    endloop
  endfacet
  facet normal 2.64397e-06 -0.527987 -0.849252
    outer loop
      vertex -4.41814 0.849999 7.47224
      vertex -6.93503 0.944468 7.4135
      vertex -4.41353 0.877906 7.45489
    endloop
  endfacet
  facet normal 0 -0.528038 -0.849221
    outer loop
      vertex -6.94639 0.849999 7.47224
      vertex -6.93503 0.944468 7.4135
      vertex -4.41814 0.849999 7.47224
    endloop
  endfacet
  facet normal 0.00113652 -0.528136 -0.849159
    outer loop
      vertex -6.93503 0.944468 7.4135
      vertex -6.94639 0.849999 7.47224
      vertex -6.94011 0.913683 7.43264
    endloop
  endfacet
  facet normal -0.00113652 -0.528136 -0.849159
    outer loop
      vertex 6.94639 0.849999 7.47224
      vertex 6.93503 0.944468 7.4135
      vertex 6.94011 0.913683 7.43264
    endloop
  endfacet
  facet normal 0 -0.528038 -0.849221
    outer loop
      vertex 4.41814 0.849999 7.47224
      vertex 6.93503 0.944468 7.4135
      vertex 6.94639 0.849999 7.47224
    endloop
  endfacet
  facet normal -2.64397e-06 -0.527987 -0.849252
    outer loop
      vertex 4.41353 0.877906 7.45489
      vertex 6.93503 0.944468 7.4135
      vertex 4.41814 0.849999 7.47224
    endloop
  endfacet
  facet normal -0 -0.528059 -0.849207
    outer loop
      vertex 6.93503 0.944468 7.4135
      vertex 4.41353 0.877906 7.45489
      vertex 4.39801 0.944468 7.4135
    endloop
  endfacet
  facet normal 0 -0.634348 -0.773047
    outer loop
      vertex -4.37693 1.03489 7.3487
      vertex -6.9059 1.12089 7.27813
      vertex -4.35688 1.12089 7.27813
    endloop
  endfacet
  facet normal 0 -0.634348 -0.773047
    outer loop
      vertex -6.9059 1.12089 7.27813
      vertex -4.37693 1.03489 7.3487
      vertex -6.9201 1.03489 7.3487
    endloop
  endfacet
  facet normal 0 -0.634348 -0.773047
    outer loop
      vertex 4.37693 1.03489 7.3487
      vertex 6.9059 1.12089 7.27813
      vertex 6.9201 1.03489 7.3487
    endloop
  endfacet
  facet normal -0 -0.634348 -0.773047
    outer loop
      vertex 6.9059 1.12089 7.27813
      vertex 4.37693 1.03489 7.3487
      vertex 4.35688 1.12089 7.27813
    endloop
  endfacet
  facet normal 0 -0.995187 -0.0979904
    outer loop
      vertex -6.78838 1.69636 6.11119
      vertex -4.17124 1.68546 6.22189
      vertex -6.79092 1.68546 6.22189
    endloop
  endfacet
  facet normal 0 -0.995187 -0.0979904
    outer loop
      vertex -4.17124 1.68546 6.22189
      vertex -6.78838 1.69636 6.11119
      vertex -4.16714 1.69636 6.11119
    endloop
  endfacet
  facet normal -0 -0.995187 -0.0979904
    outer loop
      vertex 6.78838 1.69636 6.11119
      vertex 4.17124 1.68546 6.22189
      vertex 4.16714 1.69636 6.11119
    endloop
  endfacet
  facet normal 0 -0.995187 -0.0979904
    outer loop
      vertex 4.17124 1.68546 6.22189
      vertex 6.78838 1.69636 6.11119
      vertex 6.79092 1.68546 6.22189
    endloop
  endfacet
  facet normal 0 -0.881925 -0.471391
    outer loop
      vertex -6.82841 1.52468 6.75189
      vertex -4.25149 1.47224 6.85
      vertex -6.84064 1.47224 6.85
    endloop
  endfacet
  facet normal 0 -0.881925 -0.471391
    outer loop
      vertex -4.25149 1.47224 6.85
      vertex -6.82841 1.52468 6.75189
      vertex -4.23175 1.52468 6.75189
    endloop
  endfacet
  facet normal -0 -0.881925 -0.471391
    outer loop
      vertex 6.82841 1.52468 6.75189
      vertex 4.25149 1.47224 6.85
      vertex 4.23175 1.52468 6.75189
    endloop
  endfacet
  facet normal 0 -0.881925 -0.471391
    outer loop
      vertex 4.25149 1.47224 6.85
      vertex 6.82841 1.52468 6.75189
      vertex 6.84064 1.47224 6.85
    endloop
  endfacet
  facet normal 0 0.227152 0.973859
    outer loop
      vertex -4.48669 -0.331653 4.33266
      vertex -6.9856 -0.439992 4.35793
      vertex -4.47602 -0.439992 4.35793
    endloop
  endfacet
  facet normal 0 0.227152 0.973859
    outer loop
      vertex -6.9856 -0.439992 4.35793
      vertex -4.48669 -0.331653 4.33266
      vertex -6.98914 -0.331653 4.33266
    endloop
  endfacet
  facet normal -0 0.227152 0.973859
    outer loop
      vertex 4.48669 -0.331653 4.33266
      vertex 6.9856 -0.439992 4.35793
      vertex 6.98914 -0.331653 4.33266
    endloop
  endfacet
  facet normal 0 0.227152 0.973859
    outer loop
      vertex 6.9856 -0.439992 4.35793
      vertex 4.48669 -0.331653 4.33266
      vertex 4.47602 -0.439992 4.35793
    endloop
  endfacet
  facet normal 0 0.0327207 0.999465
    outer loop
      vertex -4.5 0 4.3
      vertex -6.99636 -0.111185 4.30364
      vertex -4.49636 -0.111185 4.30364
    endloop
  endfacet
  facet normal 0 0.0327207 0.999465
    outer loop
      vertex -6.99636 -0.111185 4.30364
      vertex -4.5 0 4.3
      vertex -7 0 4.3
    endloop
  endfacet
  facet normal -0 0.0327207 0.999465
    outer loop
      vertex 4.5 0 4.3
      vertex 6.99636 -0.111185 4.30364
      vertex 7 0 4.3
    endloop
  endfacet
  facet normal 0 0.0327207 0.999465
    outer loop
      vertex 6.99636 -0.111185 4.30364
      vertex 4.5 0 4.3
      vertex 4.49636 -0.111185 4.30364
    endloop
  endfacet
  facet normal 0 0.41277 0.910835
    outer loop
      vertex -4.45107 -0.650561 4.4294
      vertex -6.95605 -0.75189 4.47532
      vertex -4.43434 -0.75189 4.47532
    endloop
  endfacet
  facet normal 0 0.41277 0.910835
    outer loop
      vertex -6.95605 -0.75189 4.47532
      vertex -4.45107 -0.650561 4.4294
      vertex -6.96603 -0.650561 4.4294
    endloop
  endfacet
  facet normal -0 0.41277 0.910835
    outer loop
      vertex 4.45107 -0.650561 4.4294
      vertex 6.95605 -0.75189 4.47532
      vertex 6.96603 -0.650561 4.4294
    endloop
  endfacet
  facet normal 0 0.41277 0.910835
    outer loop
      vertex 6.95605 -0.75189 4.47532
      vertex 4.45107 -0.650561 4.4294
      vertex 4.43434 -0.75189 4.47532
    endloop
  endfacet
  facet normal 0 0.582504 0.812827
    outer loop
      vertex -4.39801 -0.944468 4.5865
      vertex -6.9201 -1.03489 4.6513
      vertex -4.37693 -1.03489 4.6513
    endloop
  endfacet
  facet normal 0 0.582504 0.812827
    outer loop
      vertex -6.9201 -1.03489 4.6513
      vertex -4.39801 -0.944468 4.5865
      vertex -6.93503 -0.944468 4.5865
    endloop
  endfacet
  facet normal -0 0.582504 0.812827
    outer loop
      vertex 4.39801 -0.944468 4.5865
      vertex 6.9201 -1.03489 4.6513
      vertex 6.93503 -0.944468 4.5865
    endloop
  endfacet
  facet normal 0 0.582504 0.812827
    outer loop
      vertex 6.9201 -1.03489 4.6513
      vertex 4.39801 -0.944468 4.5865
      vertex 4.37693 -1.03489 4.6513
    endloop
  endfacet
  facet normal 0 0.986629 0.162985
    outer loop
      vertex -4.17806 -1.66733 5.66835
      vertex -6.79092 -1.68546 5.7781
      vertex -4.17124 -1.68546 5.7781
    endloop
  endfacet
  facet normal 0 0.986629 0.162985
    outer loop
      vertex -6.79092 -1.68546 5.7781
      vertex -4.17806 -1.66733 5.66835
      vertex -6.79515 -1.66733 5.66835
    endloop
  endfacet
  facet normal -0 0.986629 0.162985
    outer loop
      vertex 4.17806 -1.66733 5.66835
      vertex 6.79092 -1.68546 5.7781
      vertex 6.79515 -1.66733 5.66835
    endloop
  endfacet
  facet normal 0 0.986629 0.162985
    outer loop
      vertex 6.79092 -1.68546 5.7781
      vertex 4.17806 -1.66733 5.66835
      vertex 4.17124 -1.68546 5.7781
    endloop
  endfacet
  facet normal 0 0.935889 0.352295
    outer loop
      vertex -4.21447 -1.57059 5.34944
      vertex -6.80857 -1.60978 5.45355
      vertex -4.19972 -1.60978 5.45355
    endloop
  endfacet
  facet normal 0 0.935889 0.352295
    outer loop
      vertex -6.80857 -1.60978 5.45355
      vertex -4.21447 -1.57059 5.34944
      vertex -6.81771 -1.57059 5.34944
    endloop
  endfacet
  facet normal -0 0.935889 0.352295
    outer loop
      vertex 4.21447 -1.57059 5.34944
      vertex 6.80857 -1.60978 5.45355
      vertex 6.81771 -1.57059 5.34944
    endloop
  endfacet
  facet normal 0 0.935889 0.352295
    outer loop
      vertex 6.80857 -1.60978 5.45355
      vertex 4.21447 -1.57059 5.34944
      vertex 4.19972 -1.60978 5.45355
    endloop
  endfacet
  facet normal 0 0.683701 0.729762
    outer loop
      vertex -4.34667 -1.16469 4.76289
      vertex -6.8925 -1.20208 4.79792
      vertex -4.33532 -1.20208 4.79792
    endloop
  endfacet
  facet normal 3.75875e-06 0.683565 0.72989
    outer loop
      vertex -4.35688 -1.12089 4.72187
      vertex -6.8925 -1.20208 4.79792
      vertex -4.34667 -1.16469 4.76289
    endloop
  endfacet
  facet normal 0 0.683627 0.729831
    outer loop
      vertex -6.8925 -1.20208 4.79792
      vertex -4.35688 -1.12089 4.72187
      vertex -6.9059 -1.12089 4.72187
    endloop
  endfacet
  facet normal -0 0.683627 0.729831
    outer loop
      vertex 4.35688 -1.12089 4.72187
      vertex 6.8925 -1.20208 4.79792
      vertex 6.9059 -1.12089 4.72187
    endloop
  endfacet
  facet normal -3.75875e-06 0.683565 0.72989
    outer loop
      vertex 4.34667 -1.16469 4.76289
      vertex 6.8925 -1.20208 4.79792
      vertex 4.35688 -1.12089 4.72187
    endloop
  endfacet
  facet normal 0 0.683701 0.729762
    outer loop
      vertex 6.8925 -1.20208 4.79792
      vertex 4.34667 -1.16469 4.76289
      vertex 4.33532 -1.20208 4.79792
    endloop
  endfacet
  facet normal 0 0.881925 0.471391
    outer loop
      vertex -4.25149 -1.47224 5.15
      vertex -6.82841 -1.52468 5.24811
      vertex -4.23175 -1.52468 5.24811
    endloop
  endfacet
  facet normal 0 0.881925 0.471391
    outer loop
      vertex -6.82841 -1.52468 5.24811
      vertex -4.25149 -1.47224 5.15
      vertex -6.84064 -1.47224 5.15
    endloop
  endfacet
  facet normal -0 0.881925 0.471391
    outer loop
      vertex 4.25149 -1.47224 5.15
      vertex 6.82841 -1.52468 5.24811
      vertex 6.84064 -1.47224 5.15
    endloop
  endfacet
  facet normal 0 0.881925 0.471391
    outer loop
      vertex 6.82841 -1.52468 5.24811
      vertex 4.25149 -1.47224 5.15
      vertex 4.23175 -1.52468 5.24811
    endloop
  endfacet
  facet normal 0 0.471394 0.881923
    outer loop
      vertex -4.43434 -0.75189 4.47532
      vertex -6.94639 -0.849999 4.52776
      vertex -4.41814 -0.849999 4.52776
    endloop
  endfacet
  facet normal 0 0.471394 0.881923
    outer loop
      vertex -6.94639 -0.849999 4.52776
      vertex -4.43434 -0.75189 4.47532
      vertex -6.95605 -0.75189 4.47532
    endloop
  endfacet
  facet normal -0 0.471394 0.881923
    outer loop
      vertex 4.43434 -0.75189 4.47532
      vertex 6.94639 -0.849999 4.52776
      vertex 6.95605 -0.75189 4.47532
    endloop
  endfacet
  facet normal 0 0.471394 0.881923
    outer loop
      vertex 6.94639 -0.849999 4.52776
      vertex 4.43434 -0.75189 4.47532
      vertex 4.41814 -0.849999 4.52776
    endloop
  endfacet
  facet normal 0 0.528059 0.849207
    outer loop
      vertex -4.41353 -0.877906 4.54511
      vertex -6.93503 -0.944468 4.5865
      vertex -4.39801 -0.944468 4.5865
    endloop
  endfacet
  facet normal 2.64397e-06 0.527987 0.849252
    outer loop
      vertex -4.41814 -0.849999 4.52776
      vertex -6.93503 -0.944468 4.5865
      vertex -4.41353 -0.877906 4.54511
    endloop
  endfacet
  facet normal -0 0.528038 0.849221
    outer loop
      vertex -6.94639 -0.849999 4.52776
      vertex -6.93503 -0.944468 4.5865
      vertex -4.41814 -0.849999 4.52776
    endloop
  endfacet
  facet normal 0.00113652 0.528136 0.849159
    outer loop
      vertex -6.93503 -0.944468 4.5865
      vertex -6.94639 -0.849999 4.52776
      vertex -6.94011 -0.913683 4.56736
    endloop
  endfacet
  facet normal -0.00113652 0.528136 0.849159
    outer loop
      vertex 6.94639 -0.849999 4.52776
      vertex 6.93503 -0.944468 4.5865
      vertex 6.94011 -0.913683 4.56736
    endloop
  endfacet
  facet normal -0 0.528038 0.849221
    outer loop
      vertex 4.41814 -0.849999 4.52776
      vertex 6.93503 -0.944468 4.5865
      vertex 6.94639 -0.849999 4.52776
    endloop
  endfacet
  facet normal -2.64397e-06 0.527987 0.849252
    outer loop
      vertex 4.41353 -0.877906 4.54511
      vertex 6.93503 -0.944468 4.5865
      vertex 4.41814 -0.849999 4.52776
    endloop
  endfacet
  facet normal 0 0.528059 0.849207
    outer loop
      vertex 6.93503 -0.944468 4.5865
      vertex 4.41353 -0.877906 4.54511
      vertex 4.39801 -0.944468 4.5865
    endloop
  endfacet
  facet normal 0 -0.773047 0.634348
    outer loop
      vertex -4.31225 1.27813 11.8791
      vertex -6.86829 1.3487 11.9651
      vertex -6.87994 1.27813 11.8791
    endloop
  endfacet
  facet normal 0 -0.773047 0.634348
    outer loop
      vertex -6.86829 1.3487 11.9651
      vertex -4.31225 1.27813 11.8791
      vertex -4.29084 1.3487 11.9651
    endloop
  endfacet
  facet normal 0 -0.773047 0.634348
    outer loop
      vertex 4.31225 1.27813 11.8791
      vertex 6.86829 1.3487 11.9651
      vertex 4.29084 1.3487 11.9651
    endloop
  endfacet
  facet normal 0 -0.773047 0.634348
    outer loop
      vertex 6.86829 1.3487 11.9651
      vertex 4.31225 1.27813 11.8791
      vertex 6.87994 1.27813 11.8791
    endloop
  endfacet
  facet normal 0 -0.935989 -0.352029
    outer loop
      vertex -6.80857 1.60978 13.5464
      vertex -4.21447 1.57059 13.6506
      vertex -6.81771 1.57059 13.6506
    endloop
  endfacet
  facet normal 0 -0.935989 -0.352029
    outer loop
      vertex -4.21447 1.57059 13.6506
      vertex -6.80857 1.60978 13.5464
      vertex -4.19972 1.60978 13.5464
    endloop
  endfacet
  facet normal -0 -0.935989 -0.352029
    outer loop
      vertex 6.80857 1.60978 13.5464
      vertex 4.21447 1.57059 13.6506
      vertex 4.19972 1.60978 13.5464
    endloop
  endfacet
  facet normal 0 -0.935989 -0.352029
    outer loop
      vertex 4.21447 1.57059 13.6506
      vertex 6.80857 1.60978 13.5464
      vertex 6.81771 1.57059 13.6506
    endloop
  endfacet
  facet normal 0 -0.412621 -0.910903
    outer loop
      vertex -4.45107 0.650561 14.5706
      vertex -6.95605 0.75189 14.5247
      vertex -4.43434 0.75189 14.5247
    endloop
  endfacet
  facet normal 0 -0.412621 -0.910903
    outer loop
      vertex -6.95605 0.75189 14.5247
      vertex -4.45107 0.650561 14.5706
      vertex -6.96603 0.650561 14.5706
    endloop
  endfacet
  facet normal 0 -0.412621 -0.910903
    outer loop
      vertex 4.45107 0.650561 14.5706
      vertex 6.95605 0.75189 14.5247
      vertex 6.96603 0.650561 14.5706
    endloop
  endfacet
  facet normal -0 -0.412621 -0.910903
    outer loop
      vertex 6.95605 0.75189 14.5247
      vertex 4.45107 0.650561 14.5706
      vertex 4.43434 0.75189 14.5247
    endloop
  endfacet
  facet normal 0 0.0979826 0.995188
    outer loop
      vertex -4.49636 -0.111185 11.3036
      vertex -6.99274 -0.221894 11.3145
      vertex -4.49274 -0.221894 11.3145
    endloop
  endfacet
  facet normal 0 0.0979826 0.995188
    outer loop
      vertex -6.99274 -0.221894 11.3145
      vertex -4.49636 -0.111185 11.3036
      vertex -6.99636 -0.111185 11.3036
    endloop
  endfacet
  facet normal -0 0.0979826 0.995188
    outer loop
      vertex 4.49636 -0.111185 11.3036
      vertex 6.99274 -0.221894 11.3145
      vertex 6.99636 -0.111185 11.3036
    endloop
  endfacet
  facet normal 0 0.0979826 0.995188
    outer loop
      vertex 6.99274 -0.221894 11.3145
      vertex 4.49636 -0.111185 11.3036
      vertex 4.49274 -0.221894 11.3145
    endloop
  endfacet
  facet normal 0 0.352451 -0.93583
    outer loop
      vertex -6.96603 -0.650561 14.5706
      vertex -4.4615 -0.587367 14.5944
      vertex -4.45107 -0.650561 14.5706
    endloop
  endfacet
  facet normal 6.4532e-06 0.352227 -0.935915
    outer loop
      vertex -6.96603 -0.650561 14.5706
      vertex -4.46553 -0.546447 14.6098
      vertex -4.4615 -0.587367 14.5944
    endloop
  endfacet
  facet normal 0 0.352362 -0.935864
    outer loop
      vertex -4.46553 -0.546447 14.6098
      vertex -6.96603 -0.650561 14.5706
      vertex -6.97628 -0.546447 14.6098
    endloop
  endfacet
  facet normal 0 0.352362 -0.935864
    outer loop
      vertex 6.96603 -0.650561 14.5706
      vertex 4.46553 -0.546447 14.6098
      vertex 6.97628 -0.546447 14.6098
    endloop
  endfacet
  facet normal -6.4532e-06 0.352227 -0.935915
    outer loop
      vertex 6.96603 -0.650561 14.5706
      vertex 4.4615 -0.587367 14.5944
      vertex 4.46553 -0.546447 14.6098
    endloop
  endfacet
  facet normal 0 0.352451 -0.93583
    outer loop
      vertex 4.4615 -0.587367 14.5944
      vertex 6.96603 -0.650561 14.5706
      vertex 4.45107 -0.650561 14.5706
    endloop
  endfacet
  facet normal 0 0.910825 -0.412793
    outer loop
      vertex -6.81771 -1.57059 13.6506
      vertex -4.23175 -1.52468 13.7519
      vertex -4.21447 -1.57059 13.6506
    endloop
  endfacet
  facet normal 0 0.910825 -0.412793
    outer loop
      vertex -4.23175 -1.52468 13.7519
      vertex -6.81771 -1.57059 13.6506
      vertex -6.82841 -1.52468 13.7519
    endloop
  endfacet
  facet normal 0 0.910825 -0.412793
    outer loop
      vertex 6.81771 -1.57059 13.6506
      vertex 4.23175 -1.52468 13.7519
      vertex 6.82841 -1.52468 13.7519
    endloop
  endfacet
  facet normal 0 0.910825 -0.412793
    outer loop
      vertex 4.23175 -1.52468 13.7519
      vertex 6.81771 -1.57059 13.6506
      vertex 4.21447 -1.57059 13.6506
    endloop
  endfacet
  facet normal 0 -0.471814 0.881698
    outer loop
      vertex -6.94639 0.849999 11.5278
      vertex -4.43434 0.75189 11.4753
      vertex -4.41814 0.849999 11.5278
    endloop
  endfacet
  facet normal 0 -0.471814 0.881698
    outer loop
      vertex -4.43434 0.75189 11.4753
      vertex -6.94639 0.849999 11.5278
      vertex -6.95605 0.75189 11.4753
    endloop
  endfacet
  facet normal 0 -0.471814 0.881698
    outer loop
      vertex 6.94639 0.849999 11.5278
      vertex 4.43434 0.75189 11.4753
      vertex 6.95605 0.75189 11.4753
    endloop
  endfacet
  facet normal 0 -0.471814 0.881698
    outer loop
      vertex 4.43434 0.75189 11.4753
      vertex 6.94639 0.849999 11.5278
      vertex 4.41814 0.849999 11.5278
    endloop
  endfacet
  facet normal 0 -0.683389 -0.730055
    outer loop
      vertex -4.34667 1.16469 14.2371
      vertex -6.8925 1.20208 14.2021
      vertex -4.33532 1.20208 14.2021
    endloop
  endfacet
  facet normal 6.52482e-08 -0.683386 -0.730057
    outer loop
      vertex -4.35688 1.12089 14.2781
      vertex -6.8925 1.20208 14.2021
      vertex -4.34667 1.16469 14.2371
    endloop
  endfacet
  facet normal 0 -0.683388 -0.730056
    outer loop
      vertex -6.8925 1.20208 14.2021
      vertex -4.35688 1.12089 14.2781
      vertex -6.9059 1.12089 14.2781
    endloop
  endfacet
  facet normal 0 -0.683388 -0.730056
    outer loop
      vertex 4.35688 1.12089 14.2781
      vertex 6.8925 1.20208 14.2021
      vertex 6.9059 1.12089 14.2781
    endloop
  endfacet
  facet normal -6.52482e-08 -0.683386 -0.730057
    outer loop
      vertex 4.34667 1.16469 14.2371
      vertex 6.8925 1.20208 14.2021
      vertex 4.35688 1.12089 14.2781
    endloop
  endfacet
  facet normal -0 -0.683389 -0.730055
    outer loop
      vertex 6.8925 1.20208 14.2021
      vertex 4.34667 1.16469 14.2371
      vertex 4.33532 1.20208 14.2021
    endloop
  endfacet
  facet normal 0 -0.986641 -0.162913
    outer loop
      vertex -6.79092 1.68546 13.2219
      vertex -4.17806 1.66733 13.3317
      vertex -6.79515 1.66733 13.3317
    endloop
  endfacet
  facet normal 0 -0.986641 -0.162913
    outer loop
      vertex -4.17806 1.66733 13.3317
      vertex -6.79092 1.68546 13.2219
      vertex -4.17124 1.68546 13.2219
    endloop
  endfacet
  facet normal -0 -0.986641 -0.162913
    outer loop
      vertex 6.79092 1.68546 13.2219
      vertex 4.17806 1.66733 13.3317
      vertex 4.17124 1.68546 13.2219
    endloop
  endfacet
  facet normal 0 -0.986641 -0.162913
    outer loop
      vertex 4.17806 1.66733 13.3317
      vertex 6.79092 1.68546 13.2219
      vertex 6.79515 1.66733 13.3317
    endloop
  endfacet
  facet normal 0 0.352451 0.93583
    outer loop
      vertex -4.4615 -0.587367 11.4056
      vertex -6.96603 -0.650561 11.4294
      vertex -4.45107 -0.650561 11.4294
    endloop
  endfacet
  facet normal 6.4532e-06 0.352227 0.935915
    outer loop
      vertex -4.46553 -0.546447 11.3902
      vertex -6.96603 -0.650561 11.4294
      vertex -4.4615 -0.587367 11.4056
    endloop
  endfacet
  facet normal 0 0.352362 0.935864
    outer loop
      vertex -6.96603 -0.650561 11.4294
      vertex -4.46553 -0.546447 11.3902
      vertex -6.97628 -0.546447 11.3902
    endloop
  endfacet
  facet normal -0 0.352362 0.935864
    outer loop
      vertex 4.46553 -0.546447 11.3902
      vertex 6.96603 -0.650561 11.4294
      vertex 6.97628 -0.546447 11.3902
    endloop
  endfacet
  facet normal -6.4532e-06 0.352227 0.935915
    outer loop
      vertex 4.4615 -0.587367 11.4056
      vertex 6.96603 -0.650561 11.4294
      vertex 4.46553 -0.546447 11.3902
    endloop
  endfacet
  facet normal 0 0.352451 0.93583
    outer loop
      vertex 6.96603 -0.650561 11.4294
      vertex 4.4615 -0.587367 11.4056
      vertex 4.45107 -0.650561 11.4294
    endloop
  endfacet
  facet normal 0 0.729873 -0.683582
    outer loop
      vertex -6.87994 -1.27813 14.1209
      vertex -4.33532 -1.20208 14.2021
      vertex -4.31225 -1.27813 14.1209
    endloop
  endfacet
  facet normal 0 0.729873 -0.683582
    outer loop
      vertex -4.33532 -1.20208 14.2021
      vertex -6.87994 -1.27813 14.1209
      vertex -6.8925 -1.20208 14.2021
    endloop
  endfacet
  facet normal 0 0.729873 -0.683582
    outer loop
      vertex 6.87994 -1.27813 14.1209
      vertex 4.33532 -1.20208 14.2021
      vertex 6.8925 -1.20208 14.2021
    endloop
  endfacet
  facet normal 0 0.729873 -0.683582
    outer loop
      vertex 4.33532 -1.20208 14.2021
      vertex 6.87994 -1.27813 14.1209
      vertex 4.31225 -1.27813 14.1209
    endloop
  endfacet
  facet normal 0 0.163799 -0.986494
    outer loop
      vertex -6.98914 -0.331653 14.6673
      vertex -4.49037 -0.294313 14.6735
      vertex -4.48669 -0.331653 14.6673
    endloop
  endfacet
  facet normal 5.00121e-06 0.163473 -0.986548
    outer loop
      vertex -6.98914 -0.331653 14.6673
      vertex -4.49274 -0.221894 14.6855
      vertex -4.49037 -0.294313 14.6735
    endloop
  endfacet
  facet normal 0 0.163584 -0.986529
    outer loop
      vertex -4.49274 -0.221894 14.6855
      vertex -6.98914 -0.331653 14.6673
      vertex -6.99274 -0.221894 14.6855
    endloop
  endfacet
  facet normal 0 0.163584 -0.986529
    outer loop
      vertex 6.98914 -0.331653 14.6673
      vertex 4.49274 -0.221894 14.6855
      vertex 6.99274 -0.221894 14.6855
    endloop
  endfacet
  facet normal -5.00121e-06 0.163473 -0.986548
    outer loop
      vertex 6.98914 -0.331653 14.6673
      vertex 4.49037 -0.294313 14.6735
      vertex 4.49274 -0.221894 14.6855
    endloop
  endfacet
  facet normal 0 0.163799 -0.986494
    outer loop
      vertex 4.49037 -0.294313 14.6735
      vertex 6.98914 -0.331653 14.6673
      vertex 4.48669 -0.331653 14.6673
    endloop
  endfacet
  facet normal 0 -0.634509 0.772915
    outer loop
      vertex -6.9059 1.12089 11.7219
      vertex -4.37693 1.03489 11.6513
      vertex -4.35688 1.12089 11.7219
    endloop
  endfacet
  facet normal 0 -0.634509 0.772915
    outer loop
      vertex -4.37693 1.03489 11.6513
      vertex -6.9059 1.12089 11.7219
      vertex -6.9201 1.03489 11.6513
    endloop
  endfacet
  facet normal 0 -0.634509 0.772915
    outer loop
      vertex 6.9059 1.12089 11.7219
      vertex 4.37693 1.03489 11.6513
      vertex 6.9201 1.03489 11.6513
    endloop
  endfacet
  facet normal 0 -0.634509 0.772915
    outer loop
      vertex 4.37693 1.03489 11.6513
      vertex 6.9059 1.12089 11.7219
      vertex 4.35688 1.12089 11.7219
    endloop
  endfacet
  facet normal 0 -0.0323615 -0.999476
    outer loop
      vertex -4.5 0 14.7
      vertex -6.99636 0.111185 14.6964
      vertex -4.49636 0.111185 14.6964
    endloop
  endfacet
  facet normal 0 -0.0323615 -0.999476
    outer loop
      vertex -6.99636 0.111185 14.6964
      vertex -4.5 0 14.7
      vertex -7 0 14.7
    endloop
  endfacet
  facet normal 0 -0.0323615 -0.999476
    outer loop
      vertex 4.5 0 14.7
      vertex 6.99636 0.111185 14.6964
      vertex 7 0 14.7
    endloop
  endfacet
  facet normal -0 -0.0323615 -0.999476
    outer loop
      vertex 6.99636 0.111185 14.6964
      vertex 4.5 0 14.7
      vertex 4.49636 0.111185 14.6964
    endloop
  endfacet
  facet normal 0 -0.226555 -0.973998
    outer loop
      vertex -4.48669 0.331653 14.6673
      vertex -6.9856 0.439992 14.6421
      vertex -4.47602 0.439992 14.6421
    endloop
  endfacet
  facet normal 0 -0.226555 -0.973998
    outer loop
      vertex -6.9856 0.439992 14.6421
      vertex -4.48669 0.331653 14.6673
      vertex -6.98914 0.331653 14.6673
    endloop
  endfacet
  facet normal 0 -0.226555 -0.973998
    outer loop
      vertex 4.48669 0.331653 14.6673
      vertex 6.9856 0.439992 14.6421
      vertex 6.98914 0.331653 14.6673
    endloop
  endfacet
  facet normal -0 -0.226555 -0.973998
    outer loop
      vertex 6.9856 0.439992 14.6421
      vertex 4.48669 0.331653 14.6673
      vertex 4.47602 0.439992 14.6421
    endloop
  endfacet
  facet normal 0 -0.582504 -0.812827
    outer loop
      vertex -4.39801 0.944468 14.4135
      vertex -6.9201 1.03489 14.3487
      vertex -4.37693 1.03489 14.3487
    endloop
  endfacet
  facet normal 0 -0.582504 -0.812827
    outer loop
      vertex -6.9201 1.03489 14.3487
      vertex -4.39801 0.944468 14.4135
      vertex -6.93503 0.944468 14.4135
    endloop
  endfacet
  facet normal 0 -0.582504 -0.812827
    outer loop
      vertex 4.39801 0.944468 14.4135
      vertex 6.9201 1.03489 14.3487
      vertex 6.93503 0.944468 14.4135
    endloop
  endfacet
  facet normal -0 -0.582504 -0.812827
    outer loop
      vertex 6.9201 1.03489 14.3487
      vertex 4.39801 0.944468 14.4135
      vertex 4.37693 1.03489 14.3487
    endloop
  endfacet
  facet normal 0 -0.973861 -0.227144
    outer loop
      vertex -6.79515 1.66733 13.3317
      vertex -4.18757 1.64207 13.44
      vertex -6.80104 1.64207 13.44
    endloop
  endfacet
  facet normal 0 -0.973861 -0.227144
    outer loop
      vertex -4.18757 1.64207 13.44
      vertex -6.79515 1.66733 13.3317
      vertex -4.17806 1.66733 13.3317
    endloop
  endfacet
  facet normal -0 -0.973861 -0.227144
    outer loop
      vertex 6.79515 1.66733 13.3317
      vertex 4.18757 1.64207 13.44
      vertex 4.17806 1.66733 13.3317
    endloop
  endfacet
  facet normal 0 -0.973861 -0.227144
    outer loop
      vertex 4.18757 1.64207 13.44
      vertex 6.79515 1.66733 13.3317
      vertex 6.80104 1.64207 13.44
    endloop
  endfacet
  facet normal 0 -0.999465 -0.0327163
    outer loop
      vertex -6.78753 1.7 13
      vertex -4.16714 1.69636 13.1112
      vertex -6.78838 1.69636 13.1112
    endloop
  endfacet
  facet normal 0 -0.999465 -0.0327163
    outer loop
      vertex -4.16714 1.69636 13.1112
      vertex -6.78753 1.7 13
      vertex -4.16577 1.7 13
    endloop
  endfacet
  facet normal -0 -0.999465 -0.0327163
    outer loop
      vertex 6.78753 1.7 13
      vertex 4.16714 1.69636 13.1112
      vertex 4.16577 1.7 13
    endloop
  endfacet
  facet normal 0 -0.999465 -0.0327163
    outer loop
      vertex 4.16714 1.69636 13.1112
      vertex 6.78753 1.7 13
      vertex 6.78838 1.69636 13.1112
    endloop
  endfacet
  facet normal 0 -0.849298 -0.527913
    outer loop
      vertex -6.84064 1.47224 13.85
      vertex -4.27119 1.4135 13.9445
      vertex -6.85434 1.4135 13.9445
    endloop
  endfacet
  facet normal -1.53593e-05 -0.849486 -0.527612
    outer loop
      vertex -4.27119 1.4135 13.9445
      vertex -6.84064 1.47224 13.85
      vertex -4.26118 1.44648 13.8914
    endloop
  endfacet
  facet normal 0 -0.849057 -0.528302
    outer loop
      vertex -4.26118 1.44648 13.8914
      vertex -6.84064 1.47224 13.85
      vertex -4.25149 1.47224 13.85
    endloop
  endfacet
  facet normal 1.53593e-05 -0.849486 -0.527612
    outer loop
      vertex 6.84064 1.47224 13.85
      vertex 4.27119 1.4135 13.9445
      vertex 4.26118 1.44648 13.8914
    endloop
  endfacet
  facet normal -0 -0.849057 -0.528302
    outer loop
      vertex 6.84064 1.47224 13.85
      vertex 4.26118 1.44648 13.8914
      vertex 4.25149 1.47224 13.85
    endloop
  endfacet
  facet normal 0 -0.849298 -0.527913
    outer loop
      vertex 4.27119 1.4135 13.9445
      vertex 6.84064 1.47224 13.85
      vertex 6.85434 1.4135 13.9445
    endloop
  endfacet
  facet normal 0 -0.910825 -0.412793
    outer loop
      vertex -6.81771 1.57059 13.6506
      vertex -4.23175 1.52468 13.7519
      vertex -6.82841 1.52468 13.7519
    endloop
  endfacet
  facet normal 0 -0.910825 -0.412793
    outer loop
      vertex -4.23175 1.52468 13.7519
      vertex -6.81771 1.57059 13.6506
      vertex -4.21447 1.57059 13.6506
    endloop
  endfacet
  facet normal -0 -0.910825 -0.412793
    outer loop
      vertex 6.81771 1.57059 13.6506
      vertex 4.23175 1.52468 13.7519
      vertex 4.21447 1.57059 13.6506
    endloop
  endfacet
  facet normal 0 -0.910825 -0.412793
    outer loop
      vertex 4.23175 1.52468 13.7519
      vertex 6.81771 1.57059 13.6506
      vertex 6.82841 1.52468 13.7519
    endloop
  endfacet
  facet normal 0 -0.729873 -0.683582
    outer loop
      vertex -6.87994 1.27813 14.1209
      vertex -4.33532 1.20208 14.2021
      vertex -6.8925 1.20208 14.2021
    endloop
  endfacet
  facet normal 0 -0.729873 -0.683582
    outer loop
      vertex -4.33532 1.20208 14.2021
      vertex -6.87994 1.27813 14.1209
      vertex -4.31225 1.27813 14.1209
    endloop
  endfacet
  facet normal -0 -0.729873 -0.683582
    outer loop
      vertex 6.87994 1.27813 14.1209
      vertex 4.33532 1.20208 14.2021
      vertex 4.31225 1.27813 14.1209
    endloop
  endfacet
  facet normal 0 -0.729873 -0.683582
    outer loop
      vertex 4.33532 1.20208 14.2021
      vertex 6.87994 1.27813 14.1209
      vertex 6.8925 1.20208 14.2021
    endloop
  endfacet
  facet normal 0 -0.0323615 0.999476
    outer loop
      vertex -6.99636 0.111185 11.3036
      vertex -4.5 0 11.3
      vertex -4.49636 0.111185 11.3036
    endloop
  endfacet
  facet normal 0 -0.0323615 0.999476
    outer loop
      vertex -4.5 0 11.3
      vertex -6.99636 0.111185 11.3036
      vertex -7 0 11.3
    endloop
  endfacet
  facet normal 0 -0.0323615 0.999476
    outer loop
      vertex 6.99636 0.111185 11.3036
      vertex 4.5 0 11.3
      vertex 7 0 11.3
    endloop
  endfacet
  facet normal 0 -0.0323615 0.999476
    outer loop
      vertex 4.5 0 11.3
      vertex 6.99636 0.111185 11.3036
      vertex 4.49636 0.111185 11.3036
    endloop
  endfacet
  facet normal 0 0.999465 0.0327163
    outer loop
      vertex -4.16714 -1.69636 12.8888
      vertex -6.78753 -1.7 13
      vertex -4.16577 -1.7 13
    endloop
  endfacet
  facet normal 0 0.999465 0.0327163
    outer loop
      vertex -6.78753 -1.7 13
      vertex -4.16714 -1.69636 12.8888
      vertex -6.78838 -1.69636 12.8888
    endloop
  endfacet
  facet normal -0 0.999465 0.0327163
    outer loop
      vertex 4.16714 -1.69636 12.8888
      vertex 6.78753 -1.7 13
      vertex 6.78838 -1.69636 12.8888
    endloop
  endfacet
  facet normal 0 0.999465 0.0327163
    outer loop
      vertex 6.78753 -1.7 13
      vertex 4.16714 -1.69636 12.8888
      vertex 4.16577 -1.7 13
    endloop
  endfacet
  facet normal 0 0.290344 0.956922
    outer loop
      vertex -4.47602 -0.439992 11.3579
      vertex -6.97628 -0.546447 11.3902
      vertex -4.46553 -0.546447 11.3902
    endloop
  endfacet
  facet normal -0 0.290344 0.956922
    outer loop
      vertex -6.9856 -0.439992 11.3579
      vertex -6.97628 -0.546447 11.3902
      vertex -4.47602 -0.439992 11.3579
    endloop
  endfacet
  facet normal -0.00974085 0.289549 0.957114
    outer loop
      vertex -6.97628 -0.546447 11.3902
      vertex -6.9856 -0.439992 11.3579
      vertex -6.98501 -0.457822 11.3633
    endloop
  endfacet
  facet normal 0.00974085 0.289549 0.957114
    outer loop
      vertex 6.9856 -0.439992 11.3579
      vertex 6.97628 -0.546447 11.3902
      vertex 6.98501 -0.457822 11.3633
    endloop
  endfacet
  facet normal -0 0.290344 0.956922
    outer loop
      vertex 4.47602 -0.439992 11.3579
      vertex 6.97628 -0.546447 11.3902
      vertex 6.9856 -0.439992 11.3579
    endloop
  endfacet
  facet normal 0 0.290344 0.956922
    outer loop
      vertex 6.97628 -0.546447 11.3902
      vertex 4.47602 -0.439992 11.3579
      vertex 4.46553 -0.546447 11.3902
    endloop
  endfacet
  facet normal 0 0.634509 0.772915
    outer loop
      vertex -4.37693 -1.03489 11.6513
      vertex -6.9059 -1.12089 11.7219
      vertex -4.35688 -1.12089 11.7219
    endloop
  endfacet
  facet normal 0 0.634509 0.772915
    outer loop
      vertex -6.9059 -1.12089 11.7219
      vertex -4.37693 -1.03489 11.6513
      vertex -6.9201 -1.03489 11.6513
    endloop
  endfacet
  facet normal -0 0.634509 0.772915
    outer loop
      vertex 4.37693 -1.03489 11.6513
      vertex 6.9059 -1.12089 11.7219
      vertex 6.9201 -1.03489 11.6513
    endloop
  endfacet
  facet normal 0 0.634509 0.772915
    outer loop
      vertex 6.9059 -1.12089 11.7219
      vertex 4.37693 -1.03489 11.6513
      vertex 4.35688 -1.12089 11.7219
    endloop
  endfacet
  facet normal 0 0.973861 0.227144
    outer loop
      vertex -4.18757 -1.64207 12.56
      vertex -6.79515 -1.66733 12.6683
      vertex -4.17806 -1.66733 12.6683
    endloop
  endfacet
  facet normal 0 0.973861 0.227144
    outer loop
      vertex -6.79515 -1.66733 12.6683
      vertex -4.18757 -1.64207 12.56
      vertex -6.80104 -1.64207 12.56
    endloop
  endfacet
  facet normal -0 0.973861 0.227144
    outer loop
      vertex 4.18757 -1.64207 12.56
      vertex 6.79515 -1.66733 12.6683
      vertex 6.80104 -1.64207 12.56
    endloop
  endfacet
  facet normal 0 0.973861 0.227144
    outer loop
      vertex 6.79515 -1.66733 12.6683
      vertex 4.18757 -1.64207 12.56
      vertex 4.17806 -1.66733 12.6683
    endloop
  endfacet
  facet normal 0 0.773047 0.634348
    outer loop
      vertex -4.31225 -1.27813 11.8791
      vertex -6.86829 -1.3487 11.9651
      vertex -4.29084 -1.3487 11.9651
    endloop
  endfacet
  facet normal 0 0.773047 0.634348
    outer loop
      vertex -6.86829 -1.3487 11.9651
      vertex -4.31225 -1.27813 11.8791
      vertex -6.87994 -1.27813 11.8791
    endloop
  endfacet
  facet normal -0 0.773047 0.634348
    outer loop
      vertex 4.31225 -1.27813 11.8791
      vertex 6.86829 -1.3487 11.9651
      vertex 6.87994 -1.27813 11.8791
    endloop
  endfacet
  facet normal 0 0.773047 0.634348
    outer loop
      vertex 6.86829 -1.3487 11.9651
      vertex 4.31225 -1.27813 11.8791
      vertex 4.29084 -1.3487 11.9651
    endloop
  endfacet
  facet normal 0 0.999465 -0.0327163
    outer loop
      vertex -6.78753 -1.7 13
      vertex -4.16714 -1.69636 13.1112
      vertex -4.16577 -1.7 13
    endloop
  endfacet
  facet normal 0 0.999465 -0.0327163
    outer loop
      vertex -4.16714 -1.69636 13.1112
      vertex -6.78753 -1.7 13
      vertex -6.78838 -1.69636 13.1112
    endloop
  endfacet
  facet normal 0 0.999465 -0.0327163
    outer loop
      vertex 6.78753 -1.7 13
      vertex 4.16714 -1.69636 13.1112
      vertex 6.78838 -1.69636 13.1112
    endloop
  endfacet
  facet normal 0 0.999465 -0.0327163
    outer loop
      vertex 4.16714 -1.69636 13.1112
      vertex 6.78753 -1.7 13
      vertex 4.16577 -1.7 13
    endloop
  endfacet
  facet normal 0 0.973861 -0.227144
    outer loop
      vertex -6.79515 -1.66733 13.3317
      vertex -4.18757 -1.64207 13.44
      vertex -4.17806 -1.66733 13.3317
    endloop
  endfacet
  facet normal 0 0.973861 -0.227144
    outer loop
      vertex -4.18757 -1.64207 13.44
      vertex -6.79515 -1.66733 13.3317
      vertex -6.80104 -1.64207 13.44
    endloop
  endfacet
  facet normal 0 0.973861 -0.227144
    outer loop
      vertex 6.79515 -1.66733 13.3317
      vertex 4.18757 -1.64207 13.44
      vertex 6.80104 -1.64207 13.44
    endloop
  endfacet
  facet normal 0 0.973861 -0.227144
    outer loop
      vertex 4.18757 -1.64207 13.44
      vertex 6.79515 -1.66733 13.3317
      vertex 4.17806 -1.66733 13.3317
    endloop
  endfacet
  facet normal 0 0.81276 -0.582598
    outer loop
      vertex -6.85434 -1.4135 13.9445
      vertex -6.86829 -1.3487 14.0349
      vertex -4.29084 -1.3487 14.0349
    endloop
  endfacet
  facet normal 0 0.81276 -0.582598
    outer loop
      vertex -6.85434 -1.4135 13.9445
      vertex -4.29084 -1.3487 14.0349
      vertex -4.27119 -1.4135 13.9445
    endloop
  endfacet
  facet normal -0.0125661 0.811777 -0.583832
    outer loop
      vertex -6.86829 -1.3487 14.0349
      vertex -6.85434 -1.4135 13.9445
      vertex -6.8655 -1.36563 14.0113
    endloop
  endfacet
  facet normal 0.0125661 0.811777 -0.583832
    outer loop
      vertex 6.85434 -1.4135 13.9445
      vertex 6.86829 -1.3487 14.0349
      vertex 6.8655 -1.36563 14.0113
    endloop
  endfacet
  facet normal 0 0.81276 -0.582598
    outer loop
      vertex 6.86829 -1.3487 14.0349
      vertex 6.85434 -1.4135 13.9445
      vertex 4.29084 -1.3487 14.0349
    endloop
  endfacet
  facet normal 0 0.81276 -0.582598
    outer loop
      vertex 4.29084 -1.3487 14.0349
      vertex 6.85434 -1.4135 13.9445
      vertex 4.27119 -1.4135 13.9445
    endloop
  endfacet
  facet normal 0 0.226555 -0.973998
    outer loop
      vertex -6.9856 -0.439992 14.6421
      vertex -4.48669 -0.331653 14.6673
      vertex -4.47602 -0.439992 14.6421
    endloop
  endfacet
  facet normal 0 0.226555 -0.973998
    outer loop
      vertex -4.48669 -0.331653 14.6673
      vertex -6.9856 -0.439992 14.6421
      vertex -6.98914 -0.331653 14.6673
    endloop
  endfacet
  facet normal 0 0.226555 -0.973998
    outer loop
      vertex 6.9856 -0.439992 14.6421
      vertex 4.48669 -0.331653 14.6673
      vertex 6.98914 -0.331653 14.6673
    endloop
  endfacet
  facet normal 0 0.226555 -0.973998
    outer loop
      vertex 4.48669 -0.331653 14.6673
      vertex 6.9856 -0.439992 14.6421
      vertex 4.47602 -0.439992 14.6421
    endloop
  endfacet
  facet normal 0 0.0323615 -0.999476
    outer loop
      vertex -6.99636 -0.111185 14.6964
      vertex -4.5 0 14.7
      vertex -4.49636 -0.111185 14.6964
    endloop
  endfacet
  facet normal 0 0.0323615 -0.999476
    outer loop
      vertex -4.5 0 14.7
      vertex -6.99636 -0.111185 14.6964
      vertex -7 0 14.7
    endloop
  endfacet
  facet normal 0 0.0323615 -0.999476
    outer loop
      vertex 6.99636 -0.111185 14.6964
      vertex 4.5 0 14.7
      vertex 7 0 14.7
    endloop
  endfacet
  facet normal 0 0.0323615 -0.999476
    outer loop
      vertex 4.5 0 14.7
      vertex 6.99636 -0.111185 14.6964
      vertex 4.49636 -0.111185 14.6964
    endloop
  endfacet
  facet normal 0 0.528151 -0.84915
    outer loop
      vertex -6.93503 -0.944468 14.4135
      vertex -4.41353 -0.877906 14.4549
      vertex -4.39801 -0.944468 14.4135
    endloop
  endfacet
  facet normal 4.6026e-05 0.526894 -0.849931
    outer loop
      vertex -6.93503 -0.944468 14.4135
      vertex -4.41814 -0.849999 14.4722
      vertex -4.41353 -0.877906 14.4549
    endloop
  endfacet
  facet normal 0.0177341 0.529233 -0.848291
    outer loop
      vertex -6.94639 -0.849999 14.4722
      vertex -6.93503 -0.944468 14.4135
      vertex -6.94011 -0.913683 14.4326
    endloop
  endfacet
  facet normal 0 0.527779 -0.849382
    outer loop
      vertex -6.93503 -0.944468 14.4135
      vertex -6.94639 -0.849999 14.4722
      vertex -4.41814 -0.849999 14.4722
    endloop
  endfacet
  facet normal -0.0177341 0.529233 -0.848291
    outer loop
      vertex 6.93503 -0.944468 14.4135
      vertex 6.94639 -0.849999 14.4722
      vertex 6.94011 -0.913683 14.4326
    endloop
  endfacet
  facet normal 0 0.527779 -0.849382
    outer loop
      vertex 6.93503 -0.944468 14.4135
      vertex 4.41814 -0.849999 14.4722
      vertex 6.94639 -0.849999 14.4722
    endloop
  endfacet
  facet normal -4.6026e-05 0.526894 -0.849931
    outer loop
      vertex 6.93503 -0.944468 14.4135
      vertex 4.41353 -0.877906 14.4549
      vertex 4.41814 -0.849999 14.4722
    endloop
  endfacet
  facet normal 0 0.528151 -0.84915
    outer loop
      vertex 4.41353 -0.877906 14.4549
      vertex 6.93503 -0.944468 14.4135
      vertex 4.39801 -0.944468 14.4135
    endloop
  endfacet
  facet normal 0 0.412621 -0.910903
    outer loop
      vertex -6.95605 -0.75189 14.5247
      vertex -4.45107 -0.650561 14.5706
      vertex -4.43434 -0.75189 14.5247
    endloop
  endfacet
  facet normal 0 0.412621 -0.910903
    outer loop
      vertex -4.45107 -0.650561 14.5706
      vertex -6.95605 -0.75189 14.5247
      vertex -6.96603 -0.650561 14.5706
    endloop
  endfacet
  facet normal 0 0.412621 -0.910903
    outer loop
      vertex 6.95605 -0.75189 14.5247
      vertex 4.45107 -0.650561 14.5706
      vertex 6.96603 -0.650561 14.5706
    endloop
  endfacet
  facet normal 0 0.412621 -0.910903
    outer loop
      vertex 4.45107 -0.650561 14.5706
      vertex 6.95605 -0.75189 14.5247
      vertex 4.43434 -0.75189 14.5247
    endloop
  endfacet
  facet normal 0 0.683389 -0.730055
    outer loop
      vertex -6.8925 -1.20208 14.2021
      vertex -4.34667 -1.16469 14.2371
      vertex -4.33532 -1.20208 14.2021
    endloop
  endfacet
  facet normal 6.52482e-08 0.683386 -0.730057
    outer loop
      vertex -6.8925 -1.20208 14.2021
      vertex -4.35688 -1.12089 14.2781
      vertex -4.34667 -1.16469 14.2371
    endloop
  endfacet
  facet normal 0 0.683388 -0.730056
    outer loop
      vertex -4.35688 -1.12089 14.2781
      vertex -6.8925 -1.20208 14.2021
      vertex -6.9059 -1.12089 14.2781
    endloop
  endfacet
  facet normal 0 0.683388 -0.730056
    outer loop
      vertex 6.8925 -1.20208 14.2021
      vertex 4.35688 -1.12089 14.2781
      vertex 6.9059 -1.12089 14.2781
    endloop
  endfacet
  facet normal -6.52482e-08 0.683386 -0.730057
    outer loop
      vertex 6.8925 -1.20208 14.2021
      vertex 4.34667 -1.16469 14.2371
      vertex 4.35688 -1.12089 14.2781
    endloop
  endfacet
  facet normal 0 0.683389 -0.730055
    outer loop
      vertex 4.34667 -1.16469 14.2371
      vertex 6.8925 -1.20208 14.2021
      vertex 4.33532 -1.20208 14.2021
    endloop
  endfacet
  facet normal 0 -0.0979826 0.995188
    outer loop
      vertex -6.99274 0.221894 11.3145
      vertex -4.49636 0.111185 11.3036
      vertex -4.49274 0.221894 11.3145
    endloop
  endfacet
  facet normal 0 -0.0979826 0.995188
    outer loop
      vertex -4.49636 0.111185 11.3036
      vertex -6.99274 0.221894 11.3145
      vertex -6.99636 0.111185 11.3036
    endloop
  endfacet
  facet normal 0 -0.0979826 0.995188
    outer loop
      vertex 6.99274 0.221894 11.3145
      vertex 4.49636 0.111185 11.3036
      vertex 6.99636 0.111185 11.3036
    endloop
  endfacet
  facet normal 0 -0.0979826 0.995188
    outer loop
      vertex 4.49636 0.111185 11.3036
      vertex 6.99274 0.221894 11.3145
      vertex 4.49274 0.221894 11.3145
    endloop
  endfacet
  facet normal 0 -0.226555 0.973998
    outer loop
      vertex -6.9856 0.439992 11.3579
      vertex -4.48669 0.331653 11.3327
      vertex -4.47602 0.439992 11.3579
    endloop
  endfacet
  facet normal 0 -0.226555 0.973998
    outer loop
      vertex -4.48669 0.331653 11.3327
      vertex -6.9856 0.439992 11.3579
      vertex -6.98914 0.331653 11.3327
    endloop
  endfacet
  facet normal 0 -0.226555 0.973998
    outer loop
      vertex 6.9856 0.439992 11.3579
      vertex 4.48669 0.331653 11.3327
      vertex 6.98914 0.331653 11.3327
    endloop
  endfacet
  facet normal 0 -0.226555 0.973998
    outer loop
      vertex 4.48669 0.331653 11.3327
      vertex 6.9856 0.439992 11.3579
      vertex 4.47602 0.439992 11.3579
    endloop
  endfacet
  facet normal 0 -0.412621 0.910903
    outer loop
      vertex -6.95605 0.75189 11.4753
      vertex -4.45107 0.650561 11.4294
      vertex -4.43434 0.75189 11.4753
    endloop
  endfacet
  facet normal 0 -0.412621 0.910903
    outer loop
      vertex -4.45107 0.650561 11.4294
      vertex -6.95605 0.75189 11.4753
      vertex -6.96603 0.650561 11.4294
    endloop
  endfacet
  facet normal 0 -0.412621 0.910903
    outer loop
      vertex 6.95605 0.75189 11.4753
      vertex 4.45107 0.650561 11.4294
      vertex 6.96603 0.650561 11.4294
    endloop
  endfacet
  facet normal 0 -0.412621 0.910903
    outer loop
      vertex 4.45107 0.650561 11.4294
      vertex 6.95605 0.75189 11.4753
      vertex 4.43434 0.75189 11.4753
    endloop
  endfacet
  facet normal 0 -0.290344 0.956922
    outer loop
      vertex -6.97628 0.546447 11.3902
      vertex -4.47602 0.439992 11.3579
      vertex -4.46553 0.546447 11.3902
    endloop
  endfacet
  facet normal -0.00974085 -0.289549 0.957114
    outer loop
      vertex -6.9856 0.439992 11.3579
      vertex -6.97628 0.546447 11.3902
      vertex -6.98501 0.457822 11.3633
    endloop
  endfacet
  facet normal 0 -0.290344 0.956922
    outer loop
      vertex -6.97628 0.546447 11.3902
      vertex -6.9856 0.439992 11.3579
      vertex -4.47602 0.439992 11.3579
    endloop
  endfacet
  facet normal 0.00974085 -0.289549 0.957114
    outer loop
      vertex 6.97628 0.546447 11.3902
      vertex 6.9856 0.439992 11.3579
      vertex 6.98501 0.457822 11.3633
    endloop
  endfacet
  facet normal 0 -0.290344 0.956922
    outer loop
      vertex 6.97628 0.546447 11.3902
      vertex 4.47602 0.439992 11.3579
      vertex 6.9856 0.439992 11.3579
    endloop
  endfacet
  facet normal 0 -0.290344 0.956922
    outer loop
      vertex 4.47602 0.439992 11.3579
      vertex 6.97628 0.546447 11.3902
      vertex 4.46553 0.546447 11.3902
    endloop
  endfacet
  facet normal 0 -0.582504 0.812827
    outer loop
      vertex -6.9201 1.03489 11.6513
      vertex -4.39801 0.944468 11.5865
      vertex -4.37693 1.03489 11.6513
    endloop
  endfacet
  facet normal 0 -0.582504 0.812827
    outer loop
      vertex -4.39801 0.944468 11.5865
      vertex -6.9201 1.03489 11.6513
      vertex -6.93503 0.944468 11.5865
    endloop
  endfacet
  facet normal 0 -0.582504 0.812827
    outer loop
      vertex 6.9201 1.03489 11.6513
      vertex 4.39801 0.944468 11.5865
      vertex 6.93503 0.944468 11.5865
    endloop
  endfacet
  facet normal 0 -0.582504 0.812827
    outer loop
      vertex 4.39801 0.944468 11.5865
      vertex 6.9201 1.03489 11.6513
      vertex 4.37693 1.03489 11.6513
    endloop
  endfacet
  facet normal 0 -0.683389 0.730055
    outer loop
      vertex -6.8925 1.20208 11.7979
      vertex -4.34667 1.16469 11.7629
      vertex -4.33532 1.20208 11.7979
    endloop
  endfacet
  facet normal 6.52482e-08 -0.683386 0.730057
    outer loop
      vertex -6.8925 1.20208 11.7979
      vertex -4.35688 1.12089 11.7219
      vertex -4.34667 1.16469 11.7629
    endloop
  endfacet
  facet normal 0 -0.683388 0.730056
    outer loop
      vertex -4.35688 1.12089 11.7219
      vertex -6.8925 1.20208 11.7979
      vertex -6.9059 1.12089 11.7219
    endloop
  endfacet
  facet normal 0 -0.683388 0.730056
    outer loop
      vertex 6.8925 1.20208 11.7979
      vertex 4.35688 1.12089 11.7219
      vertex 6.9059 1.12089 11.7219
    endloop
  endfacet
  facet normal -6.52482e-08 -0.683386 0.730057
    outer loop
      vertex 6.8925 1.20208 11.7979
      vertex 4.34667 1.16469 11.7629
      vertex 4.35688 1.12089 11.7219
    endloop
  endfacet
  facet normal 0 -0.683389 0.730055
    outer loop
      vertex 4.34667 1.16469 11.7629
      vertex 6.8925 1.20208 11.7979
      vertex 4.33532 1.20208 11.7979
    endloop
  endfacet
  facet normal 0 -0.729873 0.683582
    outer loop
      vertex -4.33532 1.20208 11.7979
      vertex -6.87994 1.27813 11.8791
      vertex -6.8925 1.20208 11.7979
    endloop
  endfacet
  facet normal 0 -0.729873 0.683582
    outer loop
      vertex -6.87994 1.27813 11.8791
      vertex -4.33532 1.20208 11.7979
      vertex -4.31225 1.27813 11.8791
    endloop
  endfacet
  facet normal 0 -0.729873 0.683582
    outer loop
      vertex 4.33532 1.20208 11.7979
      vertex 6.87994 1.27813 11.8791
      vertex 4.31225 1.27813 11.8791
    endloop
  endfacet
  facet normal 0 -0.729873 0.683582
    outer loop
      vertex 6.87994 1.27813 11.8791
      vertex 4.33532 1.20208 11.7979
      vertex 6.8925 1.20208 11.7979
    endloop
  endfacet
  facet normal -0.0125661 -0.811777 0.583832
    outer loop
      vertex -6.86829 1.3487 11.9651
      vertex -6.85434 1.4135 12.0555
      vertex -6.8655 1.36563 11.9887
    endloop
  endfacet
  facet normal 0 -0.81276 0.582598
    outer loop
      vertex -6.85434 1.4135 12.0555
      vertex -6.86829 1.3487 11.9651
      vertex -4.29084 1.3487 11.9651
    endloop
  endfacet
  facet normal 0 -0.81276 0.582598
    outer loop
      vertex -6.85434 1.4135 12.0555
      vertex -4.29084 1.3487 11.9651
      vertex -4.27119 1.4135 12.0555
    endloop
  endfacet
  facet normal 0 -0.81276 0.582598
    outer loop
      vertex 4.29084 1.3487 11.9651
      vertex 6.85434 1.4135 12.0555
      vertex 4.27119 1.4135 12.0555
    endloop
  endfacet
  facet normal 0 -0.81276 0.582598
    outer loop
      vertex 6.86829 1.3487 11.9651
      vertex 6.85434 1.4135 12.0555
      vertex 4.29084 1.3487 11.9651
    endloop
  endfacet
  facet normal 0.0125661 -0.811777 0.583832
    outer loop
      vertex 6.85434 1.4135 12.0555
      vertex 6.86829 1.3487 11.9651
      vertex 6.8655 1.36563 11.9887
    endloop
  endfacet
  facet normal 0 -0.910825 0.412793
    outer loop
      vertex -4.23175 1.52468 12.2481
      vertex -6.81771 1.57059 12.3494
      vertex -6.82841 1.52468 12.2481
    endloop
  endfacet
  facet normal 0 -0.910825 0.412793
    outer loop
      vertex -6.81771 1.57059 12.3494
      vertex -4.23175 1.52468 12.2481
      vertex -4.21447 1.57059 12.3494
    endloop
  endfacet
  facet normal 0 -0.910825 0.412793
    outer loop
      vertex 4.23175 1.52468 12.2481
      vertex 6.81771 1.57059 12.3494
      vertex 4.21447 1.57059 12.3494
    endloop
  endfacet
  facet normal 0 -0.910825 0.412793
    outer loop
      vertex 6.81771 1.57059 12.3494
      vertex 4.23175 1.52468 12.2481
      vertex 6.82841 1.52468 12.2481
    endloop
  endfacet
  facet normal 0 -0.849057 0.528302
    outer loop
      vertex -6.84064 1.47224 12.15
      vertex -4.26118 1.44648 12.1086
      vertex -4.25149 1.47224 12.15
    endloop
  endfacet
  facet normal 0 -0.849298 0.527913
    outer loop
      vertex -4.27119 1.4135 12.0555
      vertex -6.84064 1.47224 12.15
      vertex -6.85434 1.4135 12.0555
    endloop
  endfacet
  facet normal -1.53593e-05 -0.849486 0.527612
    outer loop
      vertex -6.84064 1.47224 12.15
      vertex -4.27119 1.4135 12.0555
      vertex -4.26118 1.44648 12.1086
    endloop
  endfacet
  facet normal 0 -0.849057 0.528302
    outer loop
      vertex 4.26118 1.44648 12.1086
      vertex 6.84064 1.47224 12.15
      vertex 4.25149 1.47224 12.15
    endloop
  endfacet
  facet normal 1.53593e-05 -0.849486 0.527612
    outer loop
      vertex 4.27119 1.4135 12.0555
      vertex 6.84064 1.47224 12.15
      vertex 4.26118 1.44648 12.1086
    endloop
  endfacet
  facet normal 0 -0.849298 0.527913
    outer loop
      vertex 6.84064 1.47224 12.15
      vertex 4.27119 1.4135 12.0555
      vertex 6.85434 1.4135 12.0555
    endloop
  endfacet
  facet normal 0 -0.935989 0.352029
    outer loop
      vertex -4.21447 1.57059 12.3494
      vertex -6.80857 1.60978 12.4536
      vertex -6.81771 1.57059 12.3494
    endloop
  endfacet
  facet normal 0 -0.935989 0.352029
    outer loop
      vertex -6.80857 1.60978 12.4536
      vertex -4.21447 1.57059 12.3494
      vertex -4.19972 1.60978 12.4536
    endloop
  endfacet
  facet normal 0 -0.935989 0.352029
    outer loop
      vertex 4.21447 1.57059 12.3494
      vertex 6.80857 1.60978 12.4536
      vertex 4.19972 1.60978 12.4536
    endloop
  endfacet
  facet normal 0 -0.935989 0.352029
    outer loop
      vertex 6.80857 1.60978 12.4536
      vertex 4.21447 1.57059 12.3494
      vertex 6.81771 1.57059 12.3494
    endloop
  endfacet
  facet normal 0 -0.986641 0.162913
    outer loop
      vertex -4.17806 1.66733 12.6683
      vertex -6.79092 1.68546 12.7781
      vertex -6.79515 1.66733 12.6683
    endloop
  endfacet
  facet normal 0 -0.986641 0.162913
    outer loop
      vertex -6.79092 1.68546 12.7781
      vertex -4.17806 1.66733 12.6683
      vertex -4.17124 1.68546 12.7781
    endloop
  endfacet
  facet normal 0 -0.986641 0.162913
    outer loop
      vertex 4.17806 1.66733 12.6683
      vertex 6.79092 1.68546 12.7781
      vertex 4.17124 1.68546 12.7781
    endloop
  endfacet
  facet normal 0 -0.986641 0.162913
    outer loop
      vertex 6.79092 1.68546 12.7781
      vertex 4.17806 1.66733 12.6683
      vertex 6.79515 1.66733 12.6683
    endloop
  endfacet
  facet normal 0 -0.999465 0.0327163
    outer loop
      vertex -4.16714 1.69636 12.8888
      vertex -6.78753 1.7 13
      vertex -6.78838 1.69636 12.8888
    endloop
  endfacet
  facet normal 0 -0.999465 0.0327163
    outer loop
      vertex -6.78753 1.7 13
      vertex -4.16714 1.69636 12.8888
      vertex -4.16577 1.7 13
    endloop
  endfacet
  facet normal 0 -0.999465 0.0327163
    outer loop
      vertex 4.16714 1.69636 12.8888
      vertex 6.78753 1.7 13
      vertex 4.16577 1.7 13
    endloop
  endfacet
  facet normal 0 -0.999465 0.0327163
    outer loop
      vertex 6.78753 1.7 13
      vertex 4.16714 1.69636 12.8888
      vertex 6.78838 1.69636 12.8888
    endloop
  endfacet
  facet normal 0 -0.973861 0.227144
    outer loop
      vertex -4.18757 1.64207 12.56
      vertex -6.79515 1.66733 12.6683
      vertex -6.80104 1.64207 12.56
    endloop
  endfacet
  facet normal 0 -0.973861 0.227144
    outer loop
      vertex -6.79515 1.66733 12.6683
      vertex -4.18757 1.64207 12.56
      vertex -4.17806 1.66733 12.6683
    endloop
  endfacet
  facet normal 0 -0.973861 0.227144
    outer loop
      vertex 4.18757 1.64207 12.56
      vertex 6.79515 1.66733 12.6683
      vertex 4.17806 1.66733 12.6683
    endloop
  endfacet
  facet normal 0 -0.973861 0.227144
    outer loop
      vertex 6.79515 1.66733 12.6683
      vertex 4.18757 1.64207 12.56
      vertex 6.80104 1.64207 12.56
    endloop
  endfacet
  facet normal 0 -0.290344 -0.956922
    outer loop
      vertex -4.47602 0.439992 14.6421
      vertex -6.97628 0.546447 14.6098
      vertex -4.46553 0.546447 14.6098
    endloop
  endfacet
  facet normal 0 -0.290344 -0.956922
    outer loop
      vertex -6.9856 0.439992 14.6421
      vertex -6.97628 0.546447 14.6098
      vertex -4.47602 0.439992 14.6421
    endloop
  endfacet
  facet normal -0.00974085 -0.289549 -0.957114
    outer loop
      vertex -6.97628 0.546447 14.6098
      vertex -6.9856 0.439992 14.6421
      vertex -6.98501 0.457822 14.6367
    endloop
  endfacet
  facet normal 0.00974085 -0.289549 -0.957114
    outer loop
      vertex 6.9856 0.439992 14.6421
      vertex 6.97628 0.546447 14.6098
      vertex 6.98501 0.457822 14.6367
    endloop
  endfacet
  facet normal 0 -0.290344 -0.956922
    outer loop
      vertex 4.47602 0.439992 14.6421
      vertex 6.97628 0.546447 14.6098
      vertex 6.9856 0.439992 14.6421
    endloop
  endfacet
  facet normal -0 -0.290344 -0.956922
    outer loop
      vertex 6.97628 0.546447 14.6098
      vertex 4.47602 0.439992 14.6421
      vertex 4.46553 0.546447 14.6098
    endloop
  endfacet
  facet normal 0 -0.352451 -0.93583
    outer loop
      vertex -4.4615 0.587367 14.5944
      vertex -6.96603 0.650561 14.5706
      vertex -4.45107 0.650561 14.5706
    endloop
  endfacet
  facet normal 6.4532e-06 -0.352227 -0.935915
    outer loop
      vertex -4.46553 0.546447 14.6098
      vertex -6.96603 0.650561 14.5706
      vertex -4.4615 0.587367 14.5944
    endloop
  endfacet
  facet normal 0 -0.352362 -0.935864
    outer loop
      vertex -6.96603 0.650561 14.5706
      vertex -4.46553 0.546447 14.6098
      vertex -6.97628 0.546447 14.6098
    endloop
  endfacet
  facet normal 0 -0.352362 -0.935864
    outer loop
      vertex 4.46553 0.546447 14.6098
      vertex 6.96603 0.650561 14.5706
      vertex 6.97628 0.546447 14.6098
    endloop
  endfacet
  facet normal -6.4532e-06 -0.352227 -0.935915
    outer loop
      vertex 4.4615 0.587367 14.5944
      vertex 6.96603 0.650561 14.5706
      vertex 4.46553 0.546447 14.6098
    endloop
  endfacet
  facet normal -0 -0.352451 -0.93583
    outer loop
      vertex 6.96603 0.650561 14.5706
      vertex 4.4615 0.587367 14.5944
      vertex 4.45107 0.650561 14.5706
    endloop
  endfacet
  facet normal 0 -0.163799 -0.986494
    outer loop
      vertex -4.49037 0.294313 14.6735
      vertex -6.98914 0.331653 14.6673
      vertex -4.48669 0.331653 14.6673
    endloop
  endfacet
  facet normal 5.00121e-06 -0.163473 -0.986548
    outer loop
      vertex -4.49274 0.221894 14.6855
      vertex -6.98914 0.331653 14.6673
      vertex -4.49037 0.294313 14.6735
    endloop
  endfacet
  facet normal 0 -0.163584 -0.986529
    outer loop
      vertex -6.98914 0.331653 14.6673
      vertex -4.49274 0.221894 14.6855
      vertex -6.99274 0.221894 14.6855
    endloop
  endfacet
  facet normal 0 -0.163584 -0.986529
    outer loop
      vertex 4.49274 0.221894 14.6855
      vertex 6.98914 0.331653 14.6673
      vertex 6.99274 0.221894 14.6855
    endloop
  endfacet
  facet normal -5.00121e-06 -0.163473 -0.986548
    outer loop
      vertex 4.49037 0.294313 14.6735
      vertex 6.98914 0.331653 14.6673
      vertex 4.49274 0.221894 14.6855
    endloop
  endfacet
  facet normal -0 -0.163799 -0.986494
    outer loop
      vertex 6.98914 0.331653 14.6673
      vertex 4.49037 0.294313 14.6735
      vertex 4.48669 0.331653 14.6673
    endloop
  endfacet
  facet normal 0 -0.0979826 -0.995188
    outer loop
      vertex -4.49636 0.111185 14.6964
      vertex -6.99274 0.221894 14.6855
      vertex -4.49274 0.221894 14.6855
    endloop
  endfacet
  facet normal 0 -0.0979826 -0.995188
    outer loop
      vertex -6.99274 0.221894 14.6855
      vertex -4.49636 0.111185 14.6964
      vertex -6.99636 0.111185 14.6964
    endloop
  endfacet
  facet normal 0 -0.0979826 -0.995188
    outer loop
      vertex 4.49636 0.111185 14.6964
      vertex 6.99274 0.221894 14.6855
      vertex 6.99636 0.111185 14.6964
    endloop
  endfacet
  facet normal -0 -0.0979826 -0.995188
    outer loop
      vertex 6.99274 0.221894 14.6855
      vertex 4.49636 0.111185 14.6964
      vertex 4.49274 0.221894 14.6855
    endloop
  endfacet
  facet normal 0 -0.528151 -0.84915
    outer loop
      vertex -4.41353 0.877906 14.4549
      vertex -6.93503 0.944468 14.4135
      vertex -4.39801 0.944468 14.4135
    endloop
  endfacet
  facet normal 4.6026e-05 -0.526894 -0.849931
    outer loop
      vertex -4.41814 0.849999 14.4722
      vertex -6.93503 0.944468 14.4135
      vertex -4.41353 0.877906 14.4549
    endloop
  endfacet
  facet normal 0 -0.527779 -0.849382
    outer loop
      vertex -6.94639 0.849999 14.4722
      vertex -6.93503 0.944468 14.4135
      vertex -4.41814 0.849999 14.4722
    endloop
  endfacet
  facet normal 0.0177341 -0.529233 -0.848291
    outer loop
      vertex -6.93503 0.944468 14.4135
      vertex -6.94639 0.849999 14.4722
      vertex -6.94011 0.913683 14.4326
    endloop
  endfacet
  facet normal -0.0177341 -0.529233 -0.848291
    outer loop
      vertex 6.94639 0.849999 14.4722
      vertex 6.93503 0.944468 14.4135
      vertex 6.94011 0.913683 14.4326
    endloop
  endfacet
  facet normal 0 -0.527779 -0.849382
    outer loop
      vertex 4.41814 0.849999 14.4722
      vertex 6.93503 0.944468 14.4135
      vertex 6.94639 0.849999 14.4722
    endloop
  endfacet
  facet normal -4.6026e-05 -0.526894 -0.849931
    outer loop
      vertex 4.41353 0.877906 14.4549
      vertex 6.93503 0.944468 14.4135
      vertex 4.41814 0.849999 14.4722
    endloop
  endfacet
  facet normal -0 -0.528151 -0.84915
    outer loop
      vertex 6.93503 0.944468 14.4135
      vertex 4.41353 0.877906 14.4549
      vertex 4.39801 0.944468 14.4135
    endloop
  endfacet
  facet normal 0 -0.471814 -0.881698
    outer loop
      vertex -4.43434 0.75189 14.5247
      vertex -6.94639 0.849999 14.4722
      vertex -4.41814 0.849999 14.4722
    endloop
  endfacet
  facet normal 0 -0.471814 -0.881698
    outer loop
      vertex -6.94639 0.849999 14.4722
      vertex -4.43434 0.75189 14.5247
      vertex -6.95605 0.75189 14.5247
    endloop
  endfacet
  facet normal 0 -0.471814 -0.881698
    outer loop
      vertex 4.43434 0.75189 14.5247
      vertex 6.94639 0.849999 14.4722
      vertex 6.95605 0.75189 14.5247
    endloop
  endfacet
  facet normal -0 -0.471814 -0.881698
    outer loop
      vertex 6.94639 0.849999 14.4722
      vertex 4.43434 0.75189 14.5247
      vertex 4.41814 0.849999 14.4722
    endloop
  endfacet
  facet normal 0 -0.634509 -0.772915
    outer loop
      vertex -4.37693 1.03489 14.3487
      vertex -6.9059 1.12089 14.2781
      vertex -4.35688 1.12089 14.2781
    endloop
  endfacet
  facet normal 0 -0.634509 -0.772915
    outer loop
      vertex -6.9059 1.12089 14.2781
      vertex -4.37693 1.03489 14.3487
      vertex -6.9201 1.03489 14.3487
    endloop
  endfacet
  facet normal 0 -0.634509 -0.772915
    outer loop
      vertex 4.37693 1.03489 14.3487
      vertex 6.9059 1.12089 14.2781
      vertex 6.9201 1.03489 14.3487
    endloop
  endfacet
  facet normal -0 -0.634509 -0.772915
    outer loop
      vertex 6.9059 1.12089 14.2781
      vertex 4.37693 1.03489 14.3487
      vertex 4.35688 1.12089 14.2781
    endloop
  endfacet
  facet normal 0 -0.956906 -0.290399
    outer loop
      vertex -6.80104 1.64207 13.44
      vertex -4.19972 1.60978 13.5464
      vertex -6.80857 1.60978 13.5464
    endloop
  endfacet
  facet normal 0 -0.956906 -0.290399
    outer loop
      vertex -4.19972 1.60978 13.5464
      vertex -6.80104 1.64207 13.44
      vertex -4.18757 1.64207 13.44
    endloop
  endfacet
  facet normal -0 -0.956906 -0.290399
    outer loop
      vertex 6.80104 1.64207 13.44
      vertex 4.19972 1.60978 13.5464
      vertex 4.18757 1.64207 13.44
    endloop
  endfacet
  facet normal 0 -0.956906 -0.290399
    outer loop
      vertex 4.19972 1.60978 13.5464
      vertex 6.80104 1.64207 13.44
      vertex 6.80857 1.60978 13.5464
    endloop
  endfacet
  facet normal 0 -0.995187 -0.0979904
    outer loop
      vertex -6.78838 1.69636 13.1112
      vertex -4.17124 1.68546 13.2219
      vertex -6.79092 1.68546 13.2219
    endloop
  endfacet
  facet normal 0 -0.995187 -0.0979904
    outer loop
      vertex -4.17124 1.68546 13.2219
      vertex -6.78838 1.69636 13.1112
      vertex -4.16714 1.69636 13.1112
    endloop
  endfacet
  facet normal -0 -0.995187 -0.0979904
    outer loop
      vertex 6.78838 1.69636 13.1112
      vertex 4.17124 1.68546 13.2219
      vertex 4.16714 1.69636 13.1112
    endloop
  endfacet
  facet normal 0 -0.995187 -0.0979904
    outer loop
      vertex 4.17124 1.68546 13.2219
      vertex 6.78838 1.69636 13.1112
      vertex 6.79092 1.68546 13.2219
    endloop
  endfacet
  facet normal 0 -0.881905 -0.471428
    outer loop
      vertex -6.82841 1.52468 13.7519
      vertex -4.25149 1.47224 13.85
      vertex -6.84064 1.47224 13.85
    endloop
  endfacet
  facet normal 0 -0.881905 -0.471428
    outer loop
      vertex -4.25149 1.47224 13.85
      vertex -6.82841 1.52468 13.7519
      vertex -4.23175 1.52468 13.7519
    endloop
  endfacet
  facet normal -0 -0.881905 -0.471428
    outer loop
      vertex 6.82841 1.52468 13.7519
      vertex 4.25149 1.47224 13.85
      vertex 4.23175 1.52468 13.7519
    endloop
  endfacet
  facet normal 0 -0.881905 -0.471428
    outer loop
      vertex 4.25149 1.47224 13.85
      vertex 6.82841 1.52468 13.7519
      vertex 6.84064 1.47224 13.85
    endloop
  endfacet
  facet normal 0 -0.773047 -0.634348
    outer loop
      vertex -6.86829 1.3487 14.0349
      vertex -4.31225 1.27813 14.1209
      vertex -6.87994 1.27813 14.1209
    endloop
  endfacet
  facet normal 0 -0.773047 -0.634348
    outer loop
      vertex -4.31225 1.27813 14.1209
      vertex -6.86829 1.3487 14.0349
      vertex -4.29084 1.3487 14.0349
    endloop
  endfacet
  facet normal -0 -0.773047 -0.634348
    outer loop
      vertex 6.86829 1.3487 14.0349
      vertex 4.31225 1.27813 14.1209
      vertex 4.29084 1.3487 14.0349
    endloop
  endfacet
  facet normal 0 -0.773047 -0.634348
    outer loop
      vertex 4.31225 1.27813 14.1209
      vertex 6.86829 1.3487 14.0349
      vertex 6.87994 1.27813 14.1209
    endloop
  endfacet
  facet normal -0.0125661 -0.811777 -0.583832
    outer loop
      vertex -6.85434 1.4135 13.9445
      vertex -6.86829 1.3487 14.0349
      vertex -6.8655 1.36563 14.0113
    endloop
  endfacet
  facet normal 0 -0.81276 -0.582598
    outer loop
      vertex -6.86829 1.3487 14.0349
      vertex -6.85434 1.4135 13.9445
      vertex -4.29084 1.3487 14.0349
    endloop
  endfacet
  facet normal 0 -0.81276 -0.582598
    outer loop
      vertex -4.29084 1.3487 14.0349
      vertex -6.85434 1.4135 13.9445
      vertex -4.27119 1.4135 13.9445
    endloop
  endfacet
  facet normal 0 -0.81276 -0.582598
    outer loop
      vertex 6.85434 1.4135 13.9445
      vertex 6.86829 1.3487 14.0349
      vertex 4.29084 1.3487 14.0349
    endloop
  endfacet
  facet normal -0 -0.81276 -0.582598
    outer loop
      vertex 6.85434 1.4135 13.9445
      vertex 4.29084 1.3487 14.0349
      vertex 4.27119 1.4135 13.9445
    endloop
  endfacet
  facet normal 0.0125661 -0.811777 -0.583832
    outer loop
      vertex 6.86829 1.3487 14.0349
      vertex 6.85434 1.4135 13.9445
      vertex 6.8655 1.36563 14.0113
    endloop
  endfacet
  facet normal 0 0.0323615 0.999476
    outer loop
      vertex -4.5 0 11.3
      vertex -6.99636 -0.111185 11.3036
      vertex -4.49636 -0.111185 11.3036
    endloop
  endfacet
  facet normal 0 0.0323615 0.999476
    outer loop
      vertex -6.99636 -0.111185 11.3036
      vertex -4.5 0 11.3
      vertex -7 0 11.3
    endloop
  endfacet
  facet normal -0 0.0323615 0.999476
    outer loop
      vertex 4.5 0 11.3
      vertex 6.99636 -0.111185 11.3036
      vertex 7 0 11.3
    endloop
  endfacet
  facet normal 0 0.0323615 0.999476
    outer loop
      vertex 6.99636 -0.111185 11.3036
      vertex 4.5 0 11.3
      vertex 4.49636 -0.111185 11.3036
    endloop
  endfacet
  facet normal 0 0.995187 0.0979904
    outer loop
      vertex -4.17124 -1.68546 12.7781
      vertex -6.78838 -1.69636 12.8888
      vertex -4.16714 -1.69636 12.8888
    endloop
  endfacet
  facet normal 0 0.995187 0.0979904
    outer loop
      vertex -6.78838 -1.69636 12.8888
      vertex -4.17124 -1.68546 12.7781
      vertex -6.79092 -1.68546 12.7781
    endloop
  endfacet
  facet normal -0 0.995187 0.0979904
    outer loop
      vertex 4.17124 -1.68546 12.7781
      vertex 6.78838 -1.69636 12.8888
      vertex 6.79092 -1.68546 12.7781
    endloop
  endfacet
  facet normal 0 0.995187 0.0979904
    outer loop
      vertex 6.78838 -1.69636 12.8888
      vertex 4.17124 -1.68546 12.7781
      vertex 4.16714 -1.69636 12.8888
    endloop
  endfacet
  facet normal 0 0.956906 0.290399
    outer loop
      vertex -4.19972 -1.60978 12.4536
      vertex -6.80104 -1.64207 12.56
      vertex -4.18757 -1.64207 12.56
    endloop
  endfacet
  facet normal 0 0.956906 0.290399
    outer loop
      vertex -6.80104 -1.64207 12.56
      vertex -4.19972 -1.60978 12.4536
      vertex -6.80857 -1.60978 12.4536
    endloop
  endfacet
  facet normal -0 0.956906 0.290399
    outer loop
      vertex 4.19972 -1.60978 12.4536
      vertex 6.80104 -1.64207 12.56
      vertex 6.80857 -1.60978 12.4536
    endloop
  endfacet
  facet normal 0 0.956906 0.290399
    outer loop
      vertex 6.80104 -1.64207 12.56
      vertex 4.19972 -1.60978 12.4536
      vertex 4.18757 -1.64207 12.56
    endloop
  endfacet
  facet normal 0 0.683389 0.730055
    outer loop
      vertex -4.34667 -1.16469 11.7629
      vertex -6.8925 -1.20208 11.7979
      vertex -4.33532 -1.20208 11.7979
    endloop
  endfacet
  facet normal 6.52482e-08 0.683386 0.730057
    outer loop
      vertex -4.35688 -1.12089 11.7219
      vertex -6.8925 -1.20208 11.7979
      vertex -4.34667 -1.16469 11.7629
    endloop
  endfacet
  facet normal 0 0.683388 0.730056
    outer loop
      vertex -6.8925 -1.20208 11.7979
      vertex -4.35688 -1.12089 11.7219
      vertex -6.9059 -1.12089 11.7219
    endloop
  endfacet
  facet normal -0 0.683388 0.730056
    outer loop
      vertex 4.35688 -1.12089 11.7219
      vertex 6.8925 -1.20208 11.7979
      vertex 6.9059 -1.12089 11.7219
    endloop
  endfacet
  facet normal -6.52482e-08 0.683386 0.730057
    outer loop
      vertex 4.34667 -1.16469 11.7629
      vertex 6.8925 -1.20208 11.7979
      vertex 4.35688 -1.12089 11.7219
    endloop
  endfacet
  facet normal 0 0.683389 0.730055
    outer loop
      vertex 6.8925 -1.20208 11.7979
      vertex 4.34667 -1.16469 11.7629
      vertex 4.33532 -1.20208 11.7979
    endloop
  endfacet
  facet normal 0 0.729873 0.683582
    outer loop
      vertex -4.33532 -1.20208 11.7979
      vertex -6.87994 -1.27813 11.8791
      vertex -4.31225 -1.27813 11.8791
    endloop
  endfacet
  facet normal 0 0.729873 0.683582
    outer loop
      vertex -6.87994 -1.27813 11.8791
      vertex -4.33532 -1.20208 11.7979
      vertex -6.8925 -1.20208 11.7979
    endloop
  endfacet
  facet normal -0 0.729873 0.683582
    outer loop
      vertex 4.33532 -1.20208 11.7979
      vertex 6.87994 -1.27813 11.8791
      vertex 6.8925 -1.20208 11.7979
    endloop
  endfacet
  facet normal 0 0.729873 0.683582
    outer loop
      vertex 6.87994 -1.27813 11.8791
      vertex 4.33532 -1.20208 11.7979
      vertex 4.31225 -1.27813 11.8791
    endloop
  endfacet
  facet normal 0 0.849057 0.528302
    outer loop
      vertex -4.26118 -1.44648 12.1086
      vertex -6.84064 -1.47224 12.15
      vertex -4.25149 -1.47224 12.15
    endloop
  endfacet
  facet normal -1.53593e-05 0.849486 0.527612
    outer loop
      vertex -4.27119 -1.4135 12.0555
      vertex -6.84064 -1.47224 12.15
      vertex -4.26118 -1.44648 12.1086
    endloop
  endfacet
  facet normal 0 0.849298 0.527913
    outer loop
      vertex -6.84064 -1.47224 12.15
      vertex -4.27119 -1.4135 12.0555
      vertex -6.85434 -1.4135 12.0555
    endloop
  endfacet
  facet normal 0 0.849057 0.528302
    outer loop
      vertex 6.84064 -1.47224 12.15
      vertex 4.26118 -1.44648 12.1086
      vertex 4.25149 -1.47224 12.15
    endloop
  endfacet
  facet normal -0 0.849298 0.527913
    outer loop
      vertex 4.27119 -1.4135 12.0555
      vertex 6.84064 -1.47224 12.15
      vertex 6.85434 -1.4135 12.0555
    endloop
  endfacet
  facet normal 1.53593e-05 0.849486 0.527612
    outer loop
      vertex 6.84064 -1.47224 12.15
      vertex 4.27119 -1.4135 12.0555
      vertex 4.26118 -1.44648 12.1086
    endloop
  endfacet
  facet normal 0 0.910825 0.412793
    outer loop
      vertex -4.23175 -1.52468 12.2481
      vertex -6.81771 -1.57059 12.3494
      vertex -4.21447 -1.57059 12.3494
    endloop
  endfacet
  facet normal 0 0.910825 0.412793
    outer loop
      vertex -6.81771 -1.57059 12.3494
      vertex -4.23175 -1.52468 12.2481
      vertex -6.82841 -1.52468 12.2481
    endloop
  endfacet
  facet normal -0 0.910825 0.412793
    outer loop
      vertex 4.23175 -1.52468 12.2481
      vertex 6.81771 -1.57059 12.3494
      vertex 6.82841 -1.52468 12.2481
    endloop
  endfacet
  facet normal 0 0.910825 0.412793
    outer loop
      vertex 6.81771 -1.57059 12.3494
      vertex 4.23175 -1.52468 12.2481
      vertex 4.21447 -1.57059 12.3494
    endloop
  endfacet
  facet normal 0 0.956906 -0.290399
    outer loop
      vertex -6.80104 -1.64207 13.44
      vertex -4.19972 -1.60978 13.5464
      vertex -4.18757 -1.64207 13.44
    endloop
  endfacet
  facet normal 0 0.956906 -0.290399
    outer loop
      vertex -4.19972 -1.60978 13.5464
      vertex -6.80104 -1.64207 13.44
      vertex -6.80857 -1.60978 13.5464
    endloop
  endfacet
  facet normal 0 0.956906 -0.290399
    outer loop
      vertex 6.80104 -1.64207 13.44
      vertex 4.19972 -1.60978 13.5464
      vertex 6.80857 -1.60978 13.5464
    endloop
  endfacet
  facet normal 0 0.956906 -0.290399
    outer loop
      vertex 4.19972 -1.60978 13.5464
      vertex 6.80104 -1.64207 13.44
      vertex 4.18757 -1.64207 13.44
    endloop
  endfacet
  facet normal 0 0.935989 -0.352029
    outer loop
      vertex -6.80857 -1.60978 13.5464
      vertex -4.21447 -1.57059 13.6506
      vertex -4.19972 -1.60978 13.5464
    endloop
  endfacet
  facet normal 0 0.935989 -0.352029
    outer loop
      vertex -4.21447 -1.57059 13.6506
      vertex -6.80857 -1.60978 13.5464
      vertex -6.81771 -1.57059 13.6506
    endloop
  endfacet
  facet normal 0 0.935989 -0.352029
    outer loop
      vertex 6.80857 -1.60978 13.5464
      vertex 4.21447 -1.57059 13.6506
      vertex 6.81771 -1.57059 13.6506
    endloop
  endfacet
  facet normal 0 0.935989 -0.352029
    outer loop
      vertex 4.21447 -1.57059 13.6506
      vertex 6.80857 -1.60978 13.5464
      vertex 4.19972 -1.60978 13.5464
    endloop
  endfacet
  facet normal 0 0.986641 -0.162913
    outer loop
      vertex -6.79092 -1.68546 13.2219
      vertex -4.17806 -1.66733 13.3317
      vertex -4.17124 -1.68546 13.2219
    endloop
  endfacet
  facet normal 0 0.986641 -0.162913
    outer loop
      vertex -4.17806 -1.66733 13.3317
      vertex -6.79092 -1.68546 13.2219
      vertex -6.79515 -1.66733 13.3317
    endloop
  endfacet
  facet normal 0 0.986641 -0.162913
    outer loop
      vertex 6.79092 -1.68546 13.2219
      vertex 4.17806 -1.66733 13.3317
      vertex 6.79515 -1.66733 13.3317
    endloop
  endfacet
  facet normal 0 0.986641 -0.162913
    outer loop
      vertex 4.17806 -1.66733 13.3317
      vertex 6.79092 -1.68546 13.2219
      vertex 4.17124 -1.68546 13.2219
    endloop
  endfacet
  facet normal 0 0.995187 -0.0979904
    outer loop
      vertex -6.78838 -1.69636 13.1112
      vertex -4.17124 -1.68546 13.2219
      vertex -4.16714 -1.69636 13.1112
    endloop
  endfacet
  facet normal 0 0.995187 -0.0979904
    outer loop
      vertex -4.17124 -1.68546 13.2219
      vertex -6.78838 -1.69636 13.1112
      vertex -6.79092 -1.68546 13.2219
    endloop
  endfacet
  facet normal 0 0.995187 -0.0979904
    outer loop
      vertex 6.78838 -1.69636 13.1112
      vertex 4.17124 -1.68546 13.2219
      vertex 6.79092 -1.68546 13.2219
    endloop
  endfacet
  facet normal 0 0.995187 -0.0979904
    outer loop
      vertex 4.17124 -1.68546 13.2219
      vertex 6.78838 -1.69636 13.1112
      vertex 4.16714 -1.69636 13.1112
    endloop
  endfacet
  facet normal -1.53593e-05 0.849486 -0.527612
    outer loop
      vertex -6.84064 -1.47224 13.85
      vertex -4.27119 -1.4135 13.9445
      vertex -4.26118 -1.44648 13.8914
    endloop
  endfacet
  facet normal 0 0.849057 -0.528302
    outer loop
      vertex -6.84064 -1.47224 13.85
      vertex -4.26118 -1.44648 13.8914
      vertex -4.25149 -1.47224 13.85
    endloop
  endfacet
  facet normal 0 0.849298 -0.527913
    outer loop
      vertex -4.27119 -1.4135 13.9445
      vertex -6.84064 -1.47224 13.85
      vertex -6.85434 -1.4135 13.9445
    endloop
  endfacet
  facet normal 0 0.849298 -0.527913
    outer loop
      vertex 6.84064 -1.47224 13.85
      vertex 4.27119 -1.4135 13.9445
      vertex 6.85434 -1.4135 13.9445
    endloop
  endfacet
  facet normal 1.53593e-05 0.849486 -0.527612
    outer loop
      vertex 4.27119 -1.4135 13.9445
      vertex 6.84064 -1.47224 13.85
      vertex 4.26118 -1.44648 13.8914
    endloop
  endfacet
  facet normal 0 0.849057 -0.528302
    outer loop
      vertex 4.26118 -1.44648 13.8914
      vertex 6.84064 -1.47224 13.85
      vertex 4.25149 -1.47224 13.85
    endloop
  endfacet
  facet normal 0 0.881905 -0.471428
    outer loop
      vertex -6.82841 -1.52468 13.7519
      vertex -4.25149 -1.47224 13.85
      vertex -4.23175 -1.52468 13.7519
    endloop
  endfacet
  facet normal 0 0.881905 -0.471428
    outer loop
      vertex -4.25149 -1.47224 13.85
      vertex -6.82841 -1.52468 13.7519
      vertex -6.84064 -1.47224 13.85
    endloop
  endfacet
  facet normal 0 0.881905 -0.471428
    outer loop
      vertex 6.82841 -1.52468 13.7519
      vertex 4.25149 -1.47224 13.85
      vertex 6.84064 -1.47224 13.85
    endloop
  endfacet
  facet normal 0 0.881905 -0.471428
    outer loop
      vertex 4.25149 -1.47224 13.85
      vertex 6.82841 -1.52468 13.7519
      vertex 4.23175 -1.52468 13.7519
    endloop
  endfacet
  facet normal 0 0.773047 -0.634348
    outer loop
      vertex -6.86829 -1.3487 14.0349
      vertex -4.31225 -1.27813 14.1209
      vertex -4.29084 -1.3487 14.0349
    endloop
  endfacet
  facet normal 0 0.773047 -0.634348
    outer loop
      vertex -4.31225 -1.27813 14.1209
      vertex -6.86829 -1.3487 14.0349
      vertex -6.87994 -1.27813 14.1209
    endloop
  endfacet
  facet normal 0 0.773047 -0.634348
    outer loop
      vertex 6.86829 -1.3487 14.0349
      vertex 4.31225 -1.27813 14.1209
      vertex 6.87994 -1.27813 14.1209
    endloop
  endfacet
  facet normal 0 0.773047 -0.634348
    outer loop
      vertex 4.31225 -1.27813 14.1209
      vertex 6.86829 -1.3487 14.0349
      vertex 4.29084 -1.3487 14.0349
    endloop
  endfacet
  facet normal 0 0.290344 -0.956922
    outer loop
      vertex -6.97628 -0.546447 14.6098
      vertex -4.47602 -0.439992 14.6421
      vertex -4.46553 -0.546447 14.6098
    endloop
  endfacet
  facet normal -0.00974085 0.289549 -0.957114
    outer loop
      vertex -6.9856 -0.439992 14.6421
      vertex -6.97628 -0.546447 14.6098
      vertex -6.98501 -0.457822 14.6367
    endloop
  endfacet
  facet normal 0 0.290344 -0.956922
    outer loop
      vertex -6.97628 -0.546447 14.6098
      vertex -6.9856 -0.439992 14.6421
      vertex -4.47602 -0.439992 14.6421
    endloop
  endfacet
  facet normal 0.00974085 0.289549 -0.957114
    outer loop
      vertex 6.97628 -0.546447 14.6098
      vertex 6.9856 -0.439992 14.6421
      vertex 6.98501 -0.457822 14.6367
    endloop
  endfacet
  facet normal 0 0.290344 -0.956922
    outer loop
      vertex 6.97628 -0.546447 14.6098
      vertex 4.47602 -0.439992 14.6421
      vertex 6.9856 -0.439992 14.6421
    endloop
  endfacet
  facet normal 0 0.290344 -0.956922
    outer loop
      vertex 4.47602 -0.439992 14.6421
      vertex 6.97628 -0.546447 14.6098
      vertex 4.46553 -0.546447 14.6098
    endloop
  endfacet
  facet normal 0 0.0979826 -0.995188
    outer loop
      vertex -6.99274 -0.221894 14.6855
      vertex -4.49636 -0.111185 14.6964
      vertex -4.49274 -0.221894 14.6855
    endloop
  endfacet
  facet normal 0 0.0979826 -0.995188
    outer loop
      vertex -4.49636 -0.111185 14.6964
      vertex -6.99274 -0.221894 14.6855
      vertex -6.99636 -0.111185 14.6964
    endloop
  endfacet
  facet normal 0 0.0979826 -0.995188
    outer loop
      vertex 6.99274 -0.221894 14.6855
      vertex 4.49636 -0.111185 14.6964
      vertex 6.99636 -0.111185 14.6964
    endloop
  endfacet
  facet normal 0 0.0979826 -0.995188
    outer loop
      vertex 4.49636 -0.111185 14.6964
      vertex 6.99274 -0.221894 14.6855
      vertex 4.49274 -0.221894 14.6855
    endloop
  endfacet
  facet normal 0 0.471814 -0.881698
    outer loop
      vertex -6.94639 -0.849999 14.4722
      vertex -4.43434 -0.75189 14.5247
      vertex -4.41814 -0.849999 14.4722
    endloop
  endfacet
  facet normal 0 0.471814 -0.881698
    outer loop
      vertex -4.43434 -0.75189 14.5247
      vertex -6.94639 -0.849999 14.4722
      vertex -6.95605 -0.75189 14.5247
    endloop
  endfacet
  facet normal 0 0.471814 -0.881698
    outer loop
      vertex 6.94639 -0.849999 14.4722
      vertex 4.43434 -0.75189 14.5247
      vertex 6.95605 -0.75189 14.5247
    endloop
  endfacet
  facet normal 0 0.471814 -0.881698
    outer loop
      vertex 4.43434 -0.75189 14.5247
      vertex 6.94639 -0.849999 14.4722
      vertex 4.41814 -0.849999 14.4722
    endloop
  endfacet
  facet normal 0 0.634509 -0.772915
    outer loop
      vertex -6.9059 -1.12089 14.2781
      vertex -4.37693 -1.03489 14.3487
      vertex -4.35688 -1.12089 14.2781
    endloop
  endfacet
  facet normal 0 0.634509 -0.772915
    outer loop
      vertex -4.37693 -1.03489 14.3487
      vertex -6.9059 -1.12089 14.2781
      vertex -6.9201 -1.03489 14.3487
    endloop
  endfacet
  facet normal 0 0.634509 -0.772915
    outer loop
      vertex 6.9059 -1.12089 14.2781
      vertex 4.37693 -1.03489 14.3487
      vertex 6.9201 -1.03489 14.3487
    endloop
  endfacet
  facet normal 0 0.634509 -0.772915
    outer loop
      vertex 4.37693 -1.03489 14.3487
      vertex 6.9059 -1.12089 14.2781
      vertex 4.35688 -1.12089 14.2781
    endloop
  endfacet
  facet normal 0 0.582504 -0.812827
    outer loop
      vertex -6.9201 -1.03489 14.3487
      vertex -4.39801 -0.944468 14.4135
      vertex -4.37693 -1.03489 14.3487
    endloop
  endfacet
  facet normal 0 0.582504 -0.812827
    outer loop
      vertex -4.39801 -0.944468 14.4135
      vertex -6.9201 -1.03489 14.3487
      vertex -6.93503 -0.944468 14.4135
    endloop
  endfacet
  facet normal 0 0.582504 -0.812827
    outer loop
      vertex 6.9201 -1.03489 14.3487
      vertex 4.39801 -0.944468 14.4135
      vertex 6.93503 -0.944468 14.4135
    endloop
  endfacet
  facet normal 0 0.582504 -0.812827
    outer loop
      vertex 4.39801 -0.944468 14.4135
      vertex 6.9201 -1.03489 14.3487
      vertex 4.37693 -1.03489 14.3487
    endloop
  endfacet
  facet normal 0 -0.163799 0.986494
    outer loop
      vertex -6.98914 0.331653 11.3327
      vertex -4.49037 0.294313 11.3265
      vertex -4.48669 0.331653 11.3327
    endloop
  endfacet
  facet normal 5.00121e-06 -0.163473 0.986548
    outer loop
      vertex -6.98914 0.331653 11.3327
      vertex -4.49274 0.221894 11.3145
      vertex -4.49037 0.294313 11.3265
    endloop
  endfacet
  facet normal 0 -0.163584 0.986529
    outer loop
      vertex -4.49274 0.221894 11.3145
      vertex -6.98914 0.331653 11.3327
      vertex -6.99274 0.221894 11.3145
    endloop
  endfacet
  facet normal 0 -0.163584 0.986529
    outer loop
      vertex 6.98914 0.331653 11.3327
      vertex 4.49274 0.221894 11.3145
      vertex 6.99274 0.221894 11.3145
    endloop
  endfacet
  facet normal -5.00121e-06 -0.163473 0.986548
    outer loop
      vertex 6.98914 0.331653 11.3327
      vertex 4.49037 0.294313 11.3265
      vertex 4.49274 0.221894 11.3145
    endloop
  endfacet
  facet normal 0 -0.163799 0.986494
    outer loop
      vertex 4.49037 0.294313 11.3265
      vertex 6.98914 0.331653 11.3327
      vertex 4.48669 0.331653 11.3327
    endloop
  endfacet
  facet normal 0 -0.352451 0.93583
    outer loop
      vertex -6.96603 0.650561 11.4294
      vertex -4.4615 0.587367 11.4056
      vertex -4.45107 0.650561 11.4294
    endloop
  endfacet
  facet normal 6.4532e-06 -0.352227 0.935915
    outer loop
      vertex -6.96603 0.650561 11.4294
      vertex -4.46553 0.546447 11.3902
      vertex -4.4615 0.587367 11.4056
    endloop
  endfacet
  facet normal 0 -0.352362 0.935864
    outer loop
      vertex -4.46553 0.546447 11.3902
      vertex -6.96603 0.650561 11.4294
      vertex -6.97628 0.546447 11.3902
    endloop
  endfacet
  facet normal 0 -0.352362 0.935864
    outer loop
      vertex 6.96603 0.650561 11.4294
      vertex 4.46553 0.546447 11.3902
      vertex 6.97628 0.546447 11.3902
    endloop
  endfacet
  facet normal -6.4532e-06 -0.352227 0.935915
    outer loop
      vertex 6.96603 0.650561 11.4294
      vertex 4.4615 0.587367 11.4056
      vertex 4.46553 0.546447 11.3902
    endloop
  endfacet
  facet normal 0 -0.352451 0.93583
    outer loop
      vertex 4.4615 0.587367 11.4056
      vertex 6.96603 0.650561 11.4294
      vertex 4.45107 0.650561 11.4294
    endloop
  endfacet
  facet normal 0 -0.528151 0.84915
    outer loop
      vertex -6.93503 0.944468 11.5865
      vertex -4.41353 0.877906 11.5451
      vertex -4.39801 0.944468 11.5865
    endloop
  endfacet
  facet normal 4.6026e-05 -0.526894 0.849931
    outer loop
      vertex -6.93503 0.944468 11.5865
      vertex -4.41814 0.849999 11.5278
      vertex -4.41353 0.877906 11.5451
    endloop
  endfacet
  facet normal 0.0177341 -0.529233 0.848291
    outer loop
      vertex -6.94639 0.849999 11.5278
      vertex -6.93503 0.944468 11.5865
      vertex -6.94011 0.913683 11.5674
    endloop
  endfacet
  facet normal 0 -0.527779 0.849382
    outer loop
      vertex -6.93503 0.944468 11.5865
      vertex -6.94639 0.849999 11.5278
      vertex -4.41814 0.849999 11.5278
    endloop
  endfacet
  facet normal -0.0177341 -0.529233 0.848291
    outer loop
      vertex 6.93503 0.944468 11.5865
      vertex 6.94639 0.849999 11.5278
      vertex 6.94011 0.913683 11.5674
    endloop
  endfacet
  facet normal 0 -0.527779 0.849382
    outer loop
      vertex 6.93503 0.944468 11.5865
      vertex 4.41814 0.849999 11.5278
      vertex 6.94639 0.849999 11.5278
    endloop
  endfacet
  facet normal -4.6026e-05 -0.526894 0.849931
    outer loop
      vertex 6.93503 0.944468 11.5865
      vertex 4.41353 0.877906 11.5451
      vertex 4.41814 0.849999 11.5278
    endloop
  endfacet
  facet normal 0 -0.528151 0.84915
    outer loop
      vertex 4.41353 0.877906 11.5451
      vertex 6.93503 0.944468 11.5865
      vertex 4.39801 0.944468 11.5865
    endloop
  endfacet
  facet normal 0 -0.881905 0.471428
    outer loop
      vertex -4.25149 1.47224 12.15
      vertex -6.82841 1.52468 12.2481
      vertex -6.84064 1.47224 12.15
    endloop
  endfacet
  facet normal 0 -0.881905 0.471428
    outer loop
      vertex -6.82841 1.52468 12.2481
      vertex -4.25149 1.47224 12.15
      vertex -4.23175 1.52468 12.2481
    endloop
  endfacet
  facet normal 0 -0.881905 0.471428
    outer loop
      vertex 4.25149 1.47224 12.15
      vertex 6.82841 1.52468 12.2481
      vertex 4.23175 1.52468 12.2481
    endloop
  endfacet
  facet normal 0 -0.881905 0.471428
    outer loop
      vertex 6.82841 1.52468 12.2481
      vertex 4.25149 1.47224 12.15
      vertex 6.84064 1.47224 12.15
    endloop
  endfacet
  facet normal 0 -0.995187 0.0979904
    outer loop
      vertex -4.17124 1.68546 12.7781
      vertex -6.78838 1.69636 12.8888
      vertex -6.79092 1.68546 12.7781
    endloop
  endfacet
  facet normal 0 -0.995187 0.0979904
    outer loop
      vertex -6.78838 1.69636 12.8888
      vertex -4.17124 1.68546 12.7781
      vertex -4.16714 1.69636 12.8888
    endloop
  endfacet
  facet normal 0 -0.995187 0.0979904
    outer loop
      vertex 4.17124 1.68546 12.7781
      vertex 6.78838 1.69636 12.8888
      vertex 4.16714 1.69636 12.8888
    endloop
  endfacet
  facet normal 0 -0.995187 0.0979904
    outer loop
      vertex 6.78838 1.69636 12.8888
      vertex 4.17124 1.68546 12.7781
      vertex 6.79092 1.68546 12.7781
    endloop
  endfacet
  facet normal 0 -0.956906 0.290399
    outer loop
      vertex -4.19972 1.60978 12.4536
      vertex -6.80104 1.64207 12.56
      vertex -6.80857 1.60978 12.4536
    endloop
  endfacet
  facet normal 0 -0.956906 0.290399
    outer loop
      vertex -6.80104 1.64207 12.56
      vertex -4.19972 1.60978 12.4536
      vertex -4.18757 1.64207 12.56
    endloop
  endfacet
  facet normal 0 -0.956906 0.290399
    outer loop
      vertex 4.19972 1.60978 12.4536
      vertex 6.80104 1.64207 12.56
      vertex 4.18757 1.64207 12.56
    endloop
  endfacet
  facet normal 0 -0.956906 0.290399
    outer loop
      vertex 6.80104 1.64207 12.56
      vertex 4.19972 1.60978 12.4536
      vertex 6.80857 1.60978 12.4536
    endloop
  endfacet
  facet normal 0 0.226555 0.973998
    outer loop
      vertex -4.48669 -0.331653 11.3327
      vertex -6.9856 -0.439992 11.3579
      vertex -4.47602 -0.439992 11.3579
    endloop
  endfacet
  facet normal 0 0.226555 0.973998
    outer loop
      vertex -6.9856 -0.439992 11.3579
      vertex -4.48669 -0.331653 11.3327
      vertex -6.98914 -0.331653 11.3327
    endloop
  endfacet
  facet normal -0 0.226555 0.973998
    outer loop
      vertex 4.48669 -0.331653 11.3327
      vertex 6.9856 -0.439992 11.3579
      vertex 6.98914 -0.331653 11.3327
    endloop
  endfacet
  facet normal 0 0.226555 0.973998
    outer loop
      vertex 6.9856 -0.439992 11.3579
      vertex 4.48669 -0.331653 11.3327
      vertex 4.47602 -0.439992 11.3579
    endloop
  endfacet
  facet normal 0 0.412621 0.910903
    outer loop
      vertex -4.45107 -0.650561 11.4294
      vertex -6.95605 -0.75189 11.4753
      vertex -4.43434 -0.75189 11.4753
    endloop
  endfacet
  facet normal 0 0.412621 0.910903
    outer loop
      vertex -6.95605 -0.75189 11.4753
      vertex -4.45107 -0.650561 11.4294
      vertex -6.96603 -0.650561 11.4294
    endloop
  endfacet
  facet normal -0 0.412621 0.910903
    outer loop
      vertex 4.45107 -0.650561 11.4294
      vertex 6.95605 -0.75189 11.4753
      vertex 6.96603 -0.650561 11.4294
    endloop
  endfacet
  facet normal 0 0.412621 0.910903
    outer loop
      vertex 6.95605 -0.75189 11.4753
      vertex 4.45107 -0.650561 11.4294
      vertex 4.43434 -0.75189 11.4753
    endloop
  endfacet
  facet normal 0 0.986641 0.162913
    outer loop
      vertex -4.17806 -1.66733 12.6683
      vertex -6.79092 -1.68546 12.7781
      vertex -4.17124 -1.68546 12.7781
    endloop
  endfacet
  facet normal 0 0.986641 0.162913
    outer loop
      vertex -6.79092 -1.68546 12.7781
      vertex -4.17806 -1.66733 12.6683
      vertex -6.79515 -1.66733 12.6683
    endloop
  endfacet
  facet normal -0 0.986641 0.162913
    outer loop
      vertex 4.17806 -1.66733 12.6683
      vertex 6.79092 -1.68546 12.7781
      vertex 6.79515 -1.66733 12.6683
    endloop
  endfacet
  facet normal 0 0.986641 0.162913
    outer loop
      vertex 6.79092 -1.68546 12.7781
      vertex 4.17806 -1.66733 12.6683
      vertex 4.17124 -1.68546 12.7781
    endloop
  endfacet
  facet normal 0 0.935989 0.352029
    outer loop
      vertex -4.21447 -1.57059 12.3494
      vertex -6.80857 -1.60978 12.4536
      vertex -4.19972 -1.60978 12.4536
    endloop
  endfacet
  facet normal 0 0.935989 0.352029
    outer loop
      vertex -6.80857 -1.60978 12.4536
      vertex -4.21447 -1.57059 12.3494
      vertex -6.81771 -1.57059 12.3494
    endloop
  endfacet
  facet normal -0 0.935989 0.352029
    outer loop
      vertex 4.21447 -1.57059 12.3494
      vertex 6.80857 -1.60978 12.4536
      vertex 6.81771 -1.57059 12.3494
    endloop
  endfacet
  facet normal 0 0.935989 0.352029
    outer loop
      vertex 6.80857 -1.60978 12.4536
      vertex 4.21447 -1.57059 12.3494
      vertex 4.19972 -1.60978 12.4536
    endloop
  endfacet
  facet normal 0 0.81276 0.582598
    outer loop
      vertex -4.29084 -1.3487 11.9651
      vertex -6.85434 -1.4135 12.0555
      vertex -4.27119 -1.4135 12.0555
    endloop
  endfacet
  facet normal -0 0.81276 0.582598
    outer loop
      vertex -6.86829 -1.3487 11.9651
      vertex -6.85434 -1.4135 12.0555
      vertex -4.29084 -1.3487 11.9651
    endloop
  endfacet
  facet normal -0.0125661 0.811777 0.583832
    outer loop
      vertex -6.85434 -1.4135 12.0555
      vertex -6.86829 -1.3487 11.9651
      vertex -6.8655 -1.36563 11.9887
    endloop
  endfacet
  facet normal 0.0125661 0.811777 0.583832
    outer loop
      vertex 6.86829 -1.3487 11.9651
      vertex 6.85434 -1.4135 12.0555
      vertex 6.8655 -1.36563 11.9887
    endloop
  endfacet
  facet normal 0 0.81276 0.582598
    outer loop
      vertex 6.85434 -1.4135 12.0555
      vertex 6.86829 -1.3487 11.9651
      vertex 4.29084 -1.3487 11.9651
    endloop
  endfacet
  facet normal 0 0.81276 0.582598
    outer loop
      vertex 6.85434 -1.4135 12.0555
      vertex 4.29084 -1.3487 11.9651
      vertex 4.27119 -1.4135 12.0555
    endloop
  endfacet
  facet normal 0 0.881905 0.471428
    outer loop
      vertex -4.25149 -1.47224 12.15
      vertex -6.82841 -1.52468 12.2481
      vertex -4.23175 -1.52468 12.2481
    endloop
  endfacet
  facet normal 0 0.881905 0.471428
    outer loop
      vertex -6.82841 -1.52468 12.2481
      vertex -4.25149 -1.47224 12.15
      vertex -6.84064 -1.47224 12.15
    endloop
  endfacet
  facet normal -0 0.881905 0.471428
    outer loop
      vertex 4.25149 -1.47224 12.15
      vertex 6.82841 -1.52468 12.2481
      vertex 6.84064 -1.47224 12.15
    endloop
  endfacet
  facet normal 0 0.881905 0.471428
    outer loop
      vertex 6.82841 -1.52468 12.2481
      vertex 4.25149 -1.47224 12.15
      vertex 4.23175 -1.52468 12.2481
    endloop
  endfacet
  facet normal 0 0.163799 0.986494
    outer loop
      vertex -4.49037 -0.294313 11.3265
      vertex -6.98914 -0.331653 11.3327
      vertex -4.48669 -0.331653 11.3327
    endloop
  endfacet
  facet normal 5.00121e-06 0.163473 0.986548
    outer loop
      vertex -4.49274 -0.221894 11.3145
      vertex -6.98914 -0.331653 11.3327
      vertex -4.49037 -0.294313 11.3265
    endloop
  endfacet
  facet normal 0 0.163584 0.986529
    outer loop
      vertex -6.98914 -0.331653 11.3327
      vertex -4.49274 -0.221894 11.3145
      vertex -6.99274 -0.221894 11.3145
    endloop
  endfacet
  facet normal -0 0.163584 0.986529
    outer loop
      vertex 4.49274 -0.221894 11.3145
      vertex 6.98914 -0.331653 11.3327
      vertex 6.99274 -0.221894 11.3145
    endloop
  endfacet
  facet normal -5.00121e-06 0.163473 0.986548
    outer loop
      vertex 4.49037 -0.294313 11.3265
      vertex 6.98914 -0.331653 11.3327
      vertex 4.49274 -0.221894 11.3145
    endloop
  endfacet
  facet normal 0 0.163799 0.986494
    outer loop
      vertex 6.98914 -0.331653 11.3327
      vertex 4.49037 -0.294313 11.3265
      vertex 4.48669 -0.331653 11.3327
    endloop
  endfacet
  facet normal 0 0.582504 0.812827
    outer loop
      vertex -4.39801 -0.944468 11.5865
      vertex -6.9201 -1.03489 11.6513
      vertex -4.37693 -1.03489 11.6513
    endloop
  endfacet
  facet normal 0 0.582504 0.812827
    outer loop
      vertex -6.9201 -1.03489 11.6513
      vertex -4.39801 -0.944468 11.5865
      vertex -6.93503 -0.944468 11.5865
    endloop
  endfacet
  facet normal -0 0.582504 0.812827
    outer loop
      vertex 4.39801 -0.944468 11.5865
      vertex 6.9201 -1.03489 11.6513
      vertex 6.93503 -0.944468 11.5865
    endloop
  endfacet
  facet normal 0 0.582504 0.812827
    outer loop
      vertex 6.9201 -1.03489 11.6513
      vertex 4.39801 -0.944468 11.5865
      vertex 4.37693 -1.03489 11.6513
    endloop
  endfacet
  facet normal 0 0.471814 0.881698
    outer loop
      vertex -4.43434 -0.75189 11.4753
      vertex -6.94639 -0.849999 11.5278
      vertex -4.41814 -0.849999 11.5278
    endloop
  endfacet
  facet normal 0 0.471814 0.881698
    outer loop
      vertex -6.94639 -0.849999 11.5278
      vertex -4.43434 -0.75189 11.4753
      vertex -6.95605 -0.75189 11.4753
    endloop
  endfacet
  facet normal -0 0.471814 0.881698
    outer loop
      vertex 4.43434 -0.75189 11.4753
      vertex 6.94639 -0.849999 11.5278
      vertex 6.95605 -0.75189 11.4753
    endloop
  endfacet
  facet normal 0 0.471814 0.881698
    outer loop
      vertex 6.94639 -0.849999 11.5278
      vertex 4.43434 -0.75189 11.4753
      vertex 4.41814 -0.849999 11.5278
    endloop
  endfacet
  facet normal 0 0.528151 0.84915
    outer loop
      vertex -4.41353 -0.877906 11.5451
      vertex -6.93503 -0.944468 11.5865
      vertex -4.39801 -0.944468 11.5865
    endloop
  endfacet
  facet normal 4.6026e-05 0.526894 0.849931
    outer loop
      vertex -4.41814 -0.849999 11.5278
      vertex -6.93503 -0.944468 11.5865
      vertex -4.41353 -0.877906 11.5451
    endloop
  endfacet
  facet normal -0 0.527779 0.849382
    outer loop
      vertex -6.94639 -0.849999 11.5278
      vertex -6.93503 -0.944468 11.5865
      vertex -4.41814 -0.849999 11.5278
    endloop
  endfacet
  facet normal 0.0177341 0.529233 0.848291
    outer loop
      vertex -6.93503 -0.944468 11.5865
      vertex -6.94639 -0.849999 11.5278
      vertex -6.94011 -0.913683 11.5674
    endloop
  endfacet
  facet normal -0.0177341 0.529233 0.848291
    outer loop
      vertex 6.94639 -0.849999 11.5278
      vertex 6.93503 -0.944468 11.5865
      vertex 6.94011 -0.913683 11.5674
    endloop
  endfacet
  facet normal -0 0.527779 0.849382
    outer loop
      vertex 4.41814 -0.849999 11.5278
      vertex 6.93503 -0.944468 11.5865
      vertex 6.94639 -0.849999 11.5278
    endloop
  endfacet
  facet normal -4.6026e-05 0.526894 0.849931
    outer loop
      vertex 4.41353 -0.877906 11.5451
      vertex 6.93503 -0.944468 11.5865
      vertex 4.41814 -0.849999 11.5278
    endloop
  endfacet
  facet normal 0 0.528151 0.84915
    outer loop
      vertex 6.93503 -0.944468 11.5865
      vertex 4.41353 -0.877906 11.5451
      vertex 4.39801 -0.944468 11.5865
    endloop
  endfacet
  facet normal 0 -0.773047 0.634348
    outer loop
      vertex -4.31225 1.27813 18.8791
      vertex -6.86829 1.3487 18.9651
      vertex -6.87994 1.27813 18.8791
    endloop
  endfacet
  facet normal 0 -0.773047 0.634348
    outer loop
      vertex -6.86829 1.3487 18.9651
      vertex -4.31225 1.27813 18.8791
      vertex -4.29084 1.3487 18.9651
    endloop
  endfacet
  facet normal 0 -0.773047 0.634348
    outer loop
      vertex 4.31225 1.27813 18.8791
      vertex 6.86829 1.3487 18.9651
      vertex 4.29084 1.3487 18.9651
    endloop
  endfacet
  facet normal 0 -0.773047 0.634348
    outer loop
      vertex 6.86829 1.3487 18.9651
      vertex 4.31225 1.27813 18.8791
      vertex 6.87994 1.27813 18.8791
    endloop
  endfacet
  facet normal 0 -0.935989 -0.352029
    outer loop
      vertex -6.80857 1.60978 20.5464
      vertex -4.21447 1.57059 20.6506
      vertex -6.81771 1.57059 20.6506
    endloop
  endfacet
  facet normal 0 -0.935989 -0.352029
    outer loop
      vertex -4.21447 1.57059 20.6506
      vertex -6.80857 1.60978 20.5464
      vertex -4.19972 1.60978 20.5464
    endloop
  endfacet
  facet normal -0 -0.935989 -0.352029
    outer loop
      vertex 6.80857 1.60978 20.5464
      vertex 4.21447 1.57059 20.6506
      vertex 4.19972 1.60978 20.5464
    endloop
  endfacet
  facet normal 0 -0.935989 -0.352029
    outer loop
      vertex 4.21447 1.57059 20.6506
      vertex 6.80857 1.60978 20.5464
      vertex 6.81771 1.57059 20.6506
    endloop
  endfacet
  facet normal 0 -0.412621 -0.910903
    outer loop
      vertex -4.45107 0.650561 21.5706
      vertex -6.95605 0.75189 21.5247
      vertex -4.43434 0.75189 21.5247
    endloop
  endfacet
  facet normal 0 -0.412621 -0.910903
    outer loop
      vertex -6.95605 0.75189 21.5247
      vertex -4.45107 0.650561 21.5706
      vertex -6.96603 0.650561 21.5706
    endloop
  endfacet
  facet normal 0 -0.412621 -0.910903
    outer loop
      vertex 4.45107 0.650561 21.5706
      vertex 6.95605 0.75189 21.5247
      vertex 6.96603 0.650561 21.5706
    endloop
  endfacet
  facet normal -0 -0.412621 -0.910903
    outer loop
      vertex 6.95605 0.75189 21.5247
      vertex 4.45107 0.650561 21.5706
      vertex 4.43434 0.75189 21.5247
    endloop
  endfacet
  facet normal 0 0.81276 0.582598
    outer loop
      vertex -4.29084 -1.3487 18.9651
      vertex -6.85434 -1.4135 19.0555
      vertex -4.27119 -1.4135 19.0555
    endloop
  endfacet
  facet normal -0 0.81276 0.582598
    outer loop
      vertex -6.86829 -1.3487 18.9651
      vertex -6.85434 -1.4135 19.0555
      vertex -4.29084 -1.3487 18.9651
    endloop
  endfacet
  facet normal -0.0125661 0.811777 0.583832
    outer loop
      vertex -6.85434 -1.4135 19.0555
      vertex -6.86829 -1.3487 18.9651
      vertex -6.8655 -1.36563 18.9887
    endloop
  endfacet
  facet normal 0.0125661 0.811777 0.583832
    outer loop
      vertex 6.86829 -1.3487 18.9651
      vertex 6.85434 -1.4135 19.0555
      vertex 6.8655 -1.36563 18.9887
    endloop
  endfacet
  facet normal 0 0.81276 0.582598
    outer loop
      vertex 6.85434 -1.4135 19.0555
      vertex 6.86829 -1.3487 18.9651
      vertex 4.29084 -1.3487 18.9651
    endloop
  endfacet
  facet normal 0 0.81276 0.582598
    outer loop
      vertex 6.85434 -1.4135 19.0555
      vertex 4.29084 -1.3487 18.9651
      vertex 4.27119 -1.4135 19.0555
    endloop
  endfacet
  facet normal 0 0.0979826 0.995188
    outer loop
      vertex -4.49636 -0.111185 18.3036
      vertex -6.99274 -0.221894 18.3145
      vertex -4.49274 -0.221894 18.3145
    endloop
  endfacet
  facet normal 0 0.0979826 0.995188
    outer loop
      vertex -6.99274 -0.221894 18.3145
      vertex -4.49636 -0.111185 18.3036
      vertex -6.99636 -0.111185 18.3036
    endloop
  endfacet
  facet normal -0 0.0979826 0.995188
    outer loop
      vertex 4.49636 -0.111185 18.3036
      vertex 6.99274 -0.221894 18.3145
      vertex 6.99636 -0.111185 18.3036
    endloop
  endfacet
  facet normal 0 0.0979826 0.995188
    outer loop
      vertex 6.99274 -0.221894 18.3145
      vertex 4.49636 -0.111185 18.3036
      vertex 4.49274 -0.221894 18.3145
    endloop
  endfacet
  facet normal 0 0.352451 -0.93583
    outer loop
      vertex -6.96603 -0.650561 21.5706
      vertex -4.4615 -0.587367 21.5944
      vertex -4.45107 -0.650561 21.5706
    endloop
  endfacet
  facet normal 6.4532e-06 0.352227 -0.935915
    outer loop
      vertex -6.96603 -0.650561 21.5706
      vertex -4.46553 -0.546447 21.6098
      vertex -4.4615 -0.587367 21.5944
    endloop
  endfacet
  facet normal 0 0.352362 -0.935864
    outer loop
      vertex -4.46553 -0.546447 21.6098
      vertex -6.96603 -0.650561 21.5706
      vertex -6.97628 -0.546447 21.6098
    endloop
  endfacet
  facet normal 0 0.352362 -0.935864
    outer loop
      vertex 6.96603 -0.650561 21.5706
      vertex 4.46553 -0.546447 21.6098
      vertex 6.97628 -0.546447 21.6098
    endloop
  endfacet
  facet normal -6.4532e-06 0.352227 -0.935915
    outer loop
      vertex 6.96603 -0.650561 21.5706
      vertex 4.4615 -0.587367 21.5944
      vertex 4.46553 -0.546447 21.6098
    endloop
  endfacet
  facet normal 0 0.352451 -0.93583
    outer loop
      vertex 4.4615 -0.587367 21.5944
      vertex 6.96603 -0.650561 21.5706
      vertex 4.45107 -0.650561 21.5706
    endloop
  endfacet
  facet normal 0 0.910825 -0.412793
    outer loop
      vertex -6.81771 -1.57059 20.6506
      vertex -4.23175 -1.52468 20.7519
      vertex -4.21447 -1.57059 20.6506
    endloop
  endfacet
  facet normal 0 0.910825 -0.412793
    outer loop
      vertex -4.23175 -1.52468 20.7519
      vertex -6.81771 -1.57059 20.6506
      vertex -6.82841 -1.52468 20.7519
    endloop
  endfacet
  facet normal 0 0.910825 -0.412793
    outer loop
      vertex 6.81771 -1.57059 20.6506
      vertex 4.23175 -1.52468 20.7519
      vertex 6.82841 -1.52468 20.7519
    endloop
  endfacet
  facet normal 0 0.910825 -0.412793
    outer loop
      vertex 4.23175 -1.52468 20.7519
      vertex 6.81771 -1.57059 20.6506
      vertex 4.21447 -1.57059 20.6506
    endloop
  endfacet
  facet normal 0 -0.471814 0.881698
    outer loop
      vertex -6.94639 0.849999 18.5278
      vertex -4.43434 0.75189 18.4753
      vertex -4.41814 0.849999 18.5278
    endloop
  endfacet
  facet normal 0 -0.471814 0.881698
    outer loop
      vertex -4.43434 0.75189 18.4753
      vertex -6.94639 0.849999 18.5278
      vertex -6.95605 0.75189 18.4753
    endloop
  endfacet
  facet normal 0 -0.471814 0.881698
    outer loop
      vertex 6.94639 0.849999 18.5278
      vertex 4.43434 0.75189 18.4753
      vertex 6.95605 0.75189 18.4753
    endloop
  endfacet
  facet normal 0 -0.471814 0.881698
    outer loop
      vertex 4.43434 0.75189 18.4753
      vertex 6.94639 0.849999 18.5278
      vertex 4.41814 0.849999 18.5278
    endloop
  endfacet
  facet normal 0 -0.683389 -0.730055
    outer loop
      vertex -4.34667 1.16469 21.2371
      vertex -6.8925 1.20208 21.2021
      vertex -4.33532 1.20208 21.2021
    endloop
  endfacet
  facet normal 6.52482e-08 -0.683386 -0.730057
    outer loop
      vertex -4.35688 1.12089 21.2781
      vertex -6.8925 1.20208 21.2021
      vertex -4.34667 1.16469 21.2371
    endloop
  endfacet
  facet normal 0 -0.683388 -0.730056
    outer loop
      vertex -6.8925 1.20208 21.2021
      vertex -4.35688 1.12089 21.2781
      vertex -6.9059 1.12089 21.2781
    endloop
  endfacet
  facet normal 0 -0.683388 -0.730056
    outer loop
      vertex 4.35688 1.12089 21.2781
      vertex 6.8925 1.20208 21.2021
      vertex 6.9059 1.12089 21.2781
    endloop
  endfacet
  facet normal -6.52482e-08 -0.683386 -0.730057
    outer loop
      vertex 4.34667 1.16469 21.2371
      vertex 6.8925 1.20208 21.2021
      vertex 4.35688 1.12089 21.2781
    endloop
  endfacet
  facet normal -0 -0.683389 -0.730055
    outer loop
      vertex 6.8925 1.20208 21.2021
      vertex 4.34667 1.16469 21.2371
      vertex 4.33532 1.20208 21.2021
    endloop
  endfacet
  facet normal 0 -0.986641 -0.162913
    outer loop
      vertex -6.79092 1.68546 20.2219
      vertex -4.17806 1.66733 20.3317
      vertex -6.79515 1.66733 20.3317
    endloop
  endfacet
  facet normal 0 -0.986641 -0.162913
    outer loop
      vertex -4.17806 1.66733 20.3317
      vertex -6.79092 1.68546 20.2219
      vertex -4.17124 1.68546 20.2219
    endloop
  endfacet
  facet normal -0 -0.986641 -0.162913
    outer loop
      vertex 6.79092 1.68546 20.2219
      vertex 4.17806 1.66733 20.3317
      vertex 4.17124 1.68546 20.2219
    endloop
  endfacet
  facet normal 0 -0.986641 -0.162913
    outer loop
      vertex 4.17806 1.66733 20.3317
      vertex 6.79092 1.68546 20.2219
      vertex 6.79515 1.66733 20.3317
    endloop
  endfacet
  facet normal 0 0.352451 0.93583
    outer loop
      vertex -4.4615 -0.587367 18.4056
      vertex -6.96603 -0.650561 18.4294
      vertex -4.45107 -0.650561 18.4294
    endloop
  endfacet
  facet normal 6.4532e-06 0.352227 0.935915
    outer loop
      vertex -4.46553 -0.546447 18.3902
      vertex -6.96603 -0.650561 18.4294
      vertex -4.4615 -0.587367 18.4056
    endloop
  endfacet
  facet normal 0 0.352362 0.935864
    outer loop
      vertex -6.96603 -0.650561 18.4294
      vertex -4.46553 -0.546447 18.3902
      vertex -6.97628 -0.546447 18.3902
    endloop
  endfacet
  facet normal -0 0.352362 0.935864
    outer loop
      vertex 4.46553 -0.546447 18.3902
      vertex 6.96603 -0.650561 18.4294
      vertex 6.97628 -0.546447 18.3902
    endloop
  endfacet
  facet normal -6.4532e-06 0.352227 0.935915
    outer loop
      vertex 4.4615 -0.587367 18.4056
      vertex 6.96603 -0.650561 18.4294
      vertex 4.46553 -0.546447 18.3902
    endloop
  endfacet
  facet normal 0 0.352451 0.93583
    outer loop
      vertex 6.96603 -0.650561 18.4294
      vertex 4.4615 -0.587367 18.4056
      vertex 4.45107 -0.650561 18.4294
    endloop
  endfacet
  facet normal 0 0.729873 -0.683582
    outer loop
      vertex -6.87994 -1.27813 21.1209
      vertex -4.33532 -1.20208 21.2021
      vertex -4.31225 -1.27813 21.1209
    endloop
  endfacet
  facet normal 0 0.729873 -0.683582
    outer loop
      vertex -4.33532 -1.20208 21.2021
      vertex -6.87994 -1.27813 21.1209
      vertex -6.8925 -1.20208 21.2021
    endloop
  endfacet
  facet normal 0 0.729873 -0.683582
    outer loop
      vertex 6.87994 -1.27813 21.1209
      vertex 4.33532 -1.20208 21.2021
      vertex 6.8925 -1.20208 21.2021
    endloop
  endfacet
  facet normal 0 0.729873 -0.683582
    outer loop
      vertex 4.33532 -1.20208 21.2021
      vertex 6.87994 -1.27813 21.1209
      vertex 4.31225 -1.27813 21.1209
    endloop
  endfacet
  facet normal 0 0.163799 -0.986494
    outer loop
      vertex -6.98914 -0.331653 21.6673
      vertex -4.49037 -0.294313 21.6735
      vertex -4.48669 -0.331653 21.6673
    endloop
  endfacet
  facet normal 5.00121e-06 0.163473 -0.986548
    outer loop
      vertex -6.98914 -0.331653 21.6673
      vertex -4.49274 -0.221894 21.6855
      vertex -4.49037 -0.294313 21.6735
    endloop
  endfacet
  facet normal 0 0.163584 -0.986529
    outer loop
      vertex -4.49274 -0.221894 21.6855
      vertex -6.98914 -0.331653 21.6673
      vertex -6.99274 -0.221894 21.6855
    endloop
  endfacet
  facet normal 0 0.163584 -0.986529
    outer loop
      vertex 6.98914 -0.331653 21.6673
      vertex 4.49274 -0.221894 21.6855
      vertex 6.99274 -0.221894 21.6855
    endloop
  endfacet
  facet normal -5.00121e-06 0.163473 -0.986548
    outer loop
      vertex 6.98914 -0.331653 21.6673
      vertex 4.49037 -0.294313 21.6735
      vertex 4.49274 -0.221894 21.6855
    endloop
  endfacet
  facet normal 0 0.163799 -0.986494
    outer loop
      vertex 4.49037 -0.294313 21.6735
      vertex 6.98914 -0.331653 21.6673
      vertex 4.48669 -0.331653 21.6673
    endloop
  endfacet
  facet normal 0 -0.634509 0.772915
    outer loop
      vertex -6.9059 1.12089 18.7219
      vertex -4.37693 1.03489 18.6513
      vertex -4.35688 1.12089 18.7219
    endloop
  endfacet
  facet normal 0 -0.634509 0.772915
    outer loop
      vertex -4.37693 1.03489 18.6513
      vertex -6.9059 1.12089 18.7219
      vertex -6.9201 1.03489 18.6513
    endloop
  endfacet
  facet normal 0 -0.634509 0.772915
    outer loop
      vertex 6.9059 1.12089 18.7219
      vertex 4.37693 1.03489 18.6513
      vertex 6.9201 1.03489 18.6513
    endloop
  endfacet
  facet normal 0 -0.634509 0.772915
    outer loop
      vertex 4.37693 1.03489 18.6513
      vertex 6.9059 1.12089 18.7219
      vertex 4.35688 1.12089 18.7219
    endloop
  endfacet
  facet normal 0 -0.0323615 -0.999476
    outer loop
      vertex -4.5 0 21.7
      vertex -6.99636 0.111185 21.6964
      vertex -4.49636 0.111185 21.6964
    endloop
  endfacet
  facet normal 0 -0.0323615 -0.999476
    outer loop
      vertex -6.99636 0.111185 21.6964
      vertex -4.5 0 21.7
      vertex -7 0 21.7
    endloop
  endfacet
  facet normal 0 -0.0323615 -0.999476
    outer loop
      vertex 4.5 0 21.7
      vertex 6.99636 0.111185 21.6964
      vertex 7 0 21.7
    endloop
  endfacet
  facet normal -0 -0.0323615 -0.999476
    outer loop
      vertex 6.99636 0.111185 21.6964
      vertex 4.5 0 21.7
      vertex 4.49636 0.111185 21.6964
    endloop
  endfacet
  facet normal 0 -0.226555 -0.973998
    outer loop
      vertex -4.48669 0.331653 21.6673
      vertex -6.9856 0.439992 21.6421
      vertex -4.47602 0.439992 21.6421
    endloop
  endfacet
  facet normal 0 -0.226555 -0.973998
    outer loop
      vertex -6.9856 0.439992 21.6421
      vertex -4.48669 0.331653 21.6673
      vertex -6.98914 0.331653 21.6673
    endloop
  endfacet
  facet normal 0 -0.226555 -0.973998
    outer loop
      vertex 4.48669 0.331653 21.6673
      vertex 6.9856 0.439992 21.6421
      vertex 6.98914 0.331653 21.6673
    endloop
  endfacet
  facet normal -0 -0.226555 -0.973998
    outer loop
      vertex 6.9856 0.439992 21.6421
      vertex 4.48669 0.331653 21.6673
      vertex 4.47602 0.439992 21.6421
    endloop
  endfacet
  facet normal 0 -0.582504 -0.812827
    outer loop
      vertex -4.39801 0.944468 21.4135
      vertex -6.9201 1.03489 21.3487
      vertex -4.37693 1.03489 21.3487
    endloop
  endfacet
  facet normal 0 -0.582504 -0.812827
    outer loop
      vertex -6.9201 1.03489 21.3487
      vertex -4.39801 0.944468 21.4135
      vertex -6.93503 0.944468 21.4135
    endloop
  endfacet
  facet normal 0 -0.582504 -0.812827
    outer loop
      vertex 4.39801 0.944468 21.4135
      vertex 6.9201 1.03489 21.3487
      vertex 6.93503 0.944468 21.4135
    endloop
  endfacet
  facet normal -0 -0.582504 -0.812827
    outer loop
      vertex 6.9201 1.03489 21.3487
      vertex 4.39801 0.944468 21.4135
      vertex 4.37693 1.03489 21.3487
    endloop
  endfacet
  facet normal 0 -0.973861 -0.227144
    outer loop
      vertex -6.79515 1.66733 20.3317
      vertex -4.18757 1.64207 20.44
      vertex -6.80104 1.64207 20.44
    endloop
  endfacet
  facet normal 0 -0.973861 -0.227144
    outer loop
      vertex -4.18757 1.64207 20.44
      vertex -6.79515 1.66733 20.3317
      vertex -4.17806 1.66733 20.3317
    endloop
  endfacet
  facet normal -0 -0.973861 -0.227144
    outer loop
      vertex 6.79515 1.66733 20.3317
      vertex 4.18757 1.64207 20.44
      vertex 4.17806 1.66733 20.3317
    endloop
  endfacet
  facet normal 0 -0.973861 -0.227144
    outer loop
      vertex 4.18757 1.64207 20.44
      vertex 6.79515 1.66733 20.3317
      vertex 6.80104 1.64207 20.44
    endloop
  endfacet
  facet normal 0 -0.999465 -0.0327163
    outer loop
      vertex -6.78753 1.7 20
      vertex -4.16714 1.69636 20.1112
      vertex -6.78838 1.69636 20.1112
    endloop
  endfacet
  facet normal 0 -0.999465 -0.0327163
    outer loop
      vertex -4.16714 1.69636 20.1112
      vertex -6.78753 1.7 20
      vertex -4.16577 1.7 20
    endloop
  endfacet
  facet normal -0 -0.999465 -0.0327163
    outer loop
      vertex 6.78753 1.7 20
      vertex 4.16714 1.69636 20.1112
      vertex 4.16577 1.7 20
    endloop
  endfacet
  facet normal 0 -0.999465 -0.0327163
    outer loop
      vertex 4.16714 1.69636 20.1112
      vertex 6.78753 1.7 20
      vertex 6.78838 1.69636 20.1112
    endloop
  endfacet
  facet normal 0 -0.849298 -0.527913
    outer loop
      vertex -6.84064 1.47224 20.85
      vertex -4.27119 1.4135 20.9445
      vertex -6.85434 1.4135 20.9445
    endloop
  endfacet
  facet normal -1.53593e-05 -0.849486 -0.527612
    outer loop
      vertex -4.27119 1.4135 20.9445
      vertex -6.84064 1.47224 20.85
      vertex -4.26118 1.44648 20.8914
    endloop
  endfacet
  facet normal 0 -0.849057 -0.528302
    outer loop
      vertex -4.26118 1.44648 20.8914
      vertex -6.84064 1.47224 20.85
      vertex -4.25149 1.47224 20.85
    endloop
  endfacet
  facet normal 1.53593e-05 -0.849486 -0.527612
    outer loop
      vertex 6.84064 1.47224 20.85
      vertex 4.27119 1.4135 20.9445
      vertex 4.26118 1.44648 20.8914
    endloop
  endfacet
  facet normal -0 -0.849057 -0.528302
    outer loop
      vertex 6.84064 1.47224 20.85
      vertex 4.26118 1.44648 20.8914
      vertex 4.25149 1.47224 20.85
    endloop
  endfacet
  facet normal 0 -0.849298 -0.527913
    outer loop
      vertex 4.27119 1.4135 20.9445
      vertex 6.84064 1.47224 20.85
      vertex 6.85434 1.4135 20.9445
    endloop
  endfacet
  facet normal 0 -0.910825 -0.412793
    outer loop
      vertex -6.81771 1.57059 20.6506
      vertex -4.23175 1.52468 20.7519
      vertex -6.82841 1.52468 20.7519
    endloop
  endfacet
  facet normal 0 -0.910825 -0.412793
    outer loop
      vertex -4.23175 1.52468 20.7519
      vertex -6.81771 1.57059 20.6506
      vertex -4.21447 1.57059 20.6506
    endloop
  endfacet
  facet normal -0 -0.910825 -0.412793
    outer loop
      vertex 6.81771 1.57059 20.6506
      vertex 4.23175 1.52468 20.7519
      vertex 4.21447 1.57059 20.6506
    endloop
  endfacet
  facet normal 0 -0.910825 -0.412793
    outer loop
      vertex 4.23175 1.52468 20.7519
      vertex 6.81771 1.57059 20.6506
      vertex 6.82841 1.52468 20.7519
    endloop
  endfacet
  facet normal 0 -0.729873 -0.683582
    outer loop
      vertex -6.87994 1.27813 21.1209
      vertex -4.33532 1.20208 21.2021
      vertex -6.8925 1.20208 21.2021
    endloop
  endfacet
  facet normal 0 -0.729873 -0.683582
    outer loop
      vertex -4.33532 1.20208 21.2021
      vertex -6.87994 1.27813 21.1209
      vertex -4.31225 1.27813 21.1209
    endloop
  endfacet
  facet normal -0 -0.729873 -0.683582
    outer loop
      vertex 6.87994 1.27813 21.1209
      vertex 4.33532 1.20208 21.2021
      vertex 4.31225 1.27813 21.1209
    endloop
  endfacet
  facet normal 0 -0.729873 -0.683582
    outer loop
      vertex 4.33532 1.20208 21.2021
      vertex 6.87994 1.27813 21.1209
      vertex 6.8925 1.20208 21.2021
    endloop
  endfacet
  facet normal 0 -0.0323615 0.999476
    outer loop
      vertex -6.99636 0.111185 18.3036
      vertex -4.5 0 18.3
      vertex -4.49636 0.111185 18.3036
    endloop
  endfacet
  facet normal 0 -0.0323615 0.999476
    outer loop
      vertex -4.5 0 18.3
      vertex -6.99636 0.111185 18.3036
      vertex -7 0 18.3
    endloop
  endfacet
  facet normal 0 -0.0323615 0.999476
    outer loop
      vertex 6.99636 0.111185 18.3036
      vertex 4.5 0 18.3
      vertex 7 0 18.3
    endloop
  endfacet
  facet normal 0 -0.0323615 0.999476
    outer loop
      vertex 4.5 0 18.3
      vertex 6.99636 0.111185 18.3036
      vertex 4.49636 0.111185 18.3036
    endloop
  endfacet
  facet normal 0 0.999465 0.0327163
    outer loop
      vertex -4.16714 -1.69636 19.8888
      vertex -6.78753 -1.7 20
      vertex -4.16577 -1.7 20
    endloop
  endfacet
  facet normal 0 0.999465 0.0327163
    outer loop
      vertex -6.78753 -1.7 20
      vertex -4.16714 -1.69636 19.8888
      vertex -6.78838 -1.69636 19.8888
    endloop
  endfacet
  facet normal -0 0.999465 0.0327163
    outer loop
      vertex 4.16714 -1.69636 19.8888
      vertex 6.78753 -1.7 20
      vertex 6.78838 -1.69636 19.8888
    endloop
  endfacet
  facet normal 0 0.999465 0.0327163
    outer loop
      vertex 6.78753 -1.7 20
      vertex 4.16714 -1.69636 19.8888
      vertex 4.16577 -1.7 20
    endloop
  endfacet
  facet normal 0 0.290344 0.956922
    outer loop
      vertex -4.47602 -0.439992 18.3579
      vertex -6.97628 -0.546447 18.3902
      vertex -4.46553 -0.546447 18.3902
    endloop
  endfacet
  facet normal -0 0.290344 0.956922
    outer loop
      vertex -6.9856 -0.439992 18.3579
      vertex -6.97628 -0.546447 18.3902
      vertex -4.47602 -0.439992 18.3579
    endloop
  endfacet
  facet normal -0.00974085 0.289549 0.957114
    outer loop
      vertex -6.97628 -0.546447 18.3902
      vertex -6.9856 -0.439992 18.3579
      vertex -6.98501 -0.457822 18.3633
    endloop
  endfacet
  facet normal 0.00974085 0.289549 0.957114
    outer loop
      vertex 6.9856 -0.439992 18.3579
      vertex 6.97628 -0.546447 18.3902
      vertex 6.98501 -0.457822 18.3633
    endloop
  endfacet
  facet normal -0 0.290344 0.956922
    outer loop
      vertex 4.47602 -0.439992 18.3579
      vertex 6.97628 -0.546447 18.3902
      vertex 6.9856 -0.439992 18.3579
    endloop
  endfacet
  facet normal 0 0.290344 0.956922
    outer loop
      vertex 6.97628 -0.546447 18.3902
      vertex 4.47602 -0.439992 18.3579
      vertex 4.46553 -0.546447 18.3902
    endloop
  endfacet
  facet normal 0 0.986641 0.162913
    outer loop
      vertex -4.17806 -1.66733 19.6683
      vertex -6.79092 -1.68546 19.7781
      vertex -4.17124 -1.68546 19.7781
    endloop
  endfacet
  facet normal 0 0.986641 0.162913
    outer loop
      vertex -6.79092 -1.68546 19.7781
      vertex -4.17806 -1.66733 19.6683
      vertex -6.79515 -1.66733 19.6683
    endloop
  endfacet
  facet normal -0 0.986641 0.162913
    outer loop
      vertex 4.17806 -1.66733 19.6683
      vertex 6.79092 -1.68546 19.7781
      vertex 6.79515 -1.66733 19.6683
    endloop
  endfacet
  facet normal 0 0.986641 0.162913
    outer loop
      vertex 6.79092 -1.68546 19.7781
      vertex 4.17806 -1.66733 19.6683
      vertex 4.17124 -1.68546 19.7781
    endloop
  endfacet
  facet normal 0 0.973861 0.227144
    outer loop
      vertex -4.18757 -1.64207 19.56
      vertex -6.79515 -1.66733 19.6683
      vertex -4.17806 -1.66733 19.6683
    endloop
  endfacet
  facet normal 0 0.973861 0.227144
    outer loop
      vertex -6.79515 -1.66733 19.6683
      vertex -4.18757 -1.64207 19.56
      vertex -6.80104 -1.64207 19.56
    endloop
  endfacet
  facet normal -0 0.973861 0.227144
    outer loop
      vertex 4.18757 -1.64207 19.56
      vertex 6.79515 -1.66733 19.6683
      vertex 6.80104 -1.64207 19.56
    endloop
  endfacet
  facet normal 0 0.973861 0.227144
    outer loop
      vertex 6.79515 -1.66733 19.6683
      vertex 4.18757 -1.64207 19.56
      vertex 4.17806 -1.66733 19.6683
    endloop
  endfacet
  facet normal 0 0.773047 0.634348
    outer loop
      vertex -4.31225 -1.27813 18.8791
      vertex -6.86829 -1.3487 18.9651
      vertex -4.29084 -1.3487 18.9651
    endloop
  endfacet
  facet normal 0 0.773047 0.634348
    outer loop
      vertex -6.86829 -1.3487 18.9651
      vertex -4.31225 -1.27813 18.8791
      vertex -6.87994 -1.27813 18.8791
    endloop
  endfacet
  facet normal -0 0.773047 0.634348
    outer loop
      vertex 4.31225 -1.27813 18.8791
      vertex 6.86829 -1.3487 18.9651
      vertex 6.87994 -1.27813 18.8791
    endloop
  endfacet
  facet normal 0 0.773047 0.634348
    outer loop
      vertex 6.86829 -1.3487 18.9651
      vertex 4.31225 -1.27813 18.8791
      vertex 4.29084 -1.3487 18.9651
    endloop
  endfacet
  facet normal 0 0.999465 -0.0327163
    outer loop
      vertex -6.78753 -1.7 20
      vertex -4.16714 -1.69636 20.1112
      vertex -4.16577 -1.7 20
    endloop
  endfacet
  facet normal 0 0.999465 -0.0327163
    outer loop
      vertex -4.16714 -1.69636 20.1112
      vertex -6.78753 -1.7 20
      vertex -6.78838 -1.69636 20.1112
    endloop
  endfacet
  facet normal 0 0.999465 -0.0327163
    outer loop
      vertex 6.78753 -1.7 20
      vertex 4.16714 -1.69636 20.1112
      vertex 6.78838 -1.69636 20.1112
    endloop
  endfacet
  facet normal 0 0.999465 -0.0327163
    outer loop
      vertex 4.16714 -1.69636 20.1112
      vertex 6.78753 -1.7 20
      vertex 4.16577 -1.7 20
    endloop
  endfacet
  facet normal 0 0.973861 -0.227144
    outer loop
      vertex -6.79515 -1.66733 20.3317
      vertex -4.18757 -1.64207 20.44
      vertex -4.17806 -1.66733 20.3317
    endloop
  endfacet
  facet normal 0 0.973861 -0.227144
    outer loop
      vertex -4.18757 -1.64207 20.44
      vertex -6.79515 -1.66733 20.3317
      vertex -6.80104 -1.64207 20.44
    endloop
  endfacet
  facet normal 0 0.973861 -0.227144
    outer loop
      vertex 6.79515 -1.66733 20.3317
      vertex 4.18757 -1.64207 20.44
      vertex 6.80104 -1.64207 20.44
    endloop
  endfacet
  facet normal 0 0.973861 -0.227144
    outer loop
      vertex 4.18757 -1.64207 20.44
      vertex 6.79515 -1.66733 20.3317
      vertex 4.17806 -1.66733 20.3317
    endloop
  endfacet
  facet normal 0 0.81276 -0.582598
    outer loop
      vertex -6.85434 -1.4135 20.9445
      vertex -6.86829 -1.3487 21.0349
      vertex -4.29084 -1.3487 21.0349
    endloop
  endfacet
  facet normal 0 0.81276 -0.582598
    outer loop
      vertex -6.85434 -1.4135 20.9445
      vertex -4.29084 -1.3487 21.0349
      vertex -4.27119 -1.4135 20.9445
    endloop
  endfacet
  facet normal -0.0125661 0.811777 -0.583832
    outer loop
      vertex -6.86829 -1.3487 21.0349
      vertex -6.85434 -1.4135 20.9445
      vertex -6.8655 -1.36563 21.0113
    endloop
  endfacet
  facet normal 0.0125661 0.811777 -0.583832
    outer loop
      vertex 6.85434 -1.4135 20.9445
      vertex 6.86829 -1.3487 21.0349
      vertex 6.8655 -1.36563 21.0113
    endloop
  endfacet
  facet normal 0 0.81276 -0.582598
    outer loop
      vertex 6.86829 -1.3487 21.0349
      vertex 6.85434 -1.4135 20.9445
      vertex 4.29084 -1.3487 21.0349
    endloop
  endfacet
  facet normal 0 0.81276 -0.582598
    outer loop
      vertex 4.29084 -1.3487 21.0349
      vertex 6.85434 -1.4135 20.9445
      vertex 4.27119 -1.4135 20.9445
    endloop
  endfacet
  facet normal 0 0.226555 -0.973998
    outer loop
      vertex -6.9856 -0.439992 21.6421
      vertex -4.48669 -0.331653 21.6673
      vertex -4.47602 -0.439992 21.6421
    endloop
  endfacet
  facet normal 0 0.226555 -0.973998
    outer loop
      vertex -4.48669 -0.331653 21.6673
      vertex -6.9856 -0.439992 21.6421
      vertex -6.98914 -0.331653 21.6673
    endloop
  endfacet
  facet normal 0 0.226555 -0.973998
    outer loop
      vertex 6.9856 -0.439992 21.6421
      vertex 4.48669 -0.331653 21.6673
      vertex 6.98914 -0.331653 21.6673
    endloop
  endfacet
  facet normal 0 0.226555 -0.973998
    outer loop
      vertex 4.48669 -0.331653 21.6673
      vertex 6.9856 -0.439992 21.6421
      vertex 4.47602 -0.439992 21.6421
    endloop
  endfacet
  facet normal 0 0.0323615 -0.999476
    outer loop
      vertex -6.99636 -0.111185 21.6964
      vertex -4.5 0 21.7
      vertex -4.49636 -0.111185 21.6964
    endloop
  endfacet
  facet normal 0 0.0323615 -0.999476
    outer loop
      vertex -4.5 0 21.7
      vertex -6.99636 -0.111185 21.6964
      vertex -7 0 21.7
    endloop
  endfacet
  facet normal 0 0.0323615 -0.999476
    outer loop
      vertex 6.99636 -0.111185 21.6964
      vertex 4.5 0 21.7
      vertex 7 0 21.7
    endloop
  endfacet
  facet normal 0 0.0323615 -0.999476
    outer loop
      vertex 4.5 0 21.7
      vertex 6.99636 -0.111185 21.6964
      vertex 4.49636 -0.111185 21.6964
    endloop
  endfacet
  facet normal 0 0.528151 -0.84915
    outer loop
      vertex -6.93503 -0.944468 21.4135
      vertex -4.41353 -0.877906 21.4549
      vertex -4.39801 -0.944468 21.4135
    endloop
  endfacet
  facet normal 4.6026e-05 0.526894 -0.849931
    outer loop
      vertex -6.93503 -0.944468 21.4135
      vertex -4.41814 -0.849999 21.4722
      vertex -4.41353 -0.877906 21.4549
    endloop
  endfacet
  facet normal 0.0177341 0.529233 -0.848291
    outer loop
      vertex -6.94639 -0.849999 21.4722
      vertex -6.93503 -0.944468 21.4135
      vertex -6.94011 -0.913683 21.4326
    endloop
  endfacet
  facet normal 0 0.527779 -0.849382
    outer loop
      vertex -6.93503 -0.944468 21.4135
      vertex -6.94639 -0.849999 21.4722
      vertex -4.41814 -0.849999 21.4722
    endloop
  endfacet
  facet normal -0.0177341 0.529233 -0.848291
    outer loop
      vertex 6.93503 -0.944468 21.4135
      vertex 6.94639 -0.849999 21.4722
      vertex 6.94011 -0.913683 21.4326
    endloop
  endfacet
  facet normal 0 0.527779 -0.849382
    outer loop
      vertex 6.93503 -0.944468 21.4135
      vertex 4.41814 -0.849999 21.4722
      vertex 6.94639 -0.849999 21.4722
    endloop
  endfacet
  facet normal -4.6026e-05 0.526894 -0.849931
    outer loop
      vertex 6.93503 -0.944468 21.4135
      vertex 4.41353 -0.877906 21.4549
      vertex 4.41814 -0.849999 21.4722
    endloop
  endfacet
  facet normal 0 0.528151 -0.84915
    outer loop
      vertex 4.41353 -0.877906 21.4549
      vertex 6.93503 -0.944468 21.4135
      vertex 4.39801 -0.944468 21.4135
    endloop
  endfacet
  facet normal 0 0.412621 -0.910903
    outer loop
      vertex -6.95605 -0.75189 21.5247
      vertex -4.45107 -0.650561 21.5706
      vertex -4.43434 -0.75189 21.5247
    endloop
  endfacet
  facet normal 0 0.412621 -0.910903
    outer loop
      vertex -4.45107 -0.650561 21.5706
      vertex -6.95605 -0.75189 21.5247
      vertex -6.96603 -0.650561 21.5706
    endloop
  endfacet
  facet normal 0 0.412621 -0.910903
    outer loop
      vertex 6.95605 -0.75189 21.5247
      vertex 4.45107 -0.650561 21.5706
      vertex 6.96603 -0.650561 21.5706
    endloop
  endfacet
  facet normal 0 0.412621 -0.910903
    outer loop
      vertex 4.45107 -0.650561 21.5706
      vertex 6.95605 -0.75189 21.5247
      vertex 4.43434 -0.75189 21.5247
    endloop
  endfacet
  facet normal 0 0.683389 -0.730055
    outer loop
      vertex -6.8925 -1.20208 21.2021
      vertex -4.34667 -1.16469 21.2371
      vertex -4.33532 -1.20208 21.2021
    endloop
  endfacet
  facet normal 6.52482e-08 0.683386 -0.730057
    outer loop
      vertex -6.8925 -1.20208 21.2021
      vertex -4.35688 -1.12089 21.2781
      vertex -4.34667 -1.16469 21.2371
    endloop
  endfacet
  facet normal 0 0.683388 -0.730056
    outer loop
      vertex -4.35688 -1.12089 21.2781
      vertex -6.8925 -1.20208 21.2021
      vertex -6.9059 -1.12089 21.2781
    endloop
  endfacet
  facet normal 0 0.683388 -0.730056
    outer loop
      vertex 6.8925 -1.20208 21.2021
      vertex 4.35688 -1.12089 21.2781
      vertex 6.9059 -1.12089 21.2781
    endloop
  endfacet
  facet normal -6.52482e-08 0.683386 -0.730057
    outer loop
      vertex 6.8925 -1.20208 21.2021
      vertex 4.34667 -1.16469 21.2371
      vertex 4.35688 -1.12089 21.2781
    endloop
  endfacet
  facet normal 0 0.683389 -0.730055
    outer loop
      vertex 4.34667 -1.16469 21.2371
      vertex 6.8925 -1.20208 21.2021
      vertex 4.33532 -1.20208 21.2021
    endloop
  endfacet
  facet normal 0 -0.0979826 0.995188
    outer loop
      vertex -6.99274 0.221894 18.3145
      vertex -4.49636 0.111185 18.3036
      vertex -4.49274 0.221894 18.3145
    endloop
  endfacet
  facet normal 0 -0.0979826 0.995188
    outer loop
      vertex -4.49636 0.111185 18.3036
      vertex -6.99274 0.221894 18.3145
      vertex -6.99636 0.111185 18.3036
    endloop
  endfacet
  facet normal 0 -0.0979826 0.995188
    outer loop
      vertex 6.99274 0.221894 18.3145
      vertex 4.49636 0.111185 18.3036
      vertex 6.99636 0.111185 18.3036
    endloop
  endfacet
  facet normal 0 -0.0979826 0.995188
    outer loop
      vertex 4.49636 0.111185 18.3036
      vertex 6.99274 0.221894 18.3145
      vertex 4.49274 0.221894 18.3145
    endloop
  endfacet
  facet normal 0 -0.226555 0.973998
    outer loop
      vertex -6.9856 0.439992 18.3579
      vertex -4.48669 0.331653 18.3327
      vertex -4.47602 0.439992 18.3579
    endloop
  endfacet
  facet normal 0 -0.226555 0.973998
    outer loop
      vertex -4.48669 0.331653 18.3327
      vertex -6.9856 0.439992 18.3579
      vertex -6.98914 0.331653 18.3327
    endloop
  endfacet
  facet normal 0 -0.226555 0.973998
    outer loop
      vertex 6.9856 0.439992 18.3579
      vertex 4.48669 0.331653 18.3327
      vertex 6.98914 0.331653 18.3327
    endloop
  endfacet
  facet normal 0 -0.226555 0.973998
    outer loop
      vertex 4.48669 0.331653 18.3327
      vertex 6.9856 0.439992 18.3579
      vertex 4.47602 0.439992 18.3579
    endloop
  endfacet
  facet normal 0 -0.412621 0.910903
    outer loop
      vertex -6.95605 0.75189 18.4753
      vertex -4.45107 0.650561 18.4294
      vertex -4.43434 0.75189 18.4753
    endloop
  endfacet
  facet normal 0 -0.412621 0.910903
    outer loop
      vertex -4.45107 0.650561 18.4294
      vertex -6.95605 0.75189 18.4753
      vertex -6.96603 0.650561 18.4294
    endloop
  endfacet
  facet normal 0 -0.412621 0.910903
    outer loop
      vertex 6.95605 0.75189 18.4753
      vertex 4.45107 0.650561 18.4294
      vertex 6.96603 0.650561 18.4294
    endloop
  endfacet
  facet normal 0 -0.412621 0.910903
    outer loop
      vertex 4.45107 0.650561 18.4294
      vertex 6.95605 0.75189 18.4753
      vertex 4.43434 0.75189 18.4753
    endloop
  endfacet
  facet normal 0 -0.290344 0.956922
    outer loop
      vertex -6.97628 0.546447 18.3902
      vertex -4.47602 0.439992 18.3579
      vertex -4.46553 0.546447 18.3902
    endloop
  endfacet
  facet normal -0.00974085 -0.289549 0.957114
    outer loop
      vertex -6.9856 0.439992 18.3579
      vertex -6.97628 0.546447 18.3902
      vertex -6.98501 0.457822 18.3633
    endloop
  endfacet
  facet normal 0 -0.290344 0.956922
    outer loop
      vertex -6.97628 0.546447 18.3902
      vertex -6.9856 0.439992 18.3579
      vertex -4.47602 0.439992 18.3579
    endloop
  endfacet
  facet normal 0.00974085 -0.289549 0.957114
    outer loop
      vertex 6.97628 0.546447 18.3902
      vertex 6.9856 0.439992 18.3579
      vertex 6.98501 0.457822 18.3633
    endloop
  endfacet
  facet normal 0 -0.290344 0.956922
    outer loop
      vertex 6.97628 0.546447 18.3902
      vertex 4.47602 0.439992 18.3579
      vertex 6.9856 0.439992 18.3579
    endloop
  endfacet
  facet normal 0 -0.290344 0.956922
    outer loop
      vertex 4.47602 0.439992 18.3579
      vertex 6.97628 0.546447 18.3902
      vertex 4.46553 0.546447 18.3902
    endloop
  endfacet
  facet normal 0 -0.582504 0.812827
    outer loop
      vertex -6.9201 1.03489 18.6513
      vertex -4.39801 0.944468 18.5865
      vertex -4.37693 1.03489 18.6513
    endloop
  endfacet
  facet normal 0 -0.582504 0.812827
    outer loop
      vertex -4.39801 0.944468 18.5865
      vertex -6.9201 1.03489 18.6513
      vertex -6.93503 0.944468 18.5865
    endloop
  endfacet
  facet normal 0 -0.582504 0.812827
    outer loop
      vertex 6.9201 1.03489 18.6513
      vertex 4.39801 0.944468 18.5865
      vertex 6.93503 0.944468 18.5865
    endloop
  endfacet
  facet normal 0 -0.582504 0.812827
    outer loop
      vertex 4.39801 0.944468 18.5865
      vertex 6.9201 1.03489 18.6513
      vertex 4.37693 1.03489 18.6513
    endloop
  endfacet
  facet normal 0 -0.683389 0.730055
    outer loop
      vertex -6.8925 1.20208 18.7979
      vertex -4.34667 1.16469 18.7629
      vertex -4.33532 1.20208 18.7979
    endloop
  endfacet
  facet normal 6.52482e-08 -0.683386 0.730057
    outer loop
      vertex -6.8925 1.20208 18.7979
      vertex -4.35688 1.12089 18.7219
      vertex -4.34667 1.16469 18.7629
    endloop
  endfacet
  facet normal 0 -0.683388 0.730056
    outer loop
      vertex -4.35688 1.12089 18.7219
      vertex -6.8925 1.20208 18.7979
      vertex -6.9059 1.12089 18.7219
    endloop
  endfacet
  facet normal 0 -0.683388 0.730056
    outer loop
      vertex 6.8925 1.20208 18.7979
      vertex 4.35688 1.12089 18.7219
      vertex 6.9059 1.12089 18.7219
    endloop
  endfacet
  facet normal -6.52482e-08 -0.683386 0.730057
    outer loop
      vertex 6.8925 1.20208 18.7979
      vertex 4.34667 1.16469 18.7629
      vertex 4.35688 1.12089 18.7219
    endloop
  endfacet
  facet normal 0 -0.683389 0.730055
    outer loop
      vertex 4.34667 1.16469 18.7629
      vertex 6.8925 1.20208 18.7979
      vertex 4.33532 1.20208 18.7979
    endloop
  endfacet
  facet normal -0.0125661 -0.811777 0.583832
    outer loop
      vertex -6.86829 1.3487 18.9651
      vertex -6.85434 1.4135 19.0555
      vertex -6.8655 1.36563 18.9887
    endloop
  endfacet
  facet normal 0 -0.81276 0.582598
    outer loop
      vertex -6.85434 1.4135 19.0555
      vertex -6.86829 1.3487 18.9651
      vertex -4.29084 1.3487 18.9651
    endloop
  endfacet
  facet normal 0 -0.81276 0.582598
    outer loop
      vertex -6.85434 1.4135 19.0555
      vertex -4.29084 1.3487 18.9651
      vertex -4.27119 1.4135 19.0555
    endloop
  endfacet
  facet normal 0 -0.81276 0.582598
    outer loop
      vertex 4.29084 1.3487 18.9651
      vertex 6.85434 1.4135 19.0555
      vertex 4.27119 1.4135 19.0555
    endloop
  endfacet
  facet normal 0 -0.81276 0.582598
    outer loop
      vertex 6.86829 1.3487 18.9651
      vertex 6.85434 1.4135 19.0555
      vertex 4.29084 1.3487 18.9651
    endloop
  endfacet
  facet normal 0.0125661 -0.811777 0.583832
    outer loop
      vertex 6.85434 1.4135 19.0555
      vertex 6.86829 1.3487 18.9651
      vertex 6.8655 1.36563 18.9887
    endloop
  endfacet
  facet normal 0 -0.910825 0.412793
    outer loop
      vertex -4.23175 1.52468 19.2481
      vertex -6.81771 1.57059 19.3494
      vertex -6.82841 1.52468 19.2481
    endloop
  endfacet
  facet normal 0 -0.910825 0.412793
    outer loop
      vertex -6.81771 1.57059 19.3494
      vertex -4.23175 1.52468 19.2481
      vertex -4.21447 1.57059 19.3494
    endloop
  endfacet
  facet normal 0 -0.910825 0.412793
    outer loop
      vertex 4.23175 1.52468 19.2481
      vertex 6.81771 1.57059 19.3494
      vertex 4.21447 1.57059 19.3494
    endloop
  endfacet
  facet normal 0 -0.910825 0.412793
    outer loop
      vertex 6.81771 1.57059 19.3494
      vertex 4.23175 1.52468 19.2481
      vertex 6.82841 1.52468 19.2481
    endloop
  endfacet
  facet normal 0 -0.849057 0.528302
    outer loop
      vertex -6.84064 1.47224 19.15
      vertex -4.26118 1.44648 19.1086
      vertex -4.25149 1.47224 19.15
    endloop
  endfacet
  facet normal 0 -0.849298 0.527913
    outer loop
      vertex -4.27119 1.4135 19.0555
      vertex -6.84064 1.47224 19.15
      vertex -6.85434 1.4135 19.0555
    endloop
  endfacet
  facet normal -1.53593e-05 -0.849486 0.527612
    outer loop
      vertex -6.84064 1.47224 19.15
      vertex -4.27119 1.4135 19.0555
      vertex -4.26118 1.44648 19.1086
    endloop
  endfacet
  facet normal 0 -0.849057 0.528302
    outer loop
      vertex 4.26118 1.44648 19.1086
      vertex 6.84064 1.47224 19.15
      vertex 4.25149 1.47224 19.15
    endloop
  endfacet
  facet normal 1.53593e-05 -0.849486 0.527612
    outer loop
      vertex 4.27119 1.4135 19.0555
      vertex 6.84064 1.47224 19.15
      vertex 4.26118 1.44648 19.1086
    endloop
  endfacet
  facet normal 0 -0.849298 0.527913
    outer loop
      vertex 6.84064 1.47224 19.15
      vertex 4.27119 1.4135 19.0555
      vertex 6.85434 1.4135 19.0555
    endloop
  endfacet
  facet normal 0 -0.935989 0.352029
    outer loop
      vertex -4.21447 1.57059 19.3494
      vertex -6.80857 1.60978 19.4536
      vertex -6.81771 1.57059 19.3494
    endloop
  endfacet
  facet normal 0 -0.935989 0.352029
    outer loop
      vertex -6.80857 1.60978 19.4536
      vertex -4.21447 1.57059 19.3494
      vertex -4.19972 1.60978 19.4536
    endloop
  endfacet
  facet normal 0 -0.935989 0.352029
    outer loop
      vertex 4.21447 1.57059 19.3494
      vertex 6.80857 1.60978 19.4536
      vertex 4.19972 1.60978 19.4536
    endloop
  endfacet
  facet normal 0 -0.935989 0.352029
    outer loop
      vertex 6.80857 1.60978 19.4536
      vertex 4.21447 1.57059 19.3494
      vertex 6.81771 1.57059 19.3494
    endloop
  endfacet
  facet normal 0 -0.986641 0.162913
    outer loop
      vertex -4.17806 1.66733 19.6683
      vertex -6.79092 1.68546 19.7781
      vertex -6.79515 1.66733 19.6683
    endloop
  endfacet
  facet normal 0 -0.986641 0.162913
    outer loop
      vertex -6.79092 1.68546 19.7781
      vertex -4.17806 1.66733 19.6683
      vertex -4.17124 1.68546 19.7781
    endloop
  endfacet
  facet normal 0 -0.986641 0.162913
    outer loop
      vertex 4.17806 1.66733 19.6683
      vertex 6.79092 1.68546 19.7781
      vertex 4.17124 1.68546 19.7781
    endloop
  endfacet
  facet normal 0 -0.986641 0.162913
    outer loop
      vertex 6.79092 1.68546 19.7781
      vertex 4.17806 1.66733 19.6683
      vertex 6.79515 1.66733 19.6683
    endloop
  endfacet
  facet normal 0 -0.999465 0.0327163
    outer loop
      vertex -4.16714 1.69636 19.8888
      vertex -6.78753 1.7 20
      vertex -6.78838 1.69636 19.8888
    endloop
  endfacet
  facet normal 0 -0.999465 0.0327163
    outer loop
      vertex -6.78753 1.7 20
      vertex -4.16714 1.69636 19.8888
      vertex -4.16577 1.7 20
    endloop
  endfacet
  facet normal 0 -0.999465 0.0327163
    outer loop
      vertex 4.16714 1.69636 19.8888
      vertex 6.78753 1.7 20
      vertex 4.16577 1.7 20
    endloop
  endfacet
  facet normal 0 -0.999465 0.0327163
    outer loop
      vertex 6.78753 1.7 20
      vertex 4.16714 1.69636 19.8888
      vertex 6.78838 1.69636 19.8888
    endloop
  endfacet
  facet normal 0 -0.973861 0.227144
    outer loop
      vertex -4.18757 1.64207 19.56
      vertex -6.79515 1.66733 19.6683
      vertex -6.80104 1.64207 19.56
    endloop
  endfacet
  facet normal 0 -0.973861 0.227144
    outer loop
      vertex -6.79515 1.66733 19.6683
      vertex -4.18757 1.64207 19.56
      vertex -4.17806 1.66733 19.6683
    endloop
  endfacet
  facet normal 0 -0.973861 0.227144
    outer loop
      vertex 4.18757 1.64207 19.56
      vertex 6.79515 1.66733 19.6683
      vertex 4.17806 1.66733 19.6683
    endloop
  endfacet
  facet normal 0 -0.973861 0.227144
    outer loop
      vertex 6.79515 1.66733 19.6683
      vertex 4.18757 1.64207 19.56
      vertex 6.80104 1.64207 19.56
    endloop
  endfacet
  facet normal 0 -0.290344 -0.956922
    outer loop
      vertex -4.47602 0.439992 21.6421
      vertex -6.97628 0.546447 21.6098
      vertex -4.46553 0.546447 21.6098
    endloop
  endfacet
  facet normal 0 -0.290344 -0.956922
    outer loop
      vertex -6.9856 0.439992 21.6421
      vertex -6.97628 0.546447 21.6098
      vertex -4.47602 0.439992 21.6421
    endloop
  endfacet
  facet normal -0.00974085 -0.289549 -0.957114
    outer loop
      vertex -6.97628 0.546447 21.6098
      vertex -6.9856 0.439992 21.6421
      vertex -6.98501 0.457822 21.6367
    endloop
  endfacet
  facet normal 0.00974085 -0.289549 -0.957114
    outer loop
      vertex 6.9856 0.439992 21.6421
      vertex 6.97628 0.546447 21.6098
      vertex 6.98501 0.457822 21.6367
    endloop
  endfacet
  facet normal 0 -0.290344 -0.956922
    outer loop
      vertex 4.47602 0.439992 21.6421
      vertex 6.97628 0.546447 21.6098
      vertex 6.9856 0.439992 21.6421
    endloop
  endfacet
  facet normal -0 -0.290344 -0.956922
    outer loop
      vertex 6.97628 0.546447 21.6098
      vertex 4.47602 0.439992 21.6421
      vertex 4.46553 0.546447 21.6098
    endloop
  endfacet
  facet normal 0 -0.352451 -0.93583
    outer loop
      vertex -4.4615 0.587367 21.5944
      vertex -6.96603 0.650561 21.5706
      vertex -4.45107 0.650561 21.5706
    endloop
  endfacet
  facet normal 6.4532e-06 -0.352227 -0.935915
    outer loop
      vertex -4.46553 0.546447 21.6098
      vertex -6.96603 0.650561 21.5706
      vertex -4.4615 0.587367 21.5944
    endloop
  endfacet
  facet normal 0 -0.352362 -0.935864
    outer loop
      vertex -6.96603 0.650561 21.5706
      vertex -4.46553 0.546447 21.6098
      vertex -6.97628 0.546447 21.6098
    endloop
  endfacet
  facet normal 0 -0.352362 -0.935864
    outer loop
      vertex 4.46553 0.546447 21.6098
      vertex 6.96603 0.650561 21.5706
      vertex 6.97628 0.546447 21.6098
    endloop
  endfacet
  facet normal -6.4532e-06 -0.352227 -0.935915
    outer loop
      vertex 4.4615 0.587367 21.5944
      vertex 6.96603 0.650561 21.5706
      vertex 4.46553 0.546447 21.6098
    endloop
  endfacet
  facet normal -0 -0.352451 -0.93583
    outer loop
      vertex 6.96603 0.650561 21.5706
      vertex 4.4615 0.587367 21.5944
      vertex 4.45107 0.650561 21.5706
    endloop
  endfacet
  facet normal 0 -0.163799 -0.986494
    outer loop
      vertex -4.49037 0.294313 21.6735
      vertex -6.98914 0.331653 21.6673
      vertex -4.48669 0.331653 21.6673
    endloop
  endfacet
  facet normal 5.00121e-06 -0.163473 -0.986548
    outer loop
      vertex -4.49274 0.221894 21.6855
      vertex -6.98914 0.331653 21.6673
      vertex -4.49037 0.294313 21.6735
    endloop
  endfacet
  facet normal 0 -0.163584 -0.986529
    outer loop
      vertex -6.98914 0.331653 21.6673
      vertex -4.49274 0.221894 21.6855
      vertex -6.99274 0.221894 21.6855
    endloop
  endfacet
  facet normal 0 -0.163584 -0.986529
    outer loop
      vertex 4.49274 0.221894 21.6855
      vertex 6.98914 0.331653 21.6673
      vertex 6.99274 0.221894 21.6855
    endloop
  endfacet
  facet normal -5.00121e-06 -0.163473 -0.986548
    outer loop
      vertex 4.49037 0.294313 21.6735
      vertex 6.98914 0.331653 21.6673
      vertex 4.49274 0.221894 21.6855
    endloop
  endfacet
  facet normal -0 -0.163799 -0.986494
    outer loop
      vertex 6.98914 0.331653 21.6673
      vertex 4.49037 0.294313 21.6735
      vertex 4.48669 0.331653 21.6673
    endloop
  endfacet
  facet normal 0 -0.0979826 -0.995188
    outer loop
      vertex -4.49636 0.111185 21.6964
      vertex -6.99274 0.221894 21.6855
      vertex -4.49274 0.221894 21.6855
    endloop
  endfacet
  facet normal 0 -0.0979826 -0.995188
    outer loop
      vertex -6.99274 0.221894 21.6855
      vertex -4.49636 0.111185 21.6964
      vertex -6.99636 0.111185 21.6964
    endloop
  endfacet
  facet normal 0 -0.0979826 -0.995188
    outer loop
      vertex 4.49636 0.111185 21.6964
      vertex 6.99274 0.221894 21.6855
      vertex 6.99636 0.111185 21.6964
    endloop
  endfacet
  facet normal -0 -0.0979826 -0.995188
    outer loop
      vertex 6.99274 0.221894 21.6855
      vertex 4.49636 0.111185 21.6964
      vertex 4.49274 0.221894 21.6855
    endloop
  endfacet
  facet normal 0 -0.528151 -0.84915
    outer loop
      vertex -4.41353 0.877906 21.4549
      vertex -6.93503 0.944468 21.4135
      vertex -4.39801 0.944468 21.4135
    endloop
  endfacet
  facet normal 4.6026e-05 -0.526894 -0.849931
    outer loop
      vertex -4.41814 0.849999 21.4722
      vertex -6.93503 0.944468 21.4135
      vertex -4.41353 0.877906 21.4549
    endloop
  endfacet
  facet normal 0 -0.527779 -0.849382
    outer loop
      vertex -6.94639 0.849999 21.4722
      vertex -6.93503 0.944468 21.4135
      vertex -4.41814 0.849999 21.4722
    endloop
  endfacet
  facet normal 0.0177341 -0.529233 -0.848291
    outer loop
      vertex -6.93503 0.944468 21.4135
      vertex -6.94639 0.849999 21.4722
      vertex -6.94011 0.913683 21.4326
    endloop
  endfacet
  facet normal -0.0177341 -0.529233 -0.848291
    outer loop
      vertex 6.94639 0.849999 21.4722
      vertex 6.93503 0.944468 21.4135
      vertex 6.94011 0.913683 21.4326
    endloop
  endfacet
  facet normal 0 -0.527779 -0.849382
    outer loop
      vertex 4.41814 0.849999 21.4722
      vertex 6.93503 0.944468 21.4135
      vertex 6.94639 0.849999 21.4722
    endloop
  endfacet
  facet normal -4.6026e-05 -0.526894 -0.849931
    outer loop
      vertex 4.41353 0.877906 21.4549
      vertex 6.93503 0.944468 21.4135
      vertex 4.41814 0.849999 21.4722
    endloop
  endfacet
  facet normal -0 -0.528151 -0.84915
    outer loop
      vertex 6.93503 0.944468 21.4135
      vertex 4.41353 0.877906 21.4549
      vertex 4.39801 0.944468 21.4135
    endloop
  endfacet
  facet normal 0 -0.471814 -0.881698
    outer loop
      vertex -4.43434 0.75189 21.5247
      vertex -6.94639 0.849999 21.4722
      vertex -4.41814 0.849999 21.4722
    endloop
  endfacet
  facet normal 0 -0.471814 -0.881698
    outer loop
      vertex -6.94639 0.849999 21.4722
      vertex -4.43434 0.75189 21.5247
      vertex -6.95605 0.75189 21.5247
    endloop
  endfacet
  facet normal 0 -0.471814 -0.881698
    outer loop
      vertex 4.43434 0.75189 21.5247
      vertex 6.94639 0.849999 21.4722
      vertex 6.95605 0.75189 21.5247
    endloop
  endfacet
  facet normal -0 -0.471814 -0.881698
    outer loop
      vertex 6.94639 0.849999 21.4722
      vertex 4.43434 0.75189 21.5247
      vertex 4.41814 0.849999 21.4722
    endloop
  endfacet
  facet normal 0 -0.634509 -0.772915
    outer loop
      vertex -4.37693 1.03489 21.3487
      vertex -6.9059 1.12089 21.2781
      vertex -4.35688 1.12089 21.2781
    endloop
  endfacet
  facet normal 0 -0.634509 -0.772915
    outer loop
      vertex -6.9059 1.12089 21.2781
      vertex -4.37693 1.03489 21.3487
      vertex -6.9201 1.03489 21.3487
    endloop
  endfacet
  facet normal 0 -0.634509 -0.772915
    outer loop
      vertex 4.37693 1.03489 21.3487
      vertex 6.9059 1.12089 21.2781
      vertex 6.9201 1.03489 21.3487
    endloop
  endfacet
  facet normal -0 -0.634509 -0.772915
    outer loop
      vertex 6.9059 1.12089 21.2781
      vertex 4.37693 1.03489 21.3487
      vertex 4.35688 1.12089 21.2781
    endloop
  endfacet
  facet normal 0 -0.956906 -0.290399
    outer loop
      vertex -6.80104 1.64207 20.44
      vertex -4.19972 1.60978 20.5464
      vertex -6.80857 1.60978 20.5464
    endloop
  endfacet
  facet normal 0 -0.956906 -0.290399
    outer loop
      vertex -4.19972 1.60978 20.5464
      vertex -6.80104 1.64207 20.44
      vertex -4.18757 1.64207 20.44
    endloop
  endfacet
  facet normal -0 -0.956906 -0.290399
    outer loop
      vertex 6.80104 1.64207 20.44
      vertex 4.19972 1.60978 20.5464
      vertex 4.18757 1.64207 20.44
    endloop
  endfacet
  facet normal 0 -0.956906 -0.290399
    outer loop
      vertex 4.19972 1.60978 20.5464
      vertex 6.80104 1.64207 20.44
      vertex 6.80857 1.60978 20.5464
    endloop
  endfacet
  facet normal 0 -0.995187 -0.0979904
    outer loop
      vertex -6.78838 1.69636 20.1112
      vertex -4.17124 1.68546 20.2219
      vertex -6.79092 1.68546 20.2219
    endloop
  endfacet
  facet normal 0 -0.995187 -0.0979904
    outer loop
      vertex -4.17124 1.68546 20.2219
      vertex -6.78838 1.69636 20.1112
      vertex -4.16714 1.69636 20.1112
    endloop
  endfacet
  facet normal -0 -0.995187 -0.0979904
    outer loop
      vertex 6.78838 1.69636 20.1112
      vertex 4.17124 1.68546 20.2219
      vertex 4.16714 1.69636 20.1112
    endloop
  endfacet
  facet normal 0 -0.995187 -0.0979904
    outer loop
      vertex 4.17124 1.68546 20.2219
      vertex 6.78838 1.69636 20.1112
      vertex 6.79092 1.68546 20.2219
    endloop
  endfacet
  facet normal 0 -0.881905 -0.471428
    outer loop
      vertex -6.82841 1.52468 20.7519
      vertex -4.25149 1.47224 20.85
      vertex -6.84064 1.47224 20.85
    endloop
  endfacet
  facet normal 0 -0.881905 -0.471428
    outer loop
      vertex -4.25149 1.47224 20.85
      vertex -6.82841 1.52468 20.7519
      vertex -4.23175 1.52468 20.7519
    endloop
  endfacet
  facet normal -0 -0.881905 -0.471428
    outer loop
      vertex 6.82841 1.52468 20.7519
      vertex 4.25149 1.47224 20.85
      vertex 4.23175 1.52468 20.7519
    endloop
  endfacet
  facet normal 0 -0.881905 -0.471428
    outer loop
      vertex 4.25149 1.47224 20.85
      vertex 6.82841 1.52468 20.7519
      vertex 6.84064 1.47224 20.85
    endloop
  endfacet
  facet normal 0 -0.773047 -0.634348
    outer loop
      vertex -6.86829 1.3487 21.0349
      vertex -4.31225 1.27813 21.1209
      vertex -6.87994 1.27813 21.1209
    endloop
  endfacet
  facet normal 0 -0.773047 -0.634348
    outer loop
      vertex -4.31225 1.27813 21.1209
      vertex -6.86829 1.3487 21.0349
      vertex -4.29084 1.3487 21.0349
    endloop
  endfacet
  facet normal -0 -0.773047 -0.634348
    outer loop
      vertex 6.86829 1.3487 21.0349
      vertex 4.31225 1.27813 21.1209
      vertex 4.29084 1.3487 21.0349
    endloop
  endfacet
  facet normal 0 -0.773047 -0.634348
    outer loop
      vertex 4.31225 1.27813 21.1209
      vertex 6.86829 1.3487 21.0349
      vertex 6.87994 1.27813 21.1209
    endloop
  endfacet
  facet normal -0.0125661 -0.811777 -0.583832
    outer loop
      vertex -6.85434 1.4135 20.9445
      vertex -6.86829 1.3487 21.0349
      vertex -6.8655 1.36563 21.0113
    endloop
  endfacet
  facet normal 0 -0.81276 -0.582598
    outer loop
      vertex -6.86829 1.3487 21.0349
      vertex -6.85434 1.4135 20.9445
      vertex -4.29084 1.3487 21.0349
    endloop
  endfacet
  facet normal 0 -0.81276 -0.582598
    outer loop
      vertex -4.29084 1.3487 21.0349
      vertex -6.85434 1.4135 20.9445
      vertex -4.27119 1.4135 20.9445
    endloop
  endfacet
  facet normal 0 -0.81276 -0.582598
    outer loop
      vertex 6.85434 1.4135 20.9445
      vertex 6.86829 1.3487 21.0349
      vertex 4.29084 1.3487 21.0349
    endloop
  endfacet
  facet normal -0 -0.81276 -0.582598
    outer loop
      vertex 6.85434 1.4135 20.9445
      vertex 4.29084 1.3487 21.0349
      vertex 4.27119 1.4135 20.9445
    endloop
  endfacet
  facet normal 0.0125661 -0.811777 -0.583832
    outer loop
      vertex 6.86829 1.3487 21.0349
      vertex 6.85434 1.4135 20.9445
      vertex 6.8655 1.36563 21.0113
    endloop
  endfacet
  facet normal 0 0.471814 0.881698
    outer loop
      vertex -4.43434 -0.75189 18.4753
      vertex -6.94639 -0.849999 18.5278
      vertex -4.41814 -0.849999 18.5278
    endloop
  endfacet
  facet normal 0 0.471814 0.881698
    outer loop
      vertex -6.94639 -0.849999 18.5278
      vertex -4.43434 -0.75189 18.4753
      vertex -6.95605 -0.75189 18.4753
    endloop
  endfacet
  facet normal -0 0.471814 0.881698
    outer loop
      vertex 4.43434 -0.75189 18.4753
      vertex 6.94639 -0.849999 18.5278
      vertex 6.95605 -0.75189 18.4753
    endloop
  endfacet
  facet normal 0 0.471814 0.881698
    outer loop
      vertex 6.94639 -0.849999 18.5278
      vertex 4.43434 -0.75189 18.4753
      vertex 4.41814 -0.849999 18.5278
    endloop
  endfacet
  facet normal 0 0.995187 0.0979904
    outer loop
      vertex -4.17124 -1.68546 19.7781
      vertex -6.78838 -1.69636 19.8888
      vertex -4.16714 -1.69636 19.8888
    endloop
  endfacet
  facet normal 0 0.995187 0.0979904
    outer loop
      vertex -6.78838 -1.69636 19.8888
      vertex -4.17124 -1.68546 19.7781
      vertex -6.79092 -1.68546 19.7781
    endloop
  endfacet
  facet normal -0 0.995187 0.0979904
    outer loop
      vertex 4.17124 -1.68546 19.7781
      vertex 6.78838 -1.69636 19.8888
      vertex 6.79092 -1.68546 19.7781
    endloop
  endfacet
  facet normal 0 0.995187 0.0979904
    outer loop
      vertex 6.78838 -1.69636 19.8888
      vertex 4.17124 -1.68546 19.7781
      vertex 4.16714 -1.69636 19.8888
    endloop
  endfacet
  facet normal 0 0.956906 0.290399
    outer loop
      vertex -4.19972 -1.60978 19.4536
      vertex -6.80104 -1.64207 19.56
      vertex -4.18757 -1.64207 19.56
    endloop
  endfacet
  facet normal 0 0.956906 0.290399
    outer loop
      vertex -6.80104 -1.64207 19.56
      vertex -4.19972 -1.60978 19.4536
      vertex -6.80857 -1.60978 19.4536
    endloop
  endfacet
  facet normal -0 0.956906 0.290399
    outer loop
      vertex 4.19972 -1.60978 19.4536
      vertex 6.80104 -1.64207 19.56
      vertex 6.80857 -1.60978 19.4536
    endloop
  endfacet
  facet normal 0 0.956906 0.290399
    outer loop
      vertex 6.80104 -1.64207 19.56
      vertex 4.19972 -1.60978 19.4536
      vertex 4.18757 -1.64207 19.56
    endloop
  endfacet
  facet normal 0 0.729873 0.683582
    outer loop
      vertex -4.33532 -1.20208 18.7979
      vertex -6.87994 -1.27813 18.8791
      vertex -4.31225 -1.27813 18.8791
    endloop
  endfacet
  facet normal 0 0.729873 0.683582
    outer loop
      vertex -6.87994 -1.27813 18.8791
      vertex -4.33532 -1.20208 18.7979
      vertex -6.8925 -1.20208 18.7979
    endloop
  endfacet
  facet normal -0 0.729873 0.683582
    outer loop
      vertex 4.33532 -1.20208 18.7979
      vertex 6.87994 -1.27813 18.8791
      vertex 6.8925 -1.20208 18.7979
    endloop
  endfacet
  facet normal 0 0.729873 0.683582
    outer loop
      vertex 6.87994 -1.27813 18.8791
      vertex 4.33532 -1.20208 18.7979
      vertex 4.31225 -1.27813 18.8791
    endloop
  endfacet
  facet normal 0 0.849057 0.528302
    outer loop
      vertex -4.26118 -1.44648 19.1086
      vertex -6.84064 -1.47224 19.15
      vertex -4.25149 -1.47224 19.15
    endloop
  endfacet
  facet normal -1.53593e-05 0.849486 0.527612
    outer loop
      vertex -4.27119 -1.4135 19.0555
      vertex -6.84064 -1.47224 19.15
      vertex -4.26118 -1.44648 19.1086
    endloop
  endfacet
  facet normal 0 0.849298 0.527913
    outer loop
      vertex -6.84064 -1.47224 19.15
      vertex -4.27119 -1.4135 19.0555
      vertex -6.85434 -1.4135 19.0555
    endloop
  endfacet
  facet normal 0 0.849057 0.528302
    outer loop
      vertex 6.84064 -1.47224 19.15
      vertex 4.26118 -1.44648 19.1086
      vertex 4.25149 -1.47224 19.15
    endloop
  endfacet
  facet normal -0 0.849298 0.527913
    outer loop
      vertex 4.27119 -1.4135 19.0555
      vertex 6.84064 -1.47224 19.15
      vertex 6.85434 -1.4135 19.0555
    endloop
  endfacet
  facet normal 1.53593e-05 0.849486 0.527612
    outer loop
      vertex 6.84064 -1.47224 19.15
      vertex 4.27119 -1.4135 19.0555
      vertex 4.26118 -1.44648 19.1086
    endloop
  endfacet
  facet normal 0 0.910825 0.412793
    outer loop
      vertex -4.23175 -1.52468 19.2481
      vertex -6.81771 -1.57059 19.3494
      vertex -4.21447 -1.57059 19.3494
    endloop
  endfacet
  facet normal 0 0.910825 0.412793
    outer loop
      vertex -6.81771 -1.57059 19.3494
      vertex -4.23175 -1.52468 19.2481
      vertex -6.82841 -1.52468 19.2481
    endloop
  endfacet
  facet normal -0 0.910825 0.412793
    outer loop
      vertex 4.23175 -1.52468 19.2481
      vertex 6.81771 -1.57059 19.3494
      vertex 6.82841 -1.52468 19.2481
    endloop
  endfacet
  facet normal 0 0.910825 0.412793
    outer loop
      vertex 6.81771 -1.57059 19.3494
      vertex 4.23175 -1.52468 19.2481
      vertex 4.21447 -1.57059 19.3494
    endloop
  endfacet
  facet normal 0 0.956906 -0.290399
    outer loop
      vertex -6.80104 -1.64207 20.44
      vertex -4.19972 -1.60978 20.5464
      vertex -4.18757 -1.64207 20.44
    endloop
  endfacet
  facet normal 0 0.956906 -0.290399
    outer loop
      vertex -4.19972 -1.60978 20.5464
      vertex -6.80104 -1.64207 20.44
      vertex -6.80857 -1.60978 20.5464
    endloop
  endfacet
  facet normal 0 0.956906 -0.290399
    outer loop
      vertex 6.80104 -1.64207 20.44
      vertex 4.19972 -1.60978 20.5464
      vertex 6.80857 -1.60978 20.5464
    endloop
  endfacet
  facet normal 0 0.956906 -0.290399
    outer loop
      vertex 4.19972 -1.60978 20.5464
      vertex 6.80104 -1.64207 20.44
      vertex 4.18757 -1.64207 20.44
    endloop
  endfacet
  facet normal 0 0.935989 -0.352029
    outer loop
      vertex -6.80857 -1.60978 20.5464
      vertex -4.21447 -1.57059 20.6506
      vertex -4.19972 -1.60978 20.5464
    endloop
  endfacet
  facet normal 0 0.935989 -0.352029
    outer loop
      vertex -4.21447 -1.57059 20.6506
      vertex -6.80857 -1.60978 20.5464
      vertex -6.81771 -1.57059 20.6506
    endloop
  endfacet
  facet normal 0 0.935989 -0.352029
    outer loop
      vertex 6.80857 -1.60978 20.5464
      vertex 4.21447 -1.57059 20.6506
      vertex 6.81771 -1.57059 20.6506
    endloop
  endfacet
  facet normal 0 0.935989 -0.352029
    outer loop
      vertex 4.21447 -1.57059 20.6506
      vertex 6.80857 -1.60978 20.5464
      vertex 4.19972 -1.60978 20.5464
    endloop
  endfacet
  facet normal 0 0.986641 -0.162913
    outer loop
      vertex -6.79092 -1.68546 20.2219
      vertex -4.17806 -1.66733 20.3317
      vertex -4.17124 -1.68546 20.2219
    endloop
  endfacet
  facet normal 0 0.986641 -0.162913
    outer loop
      vertex -4.17806 -1.66733 20.3317
      vertex -6.79092 -1.68546 20.2219
      vertex -6.79515 -1.66733 20.3317
    endloop
  endfacet
  facet normal 0 0.986641 -0.162913
    outer loop
      vertex 6.79092 -1.68546 20.2219
      vertex 4.17806 -1.66733 20.3317
      vertex 6.79515 -1.66733 20.3317
    endloop
  endfacet
  facet normal 0 0.986641 -0.162913
    outer loop
      vertex 4.17806 -1.66733 20.3317
      vertex 6.79092 -1.68546 20.2219
      vertex 4.17124 -1.68546 20.2219
    endloop
  endfacet
  facet normal 0 0.995187 -0.0979904
    outer loop
      vertex -6.78838 -1.69636 20.1112
      vertex -4.17124 -1.68546 20.2219
      vertex -4.16714 -1.69636 20.1112
    endloop
  endfacet
  facet normal 0 0.995187 -0.0979904
    outer loop
      vertex -4.17124 -1.68546 20.2219
      vertex -6.78838 -1.69636 20.1112
      vertex -6.79092 -1.68546 20.2219
    endloop
  endfacet
  facet normal 0 0.995187 -0.0979904
    outer loop
      vertex 6.78838 -1.69636 20.1112
      vertex 4.17124 -1.68546 20.2219
      vertex 6.79092 -1.68546 20.2219
    endloop
  endfacet
  facet normal 0 0.995187 -0.0979904
    outer loop
      vertex 4.17124 -1.68546 20.2219
      vertex 6.78838 -1.69636 20.1112
      vertex 4.16714 -1.69636 20.1112
    endloop
  endfacet
  facet normal -1.53593e-05 0.849486 -0.527612
    outer loop
      vertex -6.84064 -1.47224 20.85
      vertex -4.27119 -1.4135 20.9445
      vertex -4.26118 -1.44648 20.8914
    endloop
  endfacet
  facet normal 0 0.849057 -0.528302
    outer loop
      vertex -6.84064 -1.47224 20.85
      vertex -4.26118 -1.44648 20.8914
      vertex -4.25149 -1.47224 20.85
    endloop
  endfacet
  facet normal 0 0.849298 -0.527913
    outer loop
      vertex -4.27119 -1.4135 20.9445
      vertex -6.84064 -1.47224 20.85
      vertex -6.85434 -1.4135 20.9445
    endloop
  endfacet
  facet normal 0 0.849298 -0.527913
    outer loop
      vertex 6.84064 -1.47224 20.85
      vertex 4.27119 -1.4135 20.9445
      vertex 6.85434 -1.4135 20.9445
    endloop
  endfacet
  facet normal 1.53593e-05 0.849486 -0.527612
    outer loop
      vertex 4.27119 -1.4135 20.9445
      vertex 6.84064 -1.47224 20.85
      vertex 4.26118 -1.44648 20.8914
    endloop
  endfacet
  facet normal 0 0.849057 -0.528302
    outer loop
      vertex 4.26118 -1.44648 20.8914
      vertex 6.84064 -1.47224 20.85
      vertex 4.25149 -1.47224 20.85
    endloop
  endfacet
  facet normal 0 0.881905 -0.471428
    outer loop
      vertex -6.82841 -1.52468 20.7519
      vertex -4.25149 -1.47224 20.85
      vertex -4.23175 -1.52468 20.7519
    endloop
  endfacet
  facet normal 0 0.881905 -0.471428
    outer loop
      vertex -4.25149 -1.47224 20.85
      vertex -6.82841 -1.52468 20.7519
      vertex -6.84064 -1.47224 20.85
    endloop
  endfacet
  facet normal 0 0.881905 -0.471428
    outer loop
      vertex 6.82841 -1.52468 20.7519
      vertex 4.25149 -1.47224 20.85
      vertex 6.84064 -1.47224 20.85
    endloop
  endfacet
  facet normal 0 0.881905 -0.471428
    outer loop
      vertex 4.25149 -1.47224 20.85
      vertex 6.82841 -1.52468 20.7519
      vertex 4.23175 -1.52468 20.7519
    endloop
  endfacet
  facet normal 0 0.773047 -0.634348
    outer loop
      vertex -6.86829 -1.3487 21.0349
      vertex -4.31225 -1.27813 21.1209
      vertex -4.29084 -1.3487 21.0349
    endloop
  endfacet
  facet normal 0 0.773047 -0.634348
    outer loop
      vertex -4.31225 -1.27813 21.1209
      vertex -6.86829 -1.3487 21.0349
      vertex -6.87994 -1.27813 21.1209
    endloop
  endfacet
  facet normal 0 0.773047 -0.634348
    outer loop
      vertex 6.86829 -1.3487 21.0349
      vertex 4.31225 -1.27813 21.1209
      vertex 6.87994 -1.27813 21.1209
    endloop
  endfacet
  facet normal 0 0.773047 -0.634348
    outer loop
      vertex 4.31225 -1.27813 21.1209
      vertex 6.86829 -1.3487 21.0349
      vertex 4.29084 -1.3487 21.0349
    endloop
  endfacet
  facet normal 0 0.290344 -0.956922
    outer loop
      vertex -6.97628 -0.546447 21.6098
      vertex -4.47602 -0.439992 21.6421
      vertex -4.46553 -0.546447 21.6098
    endloop
  endfacet
  facet normal -0.00974085 0.289549 -0.957114
    outer loop
      vertex -6.9856 -0.439992 21.6421
      vertex -6.97628 -0.546447 21.6098
      vertex -6.98501 -0.457822 21.6367
    endloop
  endfacet
  facet normal 0 0.290344 -0.956922
    outer loop
      vertex -6.97628 -0.546447 21.6098
      vertex -6.9856 -0.439992 21.6421
      vertex -4.47602 -0.439992 21.6421
    endloop
  endfacet
  facet normal 0.00974085 0.289549 -0.957114
    outer loop
      vertex 6.97628 -0.546447 21.6098
      vertex 6.9856 -0.439992 21.6421
      vertex 6.98501 -0.457822 21.6367
    endloop
  endfacet
  facet normal 0 0.290344 -0.956922
    outer loop
      vertex 6.97628 -0.546447 21.6098
      vertex 4.47602 -0.439992 21.6421
      vertex 6.9856 -0.439992 21.6421
    endloop
  endfacet
  facet normal 0 0.290344 -0.956922
    outer loop
      vertex 4.47602 -0.439992 21.6421
      vertex 6.97628 -0.546447 21.6098
      vertex 4.46553 -0.546447 21.6098
    endloop
  endfacet
  facet normal 0 0.0979826 -0.995188
    outer loop
      vertex -6.99274 -0.221894 21.6855
      vertex -4.49636 -0.111185 21.6964
      vertex -4.49274 -0.221894 21.6855
    endloop
  endfacet
  facet normal 0 0.0979826 -0.995188
    outer loop
      vertex -4.49636 -0.111185 21.6964
      vertex -6.99274 -0.221894 21.6855
      vertex -6.99636 -0.111185 21.6964
    endloop
  endfacet
  facet normal 0 0.0979826 -0.995188
    outer loop
      vertex 6.99274 -0.221894 21.6855
      vertex 4.49636 -0.111185 21.6964
      vertex 6.99636 -0.111185 21.6964
    endloop
  endfacet
  facet normal 0 0.0979826 -0.995188
    outer loop
      vertex 4.49636 -0.111185 21.6964
      vertex 6.99274 -0.221894 21.6855
      vertex 4.49274 -0.221894 21.6855
    endloop
  endfacet
  facet normal 0 0.471814 -0.881698
    outer loop
      vertex -6.94639 -0.849999 21.4722
      vertex -4.43434 -0.75189 21.5247
      vertex -4.41814 -0.849999 21.4722
    endloop
  endfacet
  facet normal 0 0.471814 -0.881698
    outer loop
      vertex -4.43434 -0.75189 21.5247
      vertex -6.94639 -0.849999 21.4722
      vertex -6.95605 -0.75189 21.5247
    endloop
  endfacet
  facet normal 0 0.471814 -0.881698
    outer loop
      vertex 6.94639 -0.849999 21.4722
      vertex 4.43434 -0.75189 21.5247
      vertex 6.95605 -0.75189 21.5247
    endloop
  endfacet
  facet normal 0 0.471814 -0.881698
    outer loop
      vertex 4.43434 -0.75189 21.5247
      vertex 6.94639 -0.849999 21.4722
      vertex 4.41814 -0.849999 21.4722
    endloop
  endfacet
  facet normal 0 0.634509 -0.772915
    outer loop
      vertex -6.9059 -1.12089 21.2781
      vertex -4.37693 -1.03489 21.3487
      vertex -4.35688 -1.12089 21.2781
    endloop
  endfacet
  facet normal 0 0.634509 -0.772915
    outer loop
      vertex -4.37693 -1.03489 21.3487
      vertex -6.9059 -1.12089 21.2781
      vertex -6.9201 -1.03489 21.3487
    endloop
  endfacet
  facet normal 0 0.634509 -0.772915
    outer loop
      vertex 6.9059 -1.12089 21.2781
      vertex 4.37693 -1.03489 21.3487
      vertex 6.9201 -1.03489 21.3487
    endloop
  endfacet
  facet normal 0 0.634509 -0.772915
    outer loop
      vertex 4.37693 -1.03489 21.3487
      vertex 6.9059 -1.12089 21.2781
      vertex 4.35688 -1.12089 21.2781
    endloop
  endfacet
  facet normal 0 0.582504 -0.812827
    outer loop
      vertex -6.9201 -1.03489 21.3487
      vertex -4.39801 -0.944468 21.4135
      vertex -4.37693 -1.03489 21.3487
    endloop
  endfacet
  facet normal 0 0.582504 -0.812827
    outer loop
      vertex -4.39801 -0.944468 21.4135
      vertex -6.9201 -1.03489 21.3487
      vertex -6.93503 -0.944468 21.4135
    endloop
  endfacet
  facet normal 0 0.582504 -0.812827
    outer loop
      vertex 6.9201 -1.03489 21.3487
      vertex 4.39801 -0.944468 21.4135
      vertex 6.93503 -0.944468 21.4135
    endloop
  endfacet
  facet normal 0 0.582504 -0.812827
    outer loop
      vertex 4.39801 -0.944468 21.4135
      vertex 6.9201 -1.03489 21.3487
      vertex 4.37693 -1.03489 21.3487
    endloop
  endfacet
  facet normal 0 -0.163799 0.986494
    outer loop
      vertex -6.98914 0.331653 18.3327
      vertex -4.49037 0.294313 18.3265
      vertex -4.48669 0.331653 18.3327
    endloop
  endfacet
  facet normal 5.00121e-06 -0.163473 0.986548
    outer loop
      vertex -6.98914 0.331653 18.3327
      vertex -4.49274 0.221894 18.3145
      vertex -4.49037 0.294313 18.3265
    endloop
  endfacet
  facet normal 0 -0.163584 0.986529
    outer loop
      vertex -4.49274 0.221894 18.3145
      vertex -6.98914 0.331653 18.3327
      vertex -6.99274 0.221894 18.3145
    endloop
  endfacet
  facet normal 0 -0.163584 0.986529
    outer loop
      vertex 6.98914 0.331653 18.3327
      vertex 4.49274 0.221894 18.3145
      vertex 6.99274 0.221894 18.3145
    endloop
  endfacet
  facet normal -5.00121e-06 -0.163473 0.986548
    outer loop
      vertex 6.98914 0.331653 18.3327
      vertex 4.49037 0.294313 18.3265
      vertex 4.49274 0.221894 18.3145
    endloop
  endfacet
  facet normal 0 -0.163799 0.986494
    outer loop
      vertex 4.49037 0.294313 18.3265
      vertex 6.98914 0.331653 18.3327
      vertex 4.48669 0.331653 18.3327
    endloop
  endfacet
  facet normal 0 -0.352451 0.93583
    outer loop
      vertex -6.96603 0.650561 18.4294
      vertex -4.4615 0.587367 18.4056
      vertex -4.45107 0.650561 18.4294
    endloop
  endfacet
  facet normal 6.4532e-06 -0.352227 0.935915
    outer loop
      vertex -6.96603 0.650561 18.4294
      vertex -4.46553 0.546447 18.3902
      vertex -4.4615 0.587367 18.4056
    endloop
  endfacet
  facet normal 0 -0.352362 0.935864
    outer loop
      vertex -4.46553 0.546447 18.3902
      vertex -6.96603 0.650561 18.4294
      vertex -6.97628 0.546447 18.3902
    endloop
  endfacet
  facet normal 0 -0.352362 0.935864
    outer loop
      vertex 6.96603 0.650561 18.4294
      vertex 4.46553 0.546447 18.3902
      vertex 6.97628 0.546447 18.3902
    endloop
  endfacet
  facet normal -6.4532e-06 -0.352227 0.935915
    outer loop
      vertex 6.96603 0.650561 18.4294
      vertex 4.4615 0.587367 18.4056
      vertex 4.46553 0.546447 18.3902
    endloop
  endfacet
  facet normal 0 -0.352451 0.93583
    outer loop
      vertex 4.4615 0.587367 18.4056
      vertex 6.96603 0.650561 18.4294
      vertex 4.45107 0.650561 18.4294
    endloop
  endfacet
  facet normal 0 -0.528151 0.84915
    outer loop
      vertex -6.93503 0.944468 18.5865
      vertex -4.41353 0.877906 18.5451
      vertex -4.39801 0.944468 18.5865
    endloop
  endfacet
  facet normal 4.6026e-05 -0.526894 0.849931
    outer loop
      vertex -6.93503 0.944468 18.5865
      vertex -4.41814 0.849999 18.5278
      vertex -4.41353 0.877906 18.5451
    endloop
  endfacet
  facet normal 0.0177341 -0.529233 0.848291
    outer loop
      vertex -6.94639 0.849999 18.5278
      vertex -6.93503 0.944468 18.5865
      vertex -6.94011 0.913683 18.5674
    endloop
  endfacet
  facet normal 0 -0.527779 0.849382
    outer loop
      vertex -6.93503 0.944468 18.5865
      vertex -6.94639 0.849999 18.5278
      vertex -4.41814 0.849999 18.5278
    endloop
  endfacet
  facet normal -0.0177341 -0.529233 0.848291
    outer loop
      vertex 6.93503 0.944468 18.5865
      vertex 6.94639 0.849999 18.5278
      vertex 6.94011 0.913683 18.5674
    endloop
  endfacet
  facet normal 0 -0.527779 0.849382
    outer loop
      vertex 6.93503 0.944468 18.5865
      vertex 4.41814 0.849999 18.5278
      vertex 6.94639 0.849999 18.5278
    endloop
  endfacet
  facet normal -4.6026e-05 -0.526894 0.849931
    outer loop
      vertex 6.93503 0.944468 18.5865
      vertex 4.41353 0.877906 18.5451
      vertex 4.41814 0.849999 18.5278
    endloop
  endfacet
  facet normal 0 -0.528151 0.84915
    outer loop
      vertex 4.41353 0.877906 18.5451
      vertex 6.93503 0.944468 18.5865
      vertex 4.39801 0.944468 18.5865
    endloop
  endfacet
  facet normal 0 -0.729873 0.683582
    outer loop
      vertex -4.33532 1.20208 18.7979
      vertex -6.87994 1.27813 18.8791
      vertex -6.8925 1.20208 18.7979
    endloop
  endfacet
  facet normal 0 -0.729873 0.683582
    outer loop
      vertex -6.87994 1.27813 18.8791
      vertex -4.33532 1.20208 18.7979
      vertex -4.31225 1.27813 18.8791
    endloop
  endfacet
  facet normal 0 -0.729873 0.683582
    outer loop
      vertex 4.33532 1.20208 18.7979
      vertex 6.87994 1.27813 18.8791
      vertex 4.31225 1.27813 18.8791
    endloop
  endfacet
  facet normal 0 -0.729873 0.683582
    outer loop
      vertex 6.87994 1.27813 18.8791
      vertex 4.33532 1.20208 18.7979
      vertex 6.8925 1.20208 18.7979
    endloop
  endfacet
  facet normal 0 -0.881905 0.471428
    outer loop
      vertex -4.25149 1.47224 19.15
      vertex -6.82841 1.52468 19.2481
      vertex -6.84064 1.47224 19.15
    endloop
  endfacet
  facet normal 0 -0.881905 0.471428
    outer loop
      vertex -6.82841 1.52468 19.2481
      vertex -4.25149 1.47224 19.15
      vertex -4.23175 1.52468 19.2481
    endloop
  endfacet
  facet normal 0 -0.881905 0.471428
    outer loop
      vertex 4.25149 1.47224 19.15
      vertex 6.82841 1.52468 19.2481
      vertex 4.23175 1.52468 19.2481
    endloop
  endfacet
  facet normal 0 -0.881905 0.471428
    outer loop
      vertex 6.82841 1.52468 19.2481
      vertex 4.25149 1.47224 19.15
      vertex 6.84064 1.47224 19.15
    endloop
  endfacet
  facet normal 0 -0.995187 0.0979904
    outer loop
      vertex -4.17124 1.68546 19.7781
      vertex -6.78838 1.69636 19.8888
      vertex -6.79092 1.68546 19.7781
    endloop
  endfacet
  facet normal 0 -0.995187 0.0979904
    outer loop
      vertex -6.78838 1.69636 19.8888
      vertex -4.17124 1.68546 19.7781
      vertex -4.16714 1.69636 19.8888
    endloop
  endfacet
  facet normal 0 -0.995187 0.0979904
    outer loop
      vertex 4.17124 1.68546 19.7781
      vertex 6.78838 1.69636 19.8888
      vertex 4.16714 1.69636 19.8888
    endloop
  endfacet
  facet normal 0 -0.995187 0.0979904
    outer loop
      vertex 6.78838 1.69636 19.8888
      vertex 4.17124 1.68546 19.7781
      vertex 6.79092 1.68546 19.7781
    endloop
  endfacet
  facet normal 0 -0.956906 0.290399
    outer loop
      vertex -4.19972 1.60978 19.4536
      vertex -6.80104 1.64207 19.56
      vertex -6.80857 1.60978 19.4536
    endloop
  endfacet
  facet normal 0 -0.956906 0.290399
    outer loop
      vertex -6.80104 1.64207 19.56
      vertex -4.19972 1.60978 19.4536
      vertex -4.18757 1.64207 19.56
    endloop
  endfacet
  facet normal 0 -0.956906 0.290399
    outer loop
      vertex 4.19972 1.60978 19.4536
      vertex 6.80104 1.64207 19.56
      vertex 4.18757 1.64207 19.56
    endloop
  endfacet
  facet normal 0 -0.956906 0.290399
    outer loop
      vertex 6.80104 1.64207 19.56
      vertex 4.19972 1.60978 19.4536
      vertex 6.80857 1.60978 19.4536
    endloop
  endfacet
  facet normal 0 0.226555 0.973998
    outer loop
      vertex -4.48669 -0.331653 18.3327
      vertex -6.9856 -0.439992 18.3579
      vertex -4.47602 -0.439992 18.3579
    endloop
  endfacet
  facet normal 0 0.226555 0.973998
    outer loop
      vertex -6.9856 -0.439992 18.3579
      vertex -4.48669 -0.331653 18.3327
      vertex -6.98914 -0.331653 18.3327
    endloop
  endfacet
  facet normal -0 0.226555 0.973998
    outer loop
      vertex 4.48669 -0.331653 18.3327
      vertex 6.9856 -0.439992 18.3579
      vertex 6.98914 -0.331653 18.3327
    endloop
  endfacet
  facet normal 0 0.226555 0.973998
    outer loop
      vertex 6.9856 -0.439992 18.3579
      vertex 4.48669 -0.331653 18.3327
      vertex 4.47602 -0.439992 18.3579
    endloop
  endfacet
  facet normal 0 0.0323615 0.999476
    outer loop
      vertex -4.5 0 18.3
      vertex -6.99636 -0.111185 18.3036
      vertex -4.49636 -0.111185 18.3036
    endloop
  endfacet
  facet normal 0 0.0323615 0.999476
    outer loop
      vertex -6.99636 -0.111185 18.3036
      vertex -4.5 0 18.3
      vertex -7 0 18.3
    endloop
  endfacet
  facet normal -0 0.0323615 0.999476
    outer loop
      vertex 4.5 0 18.3
      vertex 6.99636 -0.111185 18.3036
      vertex 7 0 18.3
    endloop
  endfacet
  facet normal 0 0.0323615 0.999476
    outer loop
      vertex 6.99636 -0.111185 18.3036
      vertex 4.5 0 18.3
      vertex 4.49636 -0.111185 18.3036
    endloop
  endfacet
  facet normal 0 0.528151 0.84915
    outer loop
      vertex -4.41353 -0.877906 18.5451
      vertex -6.93503 -0.944468 18.5865
      vertex -4.39801 -0.944468 18.5865
    endloop
  endfacet
  facet normal 4.6026e-05 0.526894 0.849931
    outer loop
      vertex -4.41814 -0.849999 18.5278
      vertex -6.93503 -0.944468 18.5865
      vertex -4.41353 -0.877906 18.5451
    endloop
  endfacet
  facet normal -0 0.527779 0.849382
    outer loop
      vertex -6.94639 -0.849999 18.5278
      vertex -6.93503 -0.944468 18.5865
      vertex -4.41814 -0.849999 18.5278
    endloop
  endfacet
  facet normal 0.0177341 0.529233 0.848291
    outer loop
      vertex -6.93503 -0.944468 18.5865
      vertex -6.94639 -0.849999 18.5278
      vertex -6.94011 -0.913683 18.5674
    endloop
  endfacet
  facet normal -0.0177341 0.529233 0.848291
    outer loop
      vertex 6.94639 -0.849999 18.5278
      vertex 6.93503 -0.944468 18.5865
      vertex 6.94011 -0.913683 18.5674
    endloop
  endfacet
  facet normal -0 0.527779 0.849382
    outer loop
      vertex 4.41814 -0.849999 18.5278
      vertex 6.93503 -0.944468 18.5865
      vertex 6.94639 -0.849999 18.5278
    endloop
  endfacet
  facet normal -4.6026e-05 0.526894 0.849931
    outer loop
      vertex 4.41353 -0.877906 18.5451
      vertex 6.93503 -0.944468 18.5865
      vertex 4.41814 -0.849999 18.5278
    endloop
  endfacet
  facet normal 0 0.528151 0.84915
    outer loop
      vertex 6.93503 -0.944468 18.5865
      vertex 4.41353 -0.877906 18.5451
      vertex 4.39801 -0.944468 18.5865
    endloop
  endfacet
  facet normal 0 0.412621 0.910903
    outer loop
      vertex -4.45107 -0.650561 18.4294
      vertex -6.95605 -0.75189 18.4753
      vertex -4.43434 -0.75189 18.4753
    endloop
  endfacet
  facet normal 0 0.412621 0.910903
    outer loop
      vertex -6.95605 -0.75189 18.4753
      vertex -4.45107 -0.650561 18.4294
      vertex -6.96603 -0.650561 18.4294
    endloop
  endfacet
  facet normal -0 0.412621 0.910903
    outer loop
      vertex 4.45107 -0.650561 18.4294
      vertex 6.95605 -0.75189 18.4753
      vertex 6.96603 -0.650561 18.4294
    endloop
  endfacet
  facet normal 0 0.412621 0.910903
    outer loop
      vertex 6.95605 -0.75189 18.4753
      vertex 4.45107 -0.650561 18.4294
      vertex 4.43434 -0.75189 18.4753
    endloop
  endfacet
  facet normal 0 0.935989 0.352029
    outer loop
      vertex -4.21447 -1.57059 19.3494
      vertex -6.80857 -1.60978 19.4536
      vertex -4.19972 -1.60978 19.4536
    endloop
  endfacet
  facet normal 0 0.935989 0.352029
    outer loop
      vertex -6.80857 -1.60978 19.4536
      vertex -4.21447 -1.57059 19.3494
      vertex -6.81771 -1.57059 19.3494
    endloop
  endfacet
  facet normal -0 0.935989 0.352029
    outer loop
      vertex 4.21447 -1.57059 19.3494
      vertex 6.80857 -1.60978 19.4536
      vertex 6.81771 -1.57059 19.3494
    endloop
  endfacet
  facet normal 0 0.935989 0.352029
    outer loop
      vertex 6.80857 -1.60978 19.4536
      vertex 4.21447 -1.57059 19.3494
      vertex 4.19972 -1.60978 19.4536
    endloop
  endfacet
  facet normal 0 0.683389 0.730055
    outer loop
      vertex -4.34667 -1.16469 18.7629
      vertex -6.8925 -1.20208 18.7979
      vertex -4.33532 -1.20208 18.7979
    endloop
  endfacet
  facet normal 6.52482e-08 0.683386 0.730057
    outer loop
      vertex -4.35688 -1.12089 18.7219
      vertex -6.8925 -1.20208 18.7979
      vertex -4.34667 -1.16469 18.7629
    endloop
  endfacet
  facet normal 0 0.683388 0.730056
    outer loop
      vertex -6.8925 -1.20208 18.7979
      vertex -4.35688 -1.12089 18.7219
      vertex -6.9059 -1.12089 18.7219
    endloop
  endfacet
  facet normal -0 0.683388 0.730056
    outer loop
      vertex 4.35688 -1.12089 18.7219
      vertex 6.8925 -1.20208 18.7979
      vertex 6.9059 -1.12089 18.7219
    endloop
  endfacet
  facet normal -6.52482e-08 0.683386 0.730057
    outer loop
      vertex 4.34667 -1.16469 18.7629
      vertex 6.8925 -1.20208 18.7979
      vertex 4.35688 -1.12089 18.7219
    endloop
  endfacet
  facet normal 0 0.683389 0.730055
    outer loop
      vertex 6.8925 -1.20208 18.7979
      vertex 4.34667 -1.16469 18.7629
      vertex 4.33532 -1.20208 18.7979
    endloop
  endfacet
  facet normal 0 0.881905 0.471428
    outer loop
      vertex -4.25149 -1.47224 19.15
      vertex -6.82841 -1.52468 19.2481
      vertex -4.23175 -1.52468 19.2481
    endloop
  endfacet
  facet normal 0 0.881905 0.471428
    outer loop
      vertex -6.82841 -1.52468 19.2481
      vertex -4.25149 -1.47224 19.15
      vertex -6.84064 -1.47224 19.15
    endloop
  endfacet
  facet normal -0 0.881905 0.471428
    outer loop
      vertex 4.25149 -1.47224 19.15
      vertex 6.82841 -1.52468 19.2481
      vertex 6.84064 -1.47224 19.15
    endloop
  endfacet
  facet normal 0 0.881905 0.471428
    outer loop
      vertex 6.82841 -1.52468 19.2481
      vertex 4.25149 -1.47224 19.15
      vertex 4.23175 -1.52468 19.2481
    endloop
  endfacet
  facet normal 0 0.163799 0.986494
    outer loop
      vertex -4.49037 -0.294313 18.3265
      vertex -6.98914 -0.331653 18.3327
      vertex -4.48669 -0.331653 18.3327
    endloop
  endfacet
  facet normal 5.00121e-06 0.163473 0.986548
    outer loop
      vertex -4.49274 -0.221894 18.3145
      vertex -6.98914 -0.331653 18.3327
      vertex -4.49037 -0.294313 18.3265
    endloop
  endfacet
  facet normal 0 0.163584 0.986529
    outer loop
      vertex -6.98914 -0.331653 18.3327
      vertex -4.49274 -0.221894 18.3145
      vertex -6.99274 -0.221894 18.3145
    endloop
  endfacet
  facet normal -0 0.163584 0.986529
    outer loop
      vertex 4.49274 -0.221894 18.3145
      vertex 6.98914 -0.331653 18.3327
      vertex 6.99274 -0.221894 18.3145
    endloop
  endfacet
  facet normal -5.00121e-06 0.163473 0.986548
    outer loop
      vertex 4.49037 -0.294313 18.3265
      vertex 6.98914 -0.331653 18.3327
      vertex 4.49274 -0.221894 18.3145
    endloop
  endfacet
  facet normal 0 0.163799 0.986494
    outer loop
      vertex 6.98914 -0.331653 18.3327
      vertex 4.49037 -0.294313 18.3265
      vertex 4.48669 -0.331653 18.3327
    endloop
  endfacet
  facet normal 0 0.582504 0.812827
    outer loop
      vertex -4.39801 -0.944468 18.5865
      vertex -6.9201 -1.03489 18.6513
      vertex -4.37693 -1.03489 18.6513
    endloop
  endfacet
  facet normal 0 0.582504 0.812827
    outer loop
      vertex -6.9201 -1.03489 18.6513
      vertex -4.39801 -0.944468 18.5865
      vertex -6.93503 -0.944468 18.5865
    endloop
  endfacet
  facet normal -0 0.582504 0.812827
    outer loop
      vertex 4.39801 -0.944468 18.5865
      vertex 6.9201 -1.03489 18.6513
      vertex 6.93503 -0.944468 18.5865
    endloop
  endfacet
  facet normal 0 0.582504 0.812827
    outer loop
      vertex 6.9201 -1.03489 18.6513
      vertex 4.39801 -0.944468 18.5865
      vertex 4.37693 -1.03489 18.6513
    endloop
  endfacet
  facet normal 0 0.634509 0.772915
    outer loop
      vertex -4.37693 -1.03489 18.6513
      vertex -6.9059 -1.12089 18.7219
      vertex -4.35688 -1.12089 18.7219
    endloop
  endfacet
  facet normal 0 0.634509 0.772915
    outer loop
      vertex -6.9059 -1.12089 18.7219
      vertex -4.37693 -1.03489 18.6513
      vertex -6.9201 -1.03489 18.6513
    endloop
  endfacet
  facet normal -0 0.634509 0.772915
    outer loop
      vertex 4.37693 -1.03489 18.6513
      vertex 6.9059 -1.12089 18.7219
      vertex 6.9201 -1.03489 18.6513
    endloop
  endfacet
  facet normal 0 0.634509 0.772915
    outer loop
      vertex 6.9059 -1.12089 18.7219
      vertex 4.37693 -1.03489 18.6513
      vertex 4.35688 -1.12089 18.7219
    endloop
  endfacet
  facet normal 0 -0.773047 0.634348
    outer loop
      vertex -4.31225 1.27813 25.8791
      vertex -6.86829 1.3487 25.9651
      vertex -6.87994 1.27813 25.8791
    endloop
  endfacet
  facet normal 0 -0.773047 0.634348
    outer loop
      vertex -6.86829 1.3487 25.9651
      vertex -4.31225 1.27813 25.8791
      vertex -4.29084 1.3487 25.9651
    endloop
  endfacet
  facet normal 0 -0.773047 0.634348
    outer loop
      vertex 4.31225 1.27813 25.8791
      vertex 6.86829 1.3487 25.9651
      vertex 4.29084 1.3487 25.9651
    endloop
  endfacet
  facet normal 0 -0.773047 0.634348
    outer loop
      vertex 6.86829 1.3487 25.9651
      vertex 4.31225 1.27813 25.8791
      vertex 6.87994 1.27813 25.8791
    endloop
  endfacet
  facet normal 0 -0.935989 -0.352029
    outer loop
      vertex -6.80857 1.60978 27.5464
      vertex -4.21447 1.57059 27.6506
      vertex -6.81771 1.57059 27.6506
    endloop
  endfacet
  facet normal 0 -0.935989 -0.352029
    outer loop
      vertex -4.21447 1.57059 27.6506
      vertex -6.80857 1.60978 27.5464
      vertex -4.19972 1.60978 27.5464
    endloop
  endfacet
  facet normal -0 -0.935989 -0.352029
    outer loop
      vertex 6.80857 1.60978 27.5464
      vertex 4.21447 1.57059 27.6506
      vertex 4.19972 1.60978 27.5464
    endloop
  endfacet
  facet normal 0 -0.935989 -0.352029
    outer loop
      vertex 4.21447 1.57059 27.6506
      vertex 6.80857 1.60978 27.5464
      vertex 6.81771 1.57059 27.6506
    endloop
  endfacet
  facet normal 0 -0.412621 -0.910903
    outer loop
      vertex -4.45107 0.650561 28.5706
      vertex -6.95605 0.75189 28.5247
      vertex -4.43434 0.75189 28.5247
    endloop
  endfacet
  facet normal 0 -0.412621 -0.910903
    outer loop
      vertex -6.95605 0.75189 28.5247
      vertex -4.45107 0.650561 28.5706
      vertex -6.96603 0.650561 28.5706
    endloop
  endfacet
  facet normal 0 -0.412621 -0.910903
    outer loop
      vertex 4.45107 0.650561 28.5706
      vertex 6.95605 0.75189 28.5247
      vertex 6.96603 0.650561 28.5706
    endloop
  endfacet
  facet normal -0 -0.412621 -0.910903
    outer loop
      vertex 6.95605 0.75189 28.5247
      vertex 4.45107 0.650561 28.5706
      vertex 4.43434 0.75189 28.5247
    endloop
  endfacet
  facet normal 0 0.0979826 0.995188
    outer loop
      vertex -4.49636 -0.111185 25.3036
      vertex -6.99274 -0.221894 25.3145
      vertex -4.49274 -0.221894 25.3145
    endloop
  endfacet
  facet normal 0 0.0979826 0.995188
    outer loop
      vertex -6.99274 -0.221894 25.3145
      vertex -4.49636 -0.111185 25.3036
      vertex -6.99636 -0.111185 25.3036
    endloop
  endfacet
  facet normal -0 0.0979826 0.995188
    outer loop
      vertex 4.49636 -0.111185 25.3036
      vertex 6.99274 -0.221894 25.3145
      vertex 6.99636 -0.111185 25.3036
    endloop
  endfacet
  facet normal 0 0.0979826 0.995188
    outer loop
      vertex 6.99274 -0.221894 25.3145
      vertex 4.49636 -0.111185 25.3036
      vertex 4.49274 -0.221894 25.3145
    endloop
  endfacet
  facet normal 0 0.352451 -0.93583
    outer loop
      vertex -6.96603 -0.650561 28.5706
      vertex -4.4615 -0.587367 28.5944
      vertex -4.45107 -0.650561 28.5706
    endloop
  endfacet
  facet normal 6.4532e-06 0.352227 -0.935915
    outer loop
      vertex -6.96603 -0.650561 28.5706
      vertex -4.46553 -0.546447 28.6098
      vertex -4.4615 -0.587367 28.5944
    endloop
  endfacet
  facet normal 0 0.352362 -0.935864
    outer loop
      vertex -4.46553 -0.546447 28.6098
      vertex -6.96603 -0.650561 28.5706
      vertex -6.97628 -0.546447 28.6098
    endloop
  endfacet
  facet normal 0 0.352362 -0.935864
    outer loop
      vertex 6.96603 -0.650561 28.5706
      vertex 4.46553 -0.546447 28.6098
      vertex 6.97628 -0.546447 28.6098
    endloop
  endfacet
  facet normal -6.4532e-06 0.352227 -0.935915
    outer loop
      vertex 6.96603 -0.650561 28.5706
      vertex 4.4615 -0.587367 28.5944
      vertex 4.46553 -0.546447 28.6098
    endloop
  endfacet
  facet normal 0 0.352451 -0.93583
    outer loop
      vertex 4.4615 -0.587367 28.5944
      vertex 6.96603 -0.650561 28.5706
      vertex 4.45107 -0.650561 28.5706
    endloop
  endfacet
  facet normal 0 0.910825 -0.412793
    outer loop
      vertex -6.81771 -1.57059 27.6506
      vertex -4.23175 -1.52468 27.7519
      vertex -4.21447 -1.57059 27.6506
    endloop
  endfacet
  facet normal 0 0.910825 -0.412793
    outer loop
      vertex -4.23175 -1.52468 27.7519
      vertex -6.81771 -1.57059 27.6506
      vertex -6.82841 -1.52468 27.7519
    endloop
  endfacet
  facet normal 0 0.910825 -0.412793
    outer loop
      vertex 6.81771 -1.57059 27.6506
      vertex 4.23175 -1.52468 27.7519
      vertex 6.82841 -1.52468 27.7519
    endloop
  endfacet
  facet normal 0 0.910825 -0.412793
    outer loop
      vertex 4.23175 -1.52468 27.7519
      vertex 6.81771 -1.57059 27.6506
      vertex 4.21447 -1.57059 27.6506
    endloop
  endfacet
  facet normal 0 -0.471814 0.881698
    outer loop
      vertex -6.94639 0.849999 25.5278
      vertex -4.43434 0.75189 25.4753
      vertex -4.41814 0.849999 25.5278
    endloop
  endfacet
  facet normal 0 -0.471814 0.881698
    outer loop
      vertex -4.43434 0.75189 25.4753
      vertex -6.94639 0.849999 25.5278
      vertex -6.95605 0.75189 25.4753
    endloop
  endfacet
  facet normal 0 -0.471814 0.881698
    outer loop
      vertex 6.94639 0.849999 25.5278
      vertex 4.43434 0.75189 25.4753
      vertex 6.95605 0.75189 25.4753
    endloop
  endfacet
  facet normal 0 -0.471814 0.881698
    outer loop
      vertex 4.43434 0.75189 25.4753
      vertex 6.94639 0.849999 25.5278
      vertex 4.41814 0.849999 25.5278
    endloop
  endfacet
  facet normal 0 -0.683389 -0.730055
    outer loop
      vertex -4.34667 1.16469 28.2371
      vertex -6.8925 1.20208 28.2021
      vertex -4.33532 1.20208 28.2021
    endloop
  endfacet
  facet normal 6.52482e-08 -0.683386 -0.730057
    outer loop
      vertex -4.35688 1.12089 28.2781
      vertex -6.8925 1.20208 28.2021
      vertex -4.34667 1.16469 28.2371
    endloop
  endfacet
  facet normal 0 -0.683388 -0.730056
    outer loop
      vertex -6.8925 1.20208 28.2021
      vertex -4.35688 1.12089 28.2781
      vertex -6.9059 1.12089 28.2781
    endloop
  endfacet
  facet normal 0 -0.683388 -0.730056
    outer loop
      vertex 4.35688 1.12089 28.2781
      vertex 6.8925 1.20208 28.2021
      vertex 6.9059 1.12089 28.2781
    endloop
  endfacet
  facet normal -6.52482e-08 -0.683386 -0.730057
    outer loop
      vertex 4.34667 1.16469 28.2371
      vertex 6.8925 1.20208 28.2021
      vertex 4.35688 1.12089 28.2781
    endloop
  endfacet
  facet normal -0 -0.683389 -0.730055
    outer loop
      vertex 6.8925 1.20208 28.2021
      vertex 4.34667 1.16469 28.2371
      vertex 4.33532 1.20208 28.2021
    endloop
  endfacet
  facet normal 0 -0.986641 -0.162913
    outer loop
      vertex -6.79092 1.68546 27.2219
      vertex -4.17806 1.66733 27.3317
      vertex -6.79515 1.66733 27.3317
    endloop
  endfacet
  facet normal 0 -0.986641 -0.162913
    outer loop
      vertex -4.17806 1.66733 27.3317
      vertex -6.79092 1.68546 27.2219
      vertex -4.17124 1.68546 27.2219
    endloop
  endfacet
  facet normal -0 -0.986641 -0.162913
    outer loop
      vertex 6.79092 1.68546 27.2219
      vertex 4.17806 1.66733 27.3317
      vertex 4.17124 1.68546 27.2219
    endloop
  endfacet
  facet normal 0 -0.986641 -0.162913
    outer loop
      vertex 4.17806 1.66733 27.3317
      vertex 6.79092 1.68546 27.2219
      vertex 6.79515 1.66733 27.3317
    endloop
  endfacet
  facet normal 0 0.352451 0.93583
    outer loop
      vertex -4.4615 -0.587367 25.4056
      vertex -6.96603 -0.650561 25.4294
      vertex -4.45107 -0.650561 25.4294
    endloop
  endfacet
  facet normal 6.4532e-06 0.352227 0.935915
    outer loop
      vertex -4.46553 -0.546447 25.3902
      vertex -6.96603 -0.650561 25.4294
      vertex -4.4615 -0.587367 25.4056
    endloop
  endfacet
  facet normal 0 0.352362 0.935864
    outer loop
      vertex -6.96603 -0.650561 25.4294
      vertex -4.46553 -0.546447 25.3902
      vertex -6.97628 -0.546447 25.3902
    endloop
  endfacet
  facet normal -0 0.352362 0.935864
    outer loop
      vertex 4.46553 -0.546447 25.3902
      vertex 6.96603 -0.650561 25.4294
      vertex 6.97628 -0.546447 25.3902
    endloop
  endfacet
  facet normal -6.4532e-06 0.352227 0.935915
    outer loop
      vertex 4.4615 -0.587367 25.4056
      vertex 6.96603 -0.650561 25.4294
      vertex 4.46553 -0.546447 25.3902
    endloop
  endfacet
  facet normal 0 0.352451 0.93583
    outer loop
      vertex 6.96603 -0.650561 25.4294
      vertex 4.4615 -0.587367 25.4056
      vertex 4.45107 -0.650561 25.4294
    endloop
  endfacet
  facet normal 0 0.729873 -0.683582
    outer loop
      vertex -6.87994 -1.27813 28.1209
      vertex -4.33532 -1.20208 28.2021
      vertex -4.31225 -1.27813 28.1209
    endloop
  endfacet
  facet normal 0 0.729873 -0.683582
    outer loop
      vertex -4.33532 -1.20208 28.2021
      vertex -6.87994 -1.27813 28.1209
      vertex -6.8925 -1.20208 28.2021
    endloop
  endfacet
  facet normal 0 0.729873 -0.683582
    outer loop
      vertex 6.87994 -1.27813 28.1209
      vertex 4.33532 -1.20208 28.2021
      vertex 6.8925 -1.20208 28.2021
    endloop
  endfacet
  facet normal 0 0.729873 -0.683582
    outer loop
      vertex 4.33532 -1.20208 28.2021
      vertex 6.87994 -1.27813 28.1209
      vertex 4.31225 -1.27813 28.1209
    endloop
  endfacet
  facet normal 0 0.163799 -0.986494
    outer loop
      vertex -6.98914 -0.331653 28.6673
      vertex -4.49037 -0.294313 28.6735
      vertex -4.48669 -0.331653 28.6673
    endloop
  endfacet
  facet normal 5.00121e-06 0.163473 -0.986548
    outer loop
      vertex -6.98914 -0.331653 28.6673
      vertex -4.49274 -0.221894 28.6855
      vertex -4.49037 -0.294313 28.6735
    endloop
  endfacet
  facet normal 0 0.163584 -0.986529
    outer loop
      vertex -4.49274 -0.221894 28.6855
      vertex -6.98914 -0.331653 28.6673
      vertex -6.99274 -0.221894 28.6855
    endloop
  endfacet
  facet normal 0 0.163584 -0.986529
    outer loop
      vertex 6.98914 -0.331653 28.6673
      vertex 4.49274 -0.221894 28.6855
      vertex 6.99274 -0.221894 28.6855
    endloop
  endfacet
  facet normal -5.00121e-06 0.163473 -0.986548
    outer loop
      vertex 6.98914 -0.331653 28.6673
      vertex 4.49037 -0.294313 28.6735
      vertex 4.49274 -0.221894 28.6855
    endloop
  endfacet
  facet normal 0 0.163799 -0.986494
    outer loop
      vertex 4.49037 -0.294313 28.6735
      vertex 6.98914 -0.331653 28.6673
      vertex 4.48669 -0.331653 28.6673
    endloop
  endfacet
  facet normal 0 -0.634509 0.772915
    outer loop
      vertex -6.9059 1.12089 25.7219
      vertex -4.37693 1.03489 25.6513
      vertex -4.35688 1.12089 25.7219
    endloop
  endfacet
  facet normal 0 -0.634509 0.772915
    outer loop
      vertex -4.37693 1.03489 25.6513
      vertex -6.9059 1.12089 25.7219
      vertex -6.9201 1.03489 25.6513
    endloop
  endfacet
  facet normal 0 -0.634509 0.772915
    outer loop
      vertex 6.9059 1.12089 25.7219
      vertex 4.37693 1.03489 25.6513
      vertex 6.9201 1.03489 25.6513
    endloop
  endfacet
  facet normal 0 -0.634509 0.772915
    outer loop
      vertex 4.37693 1.03489 25.6513
      vertex 6.9059 1.12089 25.7219
      vertex 4.35688 1.12089 25.7219
    endloop
  endfacet
  facet normal 0 -0.0323615 -0.999476
    outer loop
      vertex -4.5 0 28.7
      vertex -6.99636 0.111185 28.6964
      vertex -4.49636 0.111185 28.6964
    endloop
  endfacet
  facet normal 0 -0.0323615 -0.999476
    outer loop
      vertex -6.99636 0.111185 28.6964
      vertex -4.5 0 28.7
      vertex -7 0 28.7
    endloop
  endfacet
  facet normal 0 -0.0323615 -0.999476
    outer loop
      vertex 4.5 0 28.7
      vertex 6.99636 0.111185 28.6964
      vertex 7 0 28.7
    endloop
  endfacet
  facet normal -0 -0.0323615 -0.999476
    outer loop
      vertex 6.99636 0.111185 28.6964
      vertex 4.5 0 28.7
      vertex 4.49636 0.111185 28.6964
    endloop
  endfacet
  facet normal 0 -0.226555 -0.973998
    outer loop
      vertex -4.48669 0.331653 28.6673
      vertex -6.9856 0.439992 28.6421
      vertex -4.47602 0.439992 28.6421
    endloop
  endfacet
  facet normal 0 -0.226555 -0.973998
    outer loop
      vertex -6.9856 0.439992 28.6421
      vertex -4.48669 0.331653 28.6673
      vertex -6.98914 0.331653 28.6673
    endloop
  endfacet
  facet normal 0 -0.226555 -0.973998
    outer loop
      vertex 4.48669 0.331653 28.6673
      vertex 6.9856 0.439992 28.6421
      vertex 6.98914 0.331653 28.6673
    endloop
  endfacet
  facet normal -0 -0.226555 -0.973998
    outer loop
      vertex 6.9856 0.439992 28.6421
      vertex 4.48669 0.331653 28.6673
      vertex 4.47602 0.439992 28.6421
    endloop
  endfacet
  facet normal 0 -0.582504 -0.812827
    outer loop
      vertex -4.39801 0.944468 28.4135
      vertex -6.9201 1.03489 28.3487
      vertex -4.37693 1.03489 28.3487
    endloop
  endfacet
  facet normal 0 -0.582504 -0.812827
    outer loop
      vertex -6.9201 1.03489 28.3487
      vertex -4.39801 0.944468 28.4135
      vertex -6.93503 0.944468 28.4135
    endloop
  endfacet
  facet normal 0 -0.582504 -0.812827
    outer loop
      vertex 4.39801 0.944468 28.4135
      vertex 6.9201 1.03489 28.3487
      vertex 6.93503 0.944468 28.4135
    endloop
  endfacet
  facet normal -0 -0.582504 -0.812827
    outer loop
      vertex 6.9201 1.03489 28.3487
      vertex 4.39801 0.944468 28.4135
      vertex 4.37693 1.03489 28.3487
    endloop
  endfacet
  facet normal 0 -0.973861 -0.227144
    outer loop
      vertex -6.79515 1.66733 27.3317
      vertex -4.18757 1.64207 27.44
      vertex -6.80104 1.64207 27.44
    endloop
  endfacet
  facet normal 0 -0.973861 -0.227144
    outer loop
      vertex -4.18757 1.64207 27.44
      vertex -6.79515 1.66733 27.3317
      vertex -4.17806 1.66733 27.3317
    endloop
  endfacet
  facet normal -0 -0.973861 -0.227144
    outer loop
      vertex 6.79515 1.66733 27.3317
      vertex 4.18757 1.64207 27.44
      vertex 4.17806 1.66733 27.3317
    endloop
  endfacet
  facet normal 0 -0.973861 -0.227144
    outer loop
      vertex 4.18757 1.64207 27.44
      vertex 6.79515 1.66733 27.3317
      vertex 6.80104 1.64207 27.44
    endloop
  endfacet
  facet normal 0 -0.999465 -0.0327163
    outer loop
      vertex -6.78753 1.7 27
      vertex -4.16714 1.69636 27.1112
      vertex -6.78838 1.69636 27.1112
    endloop
  endfacet
  facet normal 0 -0.999465 -0.0327163
    outer loop
      vertex -4.16714 1.69636 27.1112
      vertex -6.78753 1.7 27
      vertex -4.16577 1.7 27
    endloop
  endfacet
  facet normal -0 -0.999465 -0.0327163
    outer loop
      vertex 6.78753 1.7 27
      vertex 4.16714 1.69636 27.1112
      vertex 4.16577 1.7 27
    endloop
  endfacet
  facet normal 0 -0.999465 -0.0327163
    outer loop
      vertex 4.16714 1.69636 27.1112
      vertex 6.78753 1.7 27
      vertex 6.78838 1.69636 27.1112
    endloop
  endfacet
  facet normal 0 -0.849298 -0.527913
    outer loop
      vertex -6.84064 1.47224 27.85
      vertex -4.27119 1.4135 27.9445
      vertex -6.85434 1.4135 27.9445
    endloop
  endfacet
  facet normal -1.53593e-05 -0.849486 -0.527612
    outer loop
      vertex -4.27119 1.4135 27.9445
      vertex -6.84064 1.47224 27.85
      vertex -4.26118 1.44648 27.8914
    endloop
  endfacet
  facet normal 0 -0.849057 -0.528302
    outer loop
      vertex -4.26118 1.44648 27.8914
      vertex -6.84064 1.47224 27.85
      vertex -4.25149 1.47224 27.85
    endloop
  endfacet
  facet normal 1.53593e-05 -0.849486 -0.527612
    outer loop
      vertex 6.84064 1.47224 27.85
      vertex 4.27119 1.4135 27.9445
      vertex 4.26118 1.44648 27.8914
    endloop
  endfacet
  facet normal -0 -0.849057 -0.528302
    outer loop
      vertex 6.84064 1.47224 27.85
      vertex 4.26118 1.44648 27.8914
      vertex 4.25149 1.47224 27.85
    endloop
  endfacet
  facet normal 0 -0.849298 -0.527913
    outer loop
      vertex 4.27119 1.4135 27.9445
      vertex 6.84064 1.47224 27.85
      vertex 6.85434 1.4135 27.9445
    endloop
  endfacet
  facet normal 0 -0.910825 -0.412793
    outer loop
      vertex -6.81771 1.57059 27.6506
      vertex -4.23175 1.52468 27.7519
      vertex -6.82841 1.52468 27.7519
    endloop
  endfacet
  facet normal 0 -0.910825 -0.412793
    outer loop
      vertex -4.23175 1.52468 27.7519
      vertex -6.81771 1.57059 27.6506
      vertex -4.21447 1.57059 27.6506
    endloop
  endfacet
  facet normal -0 -0.910825 -0.412793
    outer loop
      vertex 6.81771 1.57059 27.6506
      vertex 4.23175 1.52468 27.7519
      vertex 4.21447 1.57059 27.6506
    endloop
  endfacet
  facet normal 0 -0.910825 -0.412793
    outer loop
      vertex 4.23175 1.52468 27.7519
      vertex 6.81771 1.57059 27.6506
      vertex 6.82841 1.52468 27.7519
    endloop
  endfacet
  facet normal 0 -0.729873 -0.683582
    outer loop
      vertex -6.87994 1.27813 28.1209
      vertex -4.33532 1.20208 28.2021
      vertex -6.8925 1.20208 28.2021
    endloop
  endfacet
  facet normal 0 -0.729873 -0.683582
    outer loop
      vertex -4.33532 1.20208 28.2021
      vertex -6.87994 1.27813 28.1209
      vertex -4.31225 1.27813 28.1209
    endloop
  endfacet
  facet normal -0 -0.729873 -0.683582
    outer loop
      vertex 6.87994 1.27813 28.1209
      vertex 4.33532 1.20208 28.2021
      vertex 4.31225 1.27813 28.1209
    endloop
  endfacet
  facet normal 0 -0.729873 -0.683582
    outer loop
      vertex 4.33532 1.20208 28.2021
      vertex 6.87994 1.27813 28.1209
      vertex 6.8925 1.20208 28.2021
    endloop
  endfacet
  facet normal 0 -0.0323615 0.999476
    outer loop
      vertex -6.99636 0.111185 25.3036
      vertex -4.5 0 25.3
      vertex -4.49636 0.111185 25.3036
    endloop
  endfacet
  facet normal 0 -0.0323615 0.999476
    outer loop
      vertex -4.5 0 25.3
      vertex -6.99636 0.111185 25.3036
      vertex -7 0 25.3
    endloop
  endfacet
  facet normal 0 -0.0323615 0.999476
    outer loop
      vertex 6.99636 0.111185 25.3036
      vertex 4.5 0 25.3
      vertex 7 0 25.3
    endloop
  endfacet
  facet normal 0 -0.0323615 0.999476
    outer loop
      vertex 4.5 0 25.3
      vertex 6.99636 0.111185 25.3036
      vertex 4.49636 0.111185 25.3036
    endloop
  endfacet
  facet normal 0 0.999465 0.0327163
    outer loop
      vertex -4.16714 -1.69636 26.8888
      vertex -6.78753 -1.7 27
      vertex -4.16577 -1.7 27
    endloop
  endfacet
  facet normal 0 0.999465 0.0327163
    outer loop
      vertex -6.78753 -1.7 27
      vertex -4.16714 -1.69636 26.8888
      vertex -6.78838 -1.69636 26.8888
    endloop
  endfacet
  facet normal -0 0.999465 0.0327163
    outer loop
      vertex 4.16714 -1.69636 26.8888
      vertex 6.78753 -1.7 27
      vertex 6.78838 -1.69636 26.8888
    endloop
  endfacet
  facet normal 0 0.999465 0.0327163
    outer loop
      vertex 6.78753 -1.7 27
      vertex 4.16714 -1.69636 26.8888
      vertex 4.16577 -1.7 27
    endloop
  endfacet
  facet normal 0 0.290344 0.956922
    outer loop
      vertex -4.47602 -0.439992 25.3579
      vertex -6.97628 -0.546447 25.3902
      vertex -4.46553 -0.546447 25.3902
    endloop
  endfacet
  facet normal -0 0.290344 0.956922
    outer loop
      vertex -6.9856 -0.439992 25.3579
      vertex -6.97628 -0.546447 25.3902
      vertex -4.47602 -0.439992 25.3579
    endloop
  endfacet
  facet normal -0.00974085 0.289549 0.957114
    outer loop
      vertex -6.97628 -0.546447 25.3902
      vertex -6.9856 -0.439992 25.3579
      vertex -6.98501 -0.457822 25.3633
    endloop
  endfacet
  facet normal 0.00974085 0.289549 0.957114
    outer loop
      vertex 6.9856 -0.439992 25.3579
      vertex 6.97628 -0.546447 25.3902
      vertex 6.98501 -0.457822 25.3633
    endloop
  endfacet
  facet normal -0 0.290344 0.956922
    outer loop
      vertex 4.47602 -0.439992 25.3579
      vertex 6.97628 -0.546447 25.3902
      vertex 6.9856 -0.439992 25.3579
    endloop
  endfacet
  facet normal 0 0.290344 0.956922
    outer loop
      vertex 6.97628 -0.546447 25.3902
      vertex 4.47602 -0.439992 25.3579
      vertex 4.46553 -0.546447 25.3902
    endloop
  endfacet
  facet normal 0 0.634509 0.772915
    outer loop
      vertex -4.37693 -1.03489 25.6513
      vertex -6.9059 -1.12089 25.7219
      vertex -4.35688 -1.12089 25.7219
    endloop
  endfacet
  facet normal 0 0.634509 0.772915
    outer loop
      vertex -6.9059 -1.12089 25.7219
      vertex -4.37693 -1.03489 25.6513
      vertex -6.9201 -1.03489 25.6513
    endloop
  endfacet
  facet normal -0 0.634509 0.772915
    outer loop
      vertex 4.37693 -1.03489 25.6513
      vertex 6.9059 -1.12089 25.7219
      vertex 6.9201 -1.03489 25.6513
    endloop
  endfacet
  facet normal 0 0.634509 0.772915
    outer loop
      vertex 6.9059 -1.12089 25.7219
      vertex 4.37693 -1.03489 25.6513
      vertex 4.35688 -1.12089 25.7219
    endloop
  endfacet
  facet normal 0 0.973861 0.227144
    outer loop
      vertex -4.18757 -1.64207 26.56
      vertex -6.79515 -1.66733 26.6683
      vertex -4.17806 -1.66733 26.6683
    endloop
  endfacet
  facet normal 0 0.973861 0.227144
    outer loop
      vertex -6.79515 -1.66733 26.6683
      vertex -4.18757 -1.64207 26.56
      vertex -6.80104 -1.64207 26.56
    endloop
  endfacet
  facet normal -0 0.973861 0.227144
    outer loop
      vertex 4.18757 -1.64207 26.56
      vertex 6.79515 -1.66733 26.6683
      vertex 6.80104 -1.64207 26.56
    endloop
  endfacet
  facet normal 0 0.973861 0.227144
    outer loop
      vertex 6.79515 -1.66733 26.6683
      vertex 4.18757 -1.64207 26.56
      vertex 4.17806 -1.66733 26.6683
    endloop
  endfacet
  facet normal 0 0.773047 0.634348
    outer loop
      vertex -4.31225 -1.27813 25.8791
      vertex -6.86829 -1.3487 25.9651
      vertex -4.29084 -1.3487 25.9651
    endloop
  endfacet
  facet normal 0 0.773047 0.634348
    outer loop
      vertex -6.86829 -1.3487 25.9651
      vertex -4.31225 -1.27813 25.8791
      vertex -6.87994 -1.27813 25.8791
    endloop
  endfacet
  facet normal -0 0.773047 0.634348
    outer loop
      vertex 4.31225 -1.27813 25.8791
      vertex 6.86829 -1.3487 25.9651
      vertex 6.87994 -1.27813 25.8791
    endloop
  endfacet
  facet normal 0 0.773047 0.634348
    outer loop
      vertex 6.86829 -1.3487 25.9651
      vertex 4.31225 -1.27813 25.8791
      vertex 4.29084 -1.3487 25.9651
    endloop
  endfacet
  facet normal 0 0.999465 -0.0327163
    outer loop
      vertex -6.78753 -1.7 27
      vertex -4.16714 -1.69636 27.1112
      vertex -4.16577 -1.7 27
    endloop
  endfacet
  facet normal 0 0.999465 -0.0327163
    outer loop
      vertex -4.16714 -1.69636 27.1112
      vertex -6.78753 -1.7 27
      vertex -6.78838 -1.69636 27.1112
    endloop
  endfacet
  facet normal 0 0.999465 -0.0327163
    outer loop
      vertex 6.78753 -1.7 27
      vertex 4.16714 -1.69636 27.1112
      vertex 6.78838 -1.69636 27.1112
    endloop
  endfacet
  facet normal 0 0.999465 -0.0327163
    outer loop
      vertex 4.16714 -1.69636 27.1112
      vertex 6.78753 -1.7 27
      vertex 4.16577 -1.7 27
    endloop
  endfacet
  facet normal 0 0.973861 -0.227144
    outer loop
      vertex -6.79515 -1.66733 27.3317
      vertex -4.18757 -1.64207 27.44
      vertex -4.17806 -1.66733 27.3317
    endloop
  endfacet
  facet normal 0 0.973861 -0.227144
    outer loop
      vertex -4.18757 -1.64207 27.44
      vertex -6.79515 -1.66733 27.3317
      vertex -6.80104 -1.64207 27.44
    endloop
  endfacet
  facet normal 0 0.973861 -0.227144
    outer loop
      vertex 6.79515 -1.66733 27.3317
      vertex 4.18757 -1.64207 27.44
      vertex 6.80104 -1.64207 27.44
    endloop
  endfacet
  facet normal 0 0.973861 -0.227144
    outer loop
      vertex 4.18757 -1.64207 27.44
      vertex 6.79515 -1.66733 27.3317
      vertex 4.17806 -1.66733 27.3317
    endloop
  endfacet
  facet normal 0 0.81276 -0.582598
    outer loop
      vertex -6.85434 -1.4135 27.9445
      vertex -6.86829 -1.3487 28.0349
      vertex -4.29084 -1.3487 28.0349
    endloop
  endfacet
  facet normal 0 0.81276 -0.582598
    outer loop
      vertex -6.85434 -1.4135 27.9445
      vertex -4.29084 -1.3487 28.0349
      vertex -4.27119 -1.4135 27.9445
    endloop
  endfacet
  facet normal -0.0125661 0.811777 -0.583832
    outer loop
      vertex -6.86829 -1.3487 28.0349
      vertex -6.85434 -1.4135 27.9445
      vertex -6.8655 -1.36563 28.0113
    endloop
  endfacet
  facet normal 0.0125661 0.811777 -0.583832
    outer loop
      vertex 6.85434 -1.4135 27.9445
      vertex 6.86829 -1.3487 28.0349
      vertex 6.8655 -1.36563 28.0113
    endloop
  endfacet
  facet normal 0 0.81276 -0.582598
    outer loop
      vertex 6.86829 -1.3487 28.0349
      vertex 6.85434 -1.4135 27.9445
      vertex 4.29084 -1.3487 28.0349
    endloop
  endfacet
  facet normal 0 0.81276 -0.582598
    outer loop
      vertex 4.29084 -1.3487 28.0349
      vertex 6.85434 -1.4135 27.9445
      vertex 4.27119 -1.4135 27.9445
    endloop
  endfacet
  facet normal 0 0.226555 -0.973998
    outer loop
      vertex -6.9856 -0.439992 28.6421
      vertex -4.48669 -0.331653 28.6673
      vertex -4.47602 -0.439992 28.6421
    endloop
  endfacet
  facet normal 0 0.226555 -0.973998
    outer loop
      vertex -4.48669 -0.331653 28.6673
      vertex -6.9856 -0.439992 28.6421
      vertex -6.98914 -0.331653 28.6673
    endloop
  endfacet
  facet normal 0 0.226555 -0.973998
    outer loop
      vertex 6.9856 -0.439992 28.6421
      vertex 4.48669 -0.331653 28.6673
      vertex 6.98914 -0.331653 28.6673
    endloop
  endfacet
  facet normal 0 0.226555 -0.973998
    outer loop
      vertex 4.48669 -0.331653 28.6673
      vertex 6.9856 -0.439992 28.6421
      vertex 4.47602 -0.439992 28.6421
    endloop
  endfacet
  facet normal 0 0.0323615 -0.999476
    outer loop
      vertex -6.99636 -0.111185 28.6964
      vertex -4.5 0 28.7
      vertex -4.49636 -0.111185 28.6964
    endloop
  endfacet
  facet normal 0 0.0323615 -0.999476
    outer loop
      vertex -4.5 0 28.7
      vertex -6.99636 -0.111185 28.6964
      vertex -7 0 28.7
    endloop
  endfacet
  facet normal 0 0.0323615 -0.999476
    outer loop
      vertex 6.99636 -0.111185 28.6964
      vertex 4.5 0 28.7
      vertex 7 0 28.7
    endloop
  endfacet
  facet normal 0 0.0323615 -0.999476
    outer loop
      vertex 4.5 0 28.7
      vertex 6.99636 -0.111185 28.6964
      vertex 4.49636 -0.111185 28.6964
    endloop
  endfacet
  facet normal 0 0.582504 -0.812827
    outer loop
      vertex -6.9201 -1.03489 28.3487
      vertex -4.39801 -0.944468 28.4135
      vertex -4.37693 -1.03489 28.3487
    endloop
  endfacet
  facet normal 0 0.582504 -0.812827
    outer loop
      vertex -4.39801 -0.944468 28.4135
      vertex -6.9201 -1.03489 28.3487
      vertex -6.93503 -0.944468 28.4135
    endloop
  endfacet
  facet normal 0 0.582504 -0.812827
    outer loop
      vertex 6.9201 -1.03489 28.3487
      vertex 4.39801 -0.944468 28.4135
      vertex 6.93503 -0.944468 28.4135
    endloop
  endfacet
  facet normal 0 0.582504 -0.812827
    outer loop
      vertex 4.39801 -0.944468 28.4135
      vertex 6.9201 -1.03489 28.3487
      vertex 4.37693 -1.03489 28.3487
    endloop
  endfacet
  facet normal 0 0.412621 -0.910903
    outer loop
      vertex -6.95605 -0.75189 28.5247
      vertex -4.45107 -0.650561 28.5706
      vertex -4.43434 -0.75189 28.5247
    endloop
  endfacet
  facet normal 0 0.412621 -0.910903
    outer loop
      vertex -4.45107 -0.650561 28.5706
      vertex -6.95605 -0.75189 28.5247
      vertex -6.96603 -0.650561 28.5706
    endloop
  endfacet
  facet normal 0 0.412621 -0.910903
    outer loop
      vertex 6.95605 -0.75189 28.5247
      vertex 4.45107 -0.650561 28.5706
      vertex 6.96603 -0.650561 28.5706
    endloop
  endfacet
  facet normal 0 0.412621 -0.910903
    outer loop
      vertex 4.45107 -0.650561 28.5706
      vertex 6.95605 -0.75189 28.5247
      vertex 4.43434 -0.75189 28.5247
    endloop
  endfacet
  facet normal 0 0.683389 -0.730055
    outer loop
      vertex -6.8925 -1.20208 28.2021
      vertex -4.34667 -1.16469 28.2371
      vertex -4.33532 -1.20208 28.2021
    endloop
  endfacet
  facet normal 6.52482e-08 0.683386 -0.730057
    outer loop
      vertex -6.8925 -1.20208 28.2021
      vertex -4.35688 -1.12089 28.2781
      vertex -4.34667 -1.16469 28.2371
    endloop
  endfacet
  facet normal 0 0.683388 -0.730056
    outer loop
      vertex -4.35688 -1.12089 28.2781
      vertex -6.8925 -1.20208 28.2021
      vertex -6.9059 -1.12089 28.2781
    endloop
  endfacet
  facet normal 0 0.683388 -0.730056
    outer loop
      vertex 6.8925 -1.20208 28.2021
      vertex 4.35688 -1.12089 28.2781
      vertex 6.9059 -1.12089 28.2781
    endloop
  endfacet
  facet normal -6.52482e-08 0.683386 -0.730057
    outer loop
      vertex 6.8925 -1.20208 28.2021
      vertex 4.34667 -1.16469 28.2371
      vertex 4.35688 -1.12089 28.2781
    endloop
  endfacet
  facet normal 0 0.683389 -0.730055
    outer loop
      vertex 4.34667 -1.16469 28.2371
      vertex 6.8925 -1.20208 28.2021
      vertex 4.33532 -1.20208 28.2021
    endloop
  endfacet
  facet normal 0 -0.0979826 0.995188
    outer loop
      vertex -6.99274 0.221894 25.3145
      vertex -4.49636 0.111185 25.3036
      vertex -4.49274 0.221894 25.3145
    endloop
  endfacet
  facet normal 0 -0.0979826 0.995188
    outer loop
      vertex -4.49636 0.111185 25.3036
      vertex -6.99274 0.221894 25.3145
      vertex -6.99636 0.111185 25.3036
    endloop
  endfacet
  facet normal 0 -0.0979826 0.995188
    outer loop
      vertex 6.99274 0.221894 25.3145
      vertex 4.49636 0.111185 25.3036
      vertex 6.99636 0.111185 25.3036
    endloop
  endfacet
  facet normal 0 -0.0979826 0.995188
    outer loop
      vertex 4.49636 0.111185 25.3036
      vertex 6.99274 0.221894 25.3145
      vertex 4.49274 0.221894 25.3145
    endloop
  endfacet
  facet normal 0 -0.226555 0.973998
    outer loop
      vertex -6.9856 0.439992 25.3579
      vertex -4.48669 0.331653 25.3327
      vertex -4.47602 0.439992 25.3579
    endloop
  endfacet
  facet normal 0 -0.226555 0.973998
    outer loop
      vertex -4.48669 0.331653 25.3327
      vertex -6.9856 0.439992 25.3579
      vertex -6.98914 0.331653 25.3327
    endloop
  endfacet
  facet normal 0 -0.226555 0.973998
    outer loop
      vertex 6.9856 0.439992 25.3579
      vertex 4.48669 0.331653 25.3327
      vertex 6.98914 0.331653 25.3327
    endloop
  endfacet
  facet normal 0 -0.226555 0.973998
    outer loop
      vertex 4.48669 0.331653 25.3327
      vertex 6.9856 0.439992 25.3579
      vertex 4.47602 0.439992 25.3579
    endloop
  endfacet
  facet normal 0 -0.352451 0.93583
    outer loop
      vertex -6.96603 0.650561 25.4294
      vertex -4.4615 0.587367 25.4056
      vertex -4.45107 0.650561 25.4294
    endloop
  endfacet
  facet normal 6.4532e-06 -0.352227 0.935915
    outer loop
      vertex -6.96603 0.650561 25.4294
      vertex -4.46553 0.546447 25.3902
      vertex -4.4615 0.587367 25.4056
    endloop
  endfacet
  facet normal 0 -0.352362 0.935864
    outer loop
      vertex -4.46553 0.546447 25.3902
      vertex -6.96603 0.650561 25.4294
      vertex -6.97628 0.546447 25.3902
    endloop
  endfacet
  facet normal 0 -0.352362 0.935864
    outer loop
      vertex 6.96603 0.650561 25.4294
      vertex 4.46553 0.546447 25.3902
      vertex 6.97628 0.546447 25.3902
    endloop
  endfacet
  facet normal -6.4532e-06 -0.352227 0.935915
    outer loop
      vertex 6.96603 0.650561 25.4294
      vertex 4.4615 0.587367 25.4056
      vertex 4.46553 0.546447 25.3902
    endloop
  endfacet
  facet normal 0 -0.352451 0.93583
    outer loop
      vertex 4.4615 0.587367 25.4056
      vertex 6.96603 0.650561 25.4294
      vertex 4.45107 0.650561 25.4294
    endloop
  endfacet
  facet normal 0 -0.412621 0.910903
    outer loop
      vertex -6.95605 0.75189 25.4753
      vertex -4.45107 0.650561 25.4294
      vertex -4.43434 0.75189 25.4753
    endloop
  endfacet
  facet normal 0 -0.412621 0.910903
    outer loop
      vertex -4.45107 0.650561 25.4294
      vertex -6.95605 0.75189 25.4753
      vertex -6.96603 0.650561 25.4294
    endloop
  endfacet
  facet normal 0 -0.412621 0.910903
    outer loop
      vertex 6.95605 0.75189 25.4753
      vertex 4.45107 0.650561 25.4294
      vertex 6.96603 0.650561 25.4294
    endloop
  endfacet
  facet normal 0 -0.412621 0.910903
    outer loop
      vertex 4.45107 0.650561 25.4294
      vertex 6.95605 0.75189 25.4753
      vertex 4.43434 0.75189 25.4753
    endloop
  endfacet
  facet normal 0 -0.290344 0.956922
    outer loop
      vertex -6.97628 0.546447 25.3902
      vertex -4.47602 0.439992 25.3579
      vertex -4.46553 0.546447 25.3902
    endloop
  endfacet
  facet normal -0.00974085 -0.289549 0.957114
    outer loop
      vertex -6.9856 0.439992 25.3579
      vertex -6.97628 0.546447 25.3902
      vertex -6.98501 0.457822 25.3633
    endloop
  endfacet
  facet normal 0 -0.290344 0.956922
    outer loop
      vertex -6.97628 0.546447 25.3902
      vertex -6.9856 0.439992 25.3579
      vertex -4.47602 0.439992 25.3579
    endloop
  endfacet
  facet normal 0.00974085 -0.289549 0.957114
    outer loop
      vertex 6.97628 0.546447 25.3902
      vertex 6.9856 0.439992 25.3579
      vertex 6.98501 0.457822 25.3633
    endloop
  endfacet
  facet normal 0 -0.290344 0.956922
    outer loop
      vertex 6.97628 0.546447 25.3902
      vertex 4.47602 0.439992 25.3579
      vertex 6.9856 0.439992 25.3579
    endloop
  endfacet
  facet normal 0 -0.290344 0.956922
    outer loop
      vertex 4.47602 0.439992 25.3579
      vertex 6.97628 0.546447 25.3902
      vertex 4.46553 0.546447 25.3902
    endloop
  endfacet
  facet normal 0 -0.582504 0.812827
    outer loop
      vertex -6.9201 1.03489 25.6513
      vertex -4.39801 0.944468 25.5865
      vertex -4.37693 1.03489 25.6513
    endloop
  endfacet
  facet normal 0 -0.582504 0.812827
    outer loop
      vertex -4.39801 0.944468 25.5865
      vertex -6.9201 1.03489 25.6513
      vertex -6.93503 0.944468 25.5865
    endloop
  endfacet
  facet normal 0 -0.582504 0.812827
    outer loop
      vertex 6.9201 1.03489 25.6513
      vertex 4.39801 0.944468 25.5865
      vertex 6.93503 0.944468 25.5865
    endloop
  endfacet
  facet normal 0 -0.582504 0.812827
    outer loop
      vertex 4.39801 0.944468 25.5865
      vertex 6.9201 1.03489 25.6513
      vertex 4.37693 1.03489 25.6513
    endloop
  endfacet
  facet normal 0 -0.683389 0.730055
    outer loop
      vertex -6.8925 1.20208 25.7979
      vertex -4.34667 1.16469 25.7629
      vertex -4.33532 1.20208 25.7979
    endloop
  endfacet
  facet normal 6.52482e-08 -0.683386 0.730057
    outer loop
      vertex -6.8925 1.20208 25.7979
      vertex -4.35688 1.12089 25.7219
      vertex -4.34667 1.16469 25.7629
    endloop
  endfacet
  facet normal 0 -0.683388 0.730056
    outer loop
      vertex -4.35688 1.12089 25.7219
      vertex -6.8925 1.20208 25.7979
      vertex -6.9059 1.12089 25.7219
    endloop
  endfacet
  facet normal 0 -0.683388 0.730056
    outer loop
      vertex 6.8925 1.20208 25.7979
      vertex 4.35688 1.12089 25.7219
      vertex 6.9059 1.12089 25.7219
    endloop
  endfacet
  facet normal -6.52482e-08 -0.683386 0.730057
    outer loop
      vertex 6.8925 1.20208 25.7979
      vertex 4.34667 1.16469 25.7629
      vertex 4.35688 1.12089 25.7219
    endloop
  endfacet
  facet normal 0 -0.683389 0.730055
    outer loop
      vertex 4.34667 1.16469 25.7629
      vertex 6.8925 1.20208 25.7979
      vertex 4.33532 1.20208 25.7979
    endloop
  endfacet
  facet normal 0 -0.729873 0.683582
    outer loop
      vertex -4.33532 1.20208 25.7979
      vertex -6.87994 1.27813 25.8791
      vertex -6.8925 1.20208 25.7979
    endloop
  endfacet
  facet normal 0 -0.729873 0.683582
    outer loop
      vertex -6.87994 1.27813 25.8791
      vertex -4.33532 1.20208 25.7979
      vertex -4.31225 1.27813 25.8791
    endloop
  endfacet
  facet normal 0 -0.729873 0.683582
    outer loop
      vertex 4.33532 1.20208 25.7979
      vertex 6.87994 1.27813 25.8791
      vertex 4.31225 1.27813 25.8791
    endloop
  endfacet
  facet normal 0 -0.729873 0.683582
    outer loop
      vertex 6.87994 1.27813 25.8791
      vertex 4.33532 1.20208 25.7979
      vertex 6.8925 1.20208 25.7979
    endloop
  endfacet
  facet normal -0.0125661 -0.811777 0.583832
    outer loop
      vertex -6.86829 1.3487 25.9651
      vertex -6.85434 1.4135 26.0555
      vertex -6.8655 1.36563 25.9887
    endloop
  endfacet
  facet normal 0 -0.81276 0.582598
    outer loop
      vertex -6.85434 1.4135 26.0555
      vertex -6.86829 1.3487 25.9651
      vertex -4.29084 1.3487 25.9651
    endloop
  endfacet
  facet normal 0 -0.81276 0.582598
    outer loop
      vertex -6.85434 1.4135 26.0555
      vertex -4.29084 1.3487 25.9651
      vertex -4.27119 1.4135 26.0555
    endloop
  endfacet
  facet normal 0 -0.81276 0.582598
    outer loop
      vertex 4.29084 1.3487 25.9651
      vertex 6.85434 1.4135 26.0555
      vertex 4.27119 1.4135 26.0555
    endloop
  endfacet
  facet normal 0 -0.81276 0.582598
    outer loop
      vertex 6.86829 1.3487 25.9651
      vertex 6.85434 1.4135 26.0555
      vertex 4.29084 1.3487 25.9651
    endloop
  endfacet
  facet normal 0.0125661 -0.811777 0.583832
    outer loop
      vertex 6.85434 1.4135 26.0555
      vertex 6.86829 1.3487 25.9651
      vertex 6.8655 1.36563 25.9887
    endloop
  endfacet
  facet normal 0 -0.881905 0.471428
    outer loop
      vertex -4.25149 1.47224 26.15
      vertex -6.82841 1.52468 26.2481
      vertex -6.84064 1.47224 26.15
    endloop
  endfacet
  facet normal 0 -0.881905 0.471428
    outer loop
      vertex -6.82841 1.52468 26.2481
      vertex -4.25149 1.47224 26.15
      vertex -4.23175 1.52468 26.2481
    endloop
  endfacet
  facet normal 0 -0.881905 0.471428
    outer loop
      vertex 4.25149 1.47224 26.15
      vertex 6.82841 1.52468 26.2481
      vertex 4.23175 1.52468 26.2481
    endloop
  endfacet
  facet normal 0 -0.881905 0.471428
    outer loop
      vertex 6.82841 1.52468 26.2481
      vertex 4.25149 1.47224 26.15
      vertex 6.84064 1.47224 26.15
    endloop
  endfacet
  facet normal 0 -0.910825 0.412793
    outer loop
      vertex -4.23175 1.52468 26.2481
      vertex -6.81771 1.57059 26.3494
      vertex -6.82841 1.52468 26.2481
    endloop
  endfacet
  facet normal 0 -0.910825 0.412793
    outer loop
      vertex -6.81771 1.57059 26.3494
      vertex -4.23175 1.52468 26.2481
      vertex -4.21447 1.57059 26.3494
    endloop
  endfacet
  facet normal 0 -0.910825 0.412793
    outer loop
      vertex 4.23175 1.52468 26.2481
      vertex 6.81771 1.57059 26.3494
      vertex 4.21447 1.57059 26.3494
    endloop
  endfacet
  facet normal 0 -0.910825 0.412793
    outer loop
      vertex 6.81771 1.57059 26.3494
      vertex 4.23175 1.52468 26.2481
      vertex 6.82841 1.52468 26.2481
    endloop
  endfacet
  facet normal 0 -0.849057 0.528302
    outer loop
      vertex -6.84064 1.47224 26.15
      vertex -4.26118 1.44648 26.1086
      vertex -4.25149 1.47224 26.15
    endloop
  endfacet
  facet normal 0 -0.849298 0.527913
    outer loop
      vertex -4.27119 1.4135 26.0555
      vertex -6.84064 1.47224 26.15
      vertex -6.85434 1.4135 26.0555
    endloop
  endfacet
  facet normal -1.53593e-05 -0.849486 0.527612
    outer loop
      vertex -6.84064 1.47224 26.15
      vertex -4.27119 1.4135 26.0555
      vertex -4.26118 1.44648 26.1086
    endloop
  endfacet
  facet normal 0 -0.849057 0.528302
    outer loop
      vertex 4.26118 1.44648 26.1086
      vertex 6.84064 1.47224 26.15
      vertex 4.25149 1.47224 26.15
    endloop
  endfacet
  facet normal 1.53593e-05 -0.849486 0.527612
    outer loop
      vertex 4.27119 1.4135 26.0555
      vertex 6.84064 1.47224 26.15
      vertex 4.26118 1.44648 26.1086
    endloop
  endfacet
  facet normal 0 -0.849298 0.527913
    outer loop
      vertex 6.84064 1.47224 26.15
      vertex 4.27119 1.4135 26.0555
      vertex 6.85434 1.4135 26.0555
    endloop
  endfacet
  facet normal 0 -0.935989 0.352029
    outer loop
      vertex -4.21447 1.57059 26.3494
      vertex -6.80857 1.60978 26.4536
      vertex -6.81771 1.57059 26.3494
    endloop
  endfacet
  facet normal 0 -0.935989 0.352029
    outer loop
      vertex -6.80857 1.60978 26.4536
      vertex -4.21447 1.57059 26.3494
      vertex -4.19972 1.60978 26.4536
    endloop
  endfacet
  facet normal 0 -0.935989 0.352029
    outer loop
      vertex 4.21447 1.57059 26.3494
      vertex 6.80857 1.60978 26.4536
      vertex 4.19972 1.60978 26.4536
    endloop
  endfacet
  facet normal 0 -0.935989 0.352029
    outer loop
      vertex 6.80857 1.60978 26.4536
      vertex 4.21447 1.57059 26.3494
      vertex 6.81771 1.57059 26.3494
    endloop
  endfacet
  facet normal 0 -0.995187 0.0979904
    outer loop
      vertex -4.17124 1.68546 26.7781
      vertex -6.78838 1.69636 26.8888
      vertex -6.79092 1.68546 26.7781
    endloop
  endfacet
  facet normal 0 -0.995187 0.0979904
    outer loop
      vertex -6.78838 1.69636 26.8888
      vertex -4.17124 1.68546 26.7781
      vertex -4.16714 1.69636 26.8888
    endloop
  endfacet
  facet normal 0 -0.995187 0.0979904
    outer loop
      vertex 4.17124 1.68546 26.7781
      vertex 6.78838 1.69636 26.8888
      vertex 4.16714 1.69636 26.8888
    endloop
  endfacet
  facet normal 0 -0.995187 0.0979904
    outer loop
      vertex 6.78838 1.69636 26.8888
      vertex 4.17124 1.68546 26.7781
      vertex 6.79092 1.68546 26.7781
    endloop
  endfacet
  facet normal 0 -0.986641 0.162913
    outer loop
      vertex -4.17806 1.66733 26.6683
      vertex -6.79092 1.68546 26.7781
      vertex -6.79515 1.66733 26.6683
    endloop
  endfacet
  facet normal 0 -0.986641 0.162913
    outer loop
      vertex -6.79092 1.68546 26.7781
      vertex -4.17806 1.66733 26.6683
      vertex -4.17124 1.68546 26.7781
    endloop
  endfacet
  facet normal 0 -0.986641 0.162913
    outer loop
      vertex 4.17806 1.66733 26.6683
      vertex 6.79092 1.68546 26.7781
      vertex 4.17124 1.68546 26.7781
    endloop
  endfacet
  facet normal 0 -0.986641 0.162913
    outer loop
      vertex 6.79092 1.68546 26.7781
      vertex 4.17806 1.66733 26.6683
      vertex 6.79515 1.66733 26.6683
    endloop
  endfacet
  facet normal 0 -0.999465 0.0327163
    outer loop
      vertex -4.16714 1.69636 26.8888
      vertex -6.78753 1.7 27
      vertex -6.78838 1.69636 26.8888
    endloop
  endfacet
  facet normal 0 -0.999465 0.0327163
    outer loop
      vertex -6.78753 1.7 27
      vertex -4.16714 1.69636 26.8888
      vertex -4.16577 1.7 27
    endloop
  endfacet
  facet normal 0 -0.999465 0.0327163
    outer loop
      vertex 4.16714 1.69636 26.8888
      vertex 6.78753 1.7 27
      vertex 4.16577 1.7 27
    endloop
  endfacet
  facet normal 0 -0.999465 0.0327163
    outer loop
      vertex 6.78753 1.7 27
      vertex 4.16714 1.69636 26.8888
      vertex 6.78838 1.69636 26.8888
    endloop
  endfacet
  facet normal 0 -0.973861 0.227144
    outer loop
      vertex -4.18757 1.64207 26.56
      vertex -6.79515 1.66733 26.6683
      vertex -6.80104 1.64207 26.56
    endloop
  endfacet
  facet normal 0 -0.973861 0.227144
    outer loop
      vertex -6.79515 1.66733 26.6683
      vertex -4.18757 1.64207 26.56
      vertex -4.17806 1.66733 26.6683
    endloop
  endfacet
  facet normal 0 -0.973861 0.227144
    outer loop
      vertex 4.18757 1.64207 26.56
      vertex 6.79515 1.66733 26.6683
      vertex 4.17806 1.66733 26.6683
    endloop
  endfacet
  facet normal 0 -0.973861 0.227144
    outer loop
      vertex 6.79515 1.66733 26.6683
      vertex 4.18757 1.64207 26.56
      vertex 6.80104 1.64207 26.56
    endloop
  endfacet
  facet normal 0 -0.290344 -0.956922
    outer loop
      vertex -4.47602 0.439992 28.6421
      vertex -6.97628 0.546447 28.6098
      vertex -4.46553 0.546447 28.6098
    endloop
  endfacet
  facet normal 0 -0.290344 -0.956922
    outer loop
      vertex -6.9856 0.439992 28.6421
      vertex -6.97628 0.546447 28.6098
      vertex -4.47602 0.439992 28.6421
    endloop
  endfacet
  facet normal -0.00974085 -0.289549 -0.957114
    outer loop
      vertex -6.97628 0.546447 28.6098
      vertex -6.9856 0.439992 28.6421
      vertex -6.98501 0.457822 28.6367
    endloop
  endfacet
  facet normal 0.00974085 -0.289549 -0.957114
    outer loop
      vertex 6.9856 0.439992 28.6421
      vertex 6.97628 0.546447 28.6098
      vertex 6.98501 0.457822 28.6367
    endloop
  endfacet
  facet normal 0 -0.290344 -0.956922
    outer loop
      vertex 4.47602 0.439992 28.6421
      vertex 6.97628 0.546447 28.6098
      vertex 6.9856 0.439992 28.6421
    endloop
  endfacet
  facet normal -0 -0.290344 -0.956922
    outer loop
      vertex 6.97628 0.546447 28.6098
      vertex 4.47602 0.439992 28.6421
      vertex 4.46553 0.546447 28.6098
    endloop
  endfacet
  facet normal 0 -0.352451 -0.93583
    outer loop
      vertex -4.4615 0.587367 28.5944
      vertex -6.96603 0.650561 28.5706
      vertex -4.45107 0.650561 28.5706
    endloop
  endfacet
  facet normal 6.4532e-06 -0.352227 -0.935915
    outer loop
      vertex -4.46553 0.546447 28.6098
      vertex -6.96603 0.650561 28.5706
      vertex -4.4615 0.587367 28.5944
    endloop
  endfacet
  facet normal 0 -0.352362 -0.935864
    outer loop
      vertex -6.96603 0.650561 28.5706
      vertex -4.46553 0.546447 28.6098
      vertex -6.97628 0.546447 28.6098
    endloop
  endfacet
  facet normal 0 -0.352362 -0.935864
    outer loop
      vertex 4.46553 0.546447 28.6098
      vertex 6.96603 0.650561 28.5706
      vertex 6.97628 0.546447 28.6098
    endloop
  endfacet
  facet normal -6.4532e-06 -0.352227 -0.935915
    outer loop
      vertex 4.4615 0.587367 28.5944
      vertex 6.96603 0.650561 28.5706
      vertex 4.46553 0.546447 28.6098
    endloop
  endfacet
  facet normal -0 -0.352451 -0.93583
    outer loop
      vertex 6.96603 0.650561 28.5706
      vertex 4.4615 0.587367 28.5944
      vertex 4.45107 0.650561 28.5706
    endloop
  endfacet
  facet normal 0 -0.163799 -0.986494
    outer loop
      vertex -4.49037 0.294313 28.6735
      vertex -6.98914 0.331653 28.6673
      vertex -4.48669 0.331653 28.6673
    endloop
  endfacet
  facet normal 5.00121e-06 -0.163473 -0.986548
    outer loop
      vertex -4.49274 0.221894 28.6855
      vertex -6.98914 0.331653 28.6673
      vertex -4.49037 0.294313 28.6735
    endloop
  endfacet
  facet normal 0 -0.163584 -0.986529
    outer loop
      vertex -6.98914 0.331653 28.6673
      vertex -4.49274 0.221894 28.6855
      vertex -6.99274 0.221894 28.6855
    endloop
  endfacet
  facet normal 0 -0.163584 -0.986529
    outer loop
      vertex 4.49274 0.221894 28.6855
      vertex 6.98914 0.331653 28.6673
      vertex 6.99274 0.221894 28.6855
    endloop
  endfacet
  facet normal -5.00121e-06 -0.163473 -0.986548
    outer loop
      vertex 4.49037 0.294313 28.6735
      vertex 6.98914 0.331653 28.6673
      vertex 4.49274 0.221894 28.6855
    endloop
  endfacet
  facet normal -0 -0.163799 -0.986494
    outer loop
      vertex 6.98914 0.331653 28.6673
      vertex 4.49037 0.294313 28.6735
      vertex 4.48669 0.331653 28.6673
    endloop
  endfacet
  facet normal 0 -0.0979826 -0.995188
    outer loop
      vertex -4.49636 0.111185 28.6964
      vertex -6.99274 0.221894 28.6855
      vertex -4.49274 0.221894 28.6855
    endloop
  endfacet
  facet normal 0 -0.0979826 -0.995188
    outer loop
      vertex -6.99274 0.221894 28.6855
      vertex -4.49636 0.111185 28.6964
      vertex -6.99636 0.111185 28.6964
    endloop
  endfacet
  facet normal 0 -0.0979826 -0.995188
    outer loop
      vertex 4.49636 0.111185 28.6964
      vertex 6.99274 0.221894 28.6855
      vertex 6.99636 0.111185 28.6964
    endloop
  endfacet
  facet normal -0 -0.0979826 -0.995188
    outer loop
      vertex 6.99274 0.221894 28.6855
      vertex 4.49636 0.111185 28.6964
      vertex 4.49274 0.221894 28.6855
    endloop
  endfacet
  facet normal 0 -0.471814 -0.881698
    outer loop
      vertex -4.43434 0.75189 28.5247
      vertex -6.94639 0.849999 28.4722
      vertex -4.41814 0.849999 28.4722
    endloop
  endfacet
  facet normal 0 -0.471814 -0.881698
    outer loop
      vertex -6.94639 0.849999 28.4722
      vertex -4.43434 0.75189 28.5247
      vertex -6.95605 0.75189 28.5247
    endloop
  endfacet
  facet normal 0 -0.471814 -0.881698
    outer loop
      vertex 4.43434 0.75189 28.5247
      vertex 6.94639 0.849999 28.4722
      vertex 6.95605 0.75189 28.5247
    endloop
  endfacet
  facet normal -0 -0.471814 -0.881698
    outer loop
      vertex 6.94639 0.849999 28.4722
      vertex 4.43434 0.75189 28.5247
      vertex 4.41814 0.849999 28.4722
    endloop
  endfacet
  facet normal 0 -0.956906 -0.290399
    outer loop
      vertex -6.80104 1.64207 27.44
      vertex -4.19972 1.60978 27.5464
      vertex -6.80857 1.60978 27.5464
    endloop
  endfacet
  facet normal 0 -0.956906 -0.290399
    outer loop
      vertex -4.19972 1.60978 27.5464
      vertex -6.80104 1.64207 27.44
      vertex -4.18757 1.64207 27.44
    endloop
  endfacet
  facet normal -0 -0.956906 -0.290399
    outer loop
      vertex 6.80104 1.64207 27.44
      vertex 4.19972 1.60978 27.5464
      vertex 4.18757 1.64207 27.44
    endloop
  endfacet
  facet normal 0 -0.956906 -0.290399
    outer loop
      vertex 4.19972 1.60978 27.5464
      vertex 6.80104 1.64207 27.44
      vertex 6.80857 1.60978 27.5464
    endloop
  endfacet
  facet normal 0 -0.773047 -0.634348
    outer loop
      vertex -6.86829 1.3487 28.0349
      vertex -4.31225 1.27813 28.1209
      vertex -6.87994 1.27813 28.1209
    endloop
  endfacet
  facet normal 0 -0.773047 -0.634348
    outer loop
      vertex -4.31225 1.27813 28.1209
      vertex -6.86829 1.3487 28.0349
      vertex -4.29084 1.3487 28.0349
    endloop
  endfacet
  facet normal -0 -0.773047 -0.634348
    outer loop
      vertex 6.86829 1.3487 28.0349
      vertex 4.31225 1.27813 28.1209
      vertex 4.29084 1.3487 28.0349
    endloop
  endfacet
  facet normal 0 -0.773047 -0.634348
    outer loop
      vertex 4.31225 1.27813 28.1209
      vertex 6.86829 1.3487 28.0349
      vertex 6.87994 1.27813 28.1209
    endloop
  endfacet
  facet normal -0.0125661 -0.811777 -0.583832
    outer loop
      vertex -6.85434 1.4135 27.9445
      vertex -6.86829 1.3487 28.0349
      vertex -6.8655 1.36563 28.0113
    endloop
  endfacet
  facet normal 0 -0.81276 -0.582598
    outer loop
      vertex -6.86829 1.3487 28.0349
      vertex -6.85434 1.4135 27.9445
      vertex -4.29084 1.3487 28.0349
    endloop
  endfacet
  facet normal 0 -0.81276 -0.582598
    outer loop
      vertex -4.29084 1.3487 28.0349
      vertex -6.85434 1.4135 27.9445
      vertex -4.27119 1.4135 27.9445
    endloop
  endfacet
  facet normal 0 -0.81276 -0.582598
    outer loop
      vertex 6.85434 1.4135 27.9445
      vertex 6.86829 1.3487 28.0349
      vertex 4.29084 1.3487 28.0349
    endloop
  endfacet
  facet normal -0 -0.81276 -0.582598
    outer loop
      vertex 6.85434 1.4135 27.9445
      vertex 4.29084 1.3487 28.0349
      vertex 4.27119 1.4135 27.9445
    endloop
  endfacet
  facet normal 0.0125661 -0.811777 -0.583832
    outer loop
      vertex 6.86829 1.3487 28.0349
      vertex 6.85434 1.4135 27.9445
      vertex 6.8655 1.36563 28.0113
    endloop
  endfacet
  facet normal 0 0.0323615 0.999476
    outer loop
      vertex -4.5 0 25.3
      vertex -6.99636 -0.111185 25.3036
      vertex -4.49636 -0.111185 25.3036
    endloop
  endfacet
  facet normal 0 0.0323615 0.999476
    outer loop
      vertex -6.99636 -0.111185 25.3036
      vertex -4.5 0 25.3
      vertex -7 0 25.3
    endloop
  endfacet
  facet normal -0 0.0323615 0.999476
    outer loop
      vertex 4.5 0 25.3
      vertex 6.99636 -0.111185 25.3036
      vertex 7 0 25.3
    endloop
  endfacet
  facet normal 0 0.0323615 0.999476
    outer loop
      vertex 6.99636 -0.111185 25.3036
      vertex 4.5 0 25.3
      vertex 4.49636 -0.111185 25.3036
    endloop
  endfacet
  facet normal 0 0.163799 0.986494
    outer loop
      vertex -4.49037 -0.294313 25.3265
      vertex -6.98914 -0.331653 25.3327
      vertex -4.48669 -0.331653 25.3327
    endloop
  endfacet
  facet normal 5.00121e-06 0.163473 0.986548
    outer loop
      vertex -4.49274 -0.221894 25.3145
      vertex -6.98914 -0.331653 25.3327
      vertex -4.49037 -0.294313 25.3265
    endloop
  endfacet
  facet normal 0 0.163584 0.986529
    outer loop
      vertex -6.98914 -0.331653 25.3327
      vertex -4.49274 -0.221894 25.3145
      vertex -6.99274 -0.221894 25.3145
    endloop
  endfacet
  facet normal -0 0.163584 0.986529
    outer loop
      vertex 4.49274 -0.221894 25.3145
      vertex 6.98914 -0.331653 25.3327
      vertex 6.99274 -0.221894 25.3145
    endloop
  endfacet
  facet normal -5.00121e-06 0.163473 0.986548
    outer loop
      vertex 4.49037 -0.294313 25.3265
      vertex 6.98914 -0.331653 25.3327
      vertex 4.49274 -0.221894 25.3145
    endloop
  endfacet
  facet normal 0 0.163799 0.986494
    outer loop
      vertex 6.98914 -0.331653 25.3327
      vertex 4.49037 -0.294313 25.3265
      vertex 4.48669 -0.331653 25.3327
    endloop
  endfacet
  facet normal 0 0.995187 0.0979904
    outer loop
      vertex -4.17124 -1.68546 26.7781
      vertex -6.78838 -1.69636 26.8888
      vertex -4.16714 -1.69636 26.8888
    endloop
  endfacet
  facet normal 0 0.995187 0.0979904
    outer loop
      vertex -6.78838 -1.69636 26.8888
      vertex -4.17124 -1.68546 26.7781
      vertex -6.79092 -1.68546 26.7781
    endloop
  endfacet
  facet normal -0 0.995187 0.0979904
    outer loop
      vertex 4.17124 -1.68546 26.7781
      vertex 6.78838 -1.69636 26.8888
      vertex 6.79092 -1.68546 26.7781
    endloop
  endfacet
  facet normal 0 0.995187 0.0979904
    outer loop
      vertex 6.78838 -1.69636 26.8888
      vertex 4.17124 -1.68546 26.7781
      vertex 4.16714 -1.69636 26.8888
    endloop
  endfacet
  facet normal 0 0.956906 0.290399
    outer loop
      vertex -4.19972 -1.60978 26.4536
      vertex -6.80104 -1.64207 26.56
      vertex -4.18757 -1.64207 26.56
    endloop
  endfacet
  facet normal 0 0.956906 0.290399
    outer loop
      vertex -6.80104 -1.64207 26.56
      vertex -4.19972 -1.60978 26.4536
      vertex -6.80857 -1.60978 26.4536
    endloop
  endfacet
  facet normal -0 0.956906 0.290399
    outer loop
      vertex 4.19972 -1.60978 26.4536
      vertex 6.80104 -1.64207 26.56
      vertex 6.80857 -1.60978 26.4536
    endloop
  endfacet
  facet normal 0 0.956906 0.290399
    outer loop
      vertex 6.80104 -1.64207 26.56
      vertex 4.19972 -1.60978 26.4536
      vertex 4.18757 -1.64207 26.56
    endloop
  endfacet
  facet normal 0 0.683389 0.730055
    outer loop
      vertex -4.34667 -1.16469 25.7629
      vertex -6.8925 -1.20208 25.7979
      vertex -4.33532 -1.20208 25.7979
    endloop
  endfacet
  facet normal 6.52482e-08 0.683386 0.730057
    outer loop
      vertex -4.35688 -1.12089 25.7219
      vertex -6.8925 -1.20208 25.7979
      vertex -4.34667 -1.16469 25.7629
    endloop
  endfacet
  facet normal 0 0.683388 0.730056
    outer loop
      vertex -6.8925 -1.20208 25.7979
      vertex -4.35688 -1.12089 25.7219
      vertex -6.9059 -1.12089 25.7219
    endloop
  endfacet
  facet normal -0 0.683388 0.730056
    outer loop
      vertex 4.35688 -1.12089 25.7219
      vertex 6.8925 -1.20208 25.7979
      vertex 6.9059 -1.12089 25.7219
    endloop
  endfacet
  facet normal -6.52482e-08 0.683386 0.730057
    outer loop
      vertex 4.34667 -1.16469 25.7629
      vertex 6.8925 -1.20208 25.7979
      vertex 4.35688 -1.12089 25.7219
    endloop
  endfacet
  facet normal 0 0.683389 0.730055
    outer loop
      vertex 6.8925 -1.20208 25.7979
      vertex 4.34667 -1.16469 25.7629
      vertex 4.33532 -1.20208 25.7979
    endloop
  endfacet
  facet normal 0 0.729873 0.683582
    outer loop
      vertex -4.33532 -1.20208 25.7979
      vertex -6.87994 -1.27813 25.8791
      vertex -4.31225 -1.27813 25.8791
    endloop
  endfacet
  facet normal 0 0.729873 0.683582
    outer loop
      vertex -6.87994 -1.27813 25.8791
      vertex -4.33532 -1.20208 25.7979
      vertex -6.8925 -1.20208 25.7979
    endloop
  endfacet
  facet normal -0 0.729873 0.683582
    outer loop
      vertex 4.33532 -1.20208 25.7979
      vertex 6.87994 -1.27813 25.8791
      vertex 6.8925 -1.20208 25.7979
    endloop
  endfacet
  facet normal 0 0.729873 0.683582
    outer loop
      vertex 6.87994 -1.27813 25.8791
      vertex 4.33532 -1.20208 25.7979
      vertex 4.31225 -1.27813 25.8791
    endloop
  endfacet
  facet normal 0 0.849057 0.528302
    outer loop
      vertex -4.26118 -1.44648 26.1086
      vertex -6.84064 -1.47224 26.15
      vertex -4.25149 -1.47224 26.15
    endloop
  endfacet
  facet normal -1.53593e-05 0.849486 0.527612
    outer loop
      vertex -4.27119 -1.4135 26.0555
      vertex -6.84064 -1.47224 26.15
      vertex -4.26118 -1.44648 26.1086
    endloop
  endfacet
  facet normal 0 0.849298 0.527913
    outer loop
      vertex -6.84064 -1.47224 26.15
      vertex -4.27119 -1.4135 26.0555
      vertex -6.85434 -1.4135 26.0555
    endloop
  endfacet
  facet normal 0 0.849057 0.528302
    outer loop
      vertex 6.84064 -1.47224 26.15
      vertex 4.26118 -1.44648 26.1086
      vertex 4.25149 -1.47224 26.15
    endloop
  endfacet
  facet normal -0 0.849298 0.527913
    outer loop
      vertex 4.27119 -1.4135 26.0555
      vertex 6.84064 -1.47224 26.15
      vertex 6.85434 -1.4135 26.0555
    endloop
  endfacet
  facet normal 1.53593e-05 0.849486 0.527612
    outer loop
      vertex 6.84064 -1.47224 26.15
      vertex 4.27119 -1.4135 26.0555
      vertex 4.26118 -1.44648 26.1086
    endloop
  endfacet
  facet normal 0 0.81276 0.582598
    outer loop
      vertex -4.29084 -1.3487 25.9651
      vertex -6.85434 -1.4135 26.0555
      vertex -4.27119 -1.4135 26.0555
    endloop
  endfacet
  facet normal -0 0.81276 0.582598
    outer loop
      vertex -6.86829 -1.3487 25.9651
      vertex -6.85434 -1.4135 26.0555
      vertex -4.29084 -1.3487 25.9651
    endloop
  endfacet
  facet normal -0.0125661 0.811777 0.583832
    outer loop
      vertex -6.85434 -1.4135 26.0555
      vertex -6.86829 -1.3487 25.9651
      vertex -6.8655 -1.36563 25.9887
    endloop
  endfacet
  facet normal 0.0125661 0.811777 0.583832
    outer loop
      vertex 6.86829 -1.3487 25.9651
      vertex 6.85434 -1.4135 26.0555
      vertex 6.8655 -1.36563 25.9887
    endloop
  endfacet
  facet normal 0 0.81276 0.582598
    outer loop
      vertex 6.85434 -1.4135 26.0555
      vertex 6.86829 -1.3487 25.9651
      vertex 4.29084 -1.3487 25.9651
    endloop
  endfacet
  facet normal 0 0.81276 0.582598
    outer loop
      vertex 6.85434 -1.4135 26.0555
      vertex 4.29084 -1.3487 25.9651
      vertex 4.27119 -1.4135 26.0555
    endloop
  endfacet
  facet normal 0 0.910825 0.412793
    outer loop
      vertex -4.23175 -1.52468 26.2481
      vertex -6.81771 -1.57059 26.3494
      vertex -4.21447 -1.57059 26.3494
    endloop
  endfacet
  facet normal 0 0.910825 0.412793
    outer loop
      vertex -6.81771 -1.57059 26.3494
      vertex -4.23175 -1.52468 26.2481
      vertex -6.82841 -1.52468 26.2481
    endloop
  endfacet
  facet normal -0 0.910825 0.412793
    outer loop
      vertex 4.23175 -1.52468 26.2481
      vertex 6.81771 -1.57059 26.3494
      vertex 6.82841 -1.52468 26.2481
    endloop
  endfacet
  facet normal 0 0.910825 0.412793
    outer loop
      vertex 6.81771 -1.57059 26.3494
      vertex 4.23175 -1.52468 26.2481
      vertex 4.21447 -1.57059 26.3494
    endloop
  endfacet
  facet normal 0 0.956906 -0.290399
    outer loop
      vertex -6.80104 -1.64207 27.44
      vertex -4.19972 -1.60978 27.5464
      vertex -4.18757 -1.64207 27.44
    endloop
  endfacet
  facet normal 0 0.956906 -0.290399
    outer loop
      vertex -4.19972 -1.60978 27.5464
      vertex -6.80104 -1.64207 27.44
      vertex -6.80857 -1.60978 27.5464
    endloop
  endfacet
  facet normal 0 0.956906 -0.290399
    outer loop
      vertex 6.80104 -1.64207 27.44
      vertex 4.19972 -1.60978 27.5464
      vertex 6.80857 -1.60978 27.5464
    endloop
  endfacet
  facet normal 0 0.956906 -0.290399
    outer loop
      vertex 4.19972 -1.60978 27.5464
      vertex 6.80104 -1.64207 27.44
      vertex 4.18757 -1.64207 27.44
    endloop
  endfacet
  facet normal 0 0.935989 -0.352029
    outer loop
      vertex -6.80857 -1.60978 27.5464
      vertex -4.21447 -1.57059 27.6506
      vertex -4.19972 -1.60978 27.5464
    endloop
  endfacet
  facet normal 0 0.935989 -0.352029
    outer loop
      vertex -4.21447 -1.57059 27.6506
      vertex -6.80857 -1.60978 27.5464
      vertex -6.81771 -1.57059 27.6506
    endloop
  endfacet
  facet normal 0 0.935989 -0.352029
    outer loop
      vertex 6.80857 -1.60978 27.5464
      vertex 4.21447 -1.57059 27.6506
      vertex 6.81771 -1.57059 27.6506
    endloop
  endfacet
  facet normal 0 0.935989 -0.352029
    outer loop
      vertex 4.21447 -1.57059 27.6506
      vertex 6.80857 -1.60978 27.5464
      vertex 4.19972 -1.60978 27.5464
    endloop
  endfacet
  facet normal 0 0.995187 -0.0979904
    outer loop
      vertex -6.78838 -1.69636 27.1112
      vertex -4.17124 -1.68546 27.2219
      vertex -4.16714 -1.69636 27.1112
    endloop
  endfacet
  facet normal 0 0.995187 -0.0979904
    outer loop
      vertex -4.17124 -1.68546 27.2219
      vertex -6.78838 -1.69636 27.1112
      vertex -6.79092 -1.68546 27.2219
    endloop
  endfacet
  facet normal 0 0.995187 -0.0979904
    outer loop
      vertex 6.78838 -1.69636 27.1112
      vertex 4.17124 -1.68546 27.2219
      vertex 6.79092 -1.68546 27.2219
    endloop
  endfacet
  facet normal 0 0.995187 -0.0979904
    outer loop
      vertex 4.17124 -1.68546 27.2219
      vertex 6.78838 -1.69636 27.1112
      vertex 4.16714 -1.69636 27.1112
    endloop
  endfacet
  facet normal 0 0.881905 -0.471428
    outer loop
      vertex -6.82841 -1.52468 27.7519
      vertex -4.25149 -1.47224 27.85
      vertex -4.23175 -1.52468 27.7519
    endloop
  endfacet
  facet normal 0 0.881905 -0.471428
    outer loop
      vertex -4.25149 -1.47224 27.85
      vertex -6.82841 -1.52468 27.7519
      vertex -6.84064 -1.47224 27.85
    endloop
  endfacet
  facet normal 0 0.881905 -0.471428
    outer loop
      vertex 6.82841 -1.52468 27.7519
      vertex 4.25149 -1.47224 27.85
      vertex 6.84064 -1.47224 27.85
    endloop
  endfacet
  facet normal 0 0.881905 -0.471428
    outer loop
      vertex 4.25149 -1.47224 27.85
      vertex 6.82841 -1.52468 27.7519
      vertex 4.23175 -1.52468 27.7519
    endloop
  endfacet
  facet normal 0 0.528151 -0.84915
    outer loop
      vertex -6.93503 -0.944468 28.4135
      vertex -4.41353 -0.877906 28.4549
      vertex -4.39801 -0.944468 28.4135
    endloop
  endfacet
  facet normal 4.6026e-05 0.526894 -0.849931
    outer loop
      vertex -6.93503 -0.944468 28.4135
      vertex -4.41814 -0.849999 28.4722
      vertex -4.41353 -0.877906 28.4549
    endloop
  endfacet
  facet normal 0.0177341 0.529233 -0.848291
    outer loop
      vertex -6.94639 -0.849999 28.4722
      vertex -6.93503 -0.944468 28.4135
      vertex -6.94011 -0.913683 28.4326
    endloop
  endfacet
  facet normal 0 0.527779 -0.849382
    outer loop
      vertex -6.93503 -0.944468 28.4135
      vertex -6.94639 -0.849999 28.4722
      vertex -4.41814 -0.849999 28.4722
    endloop
  endfacet
  facet normal -0.0177341 0.529233 -0.848291
    outer loop
      vertex 6.93503 -0.944468 28.4135
      vertex 6.94639 -0.849999 28.4722
      vertex 6.94011 -0.913683 28.4326
    endloop
  endfacet
  facet normal 0 0.527779 -0.849382
    outer loop
      vertex 6.93503 -0.944468 28.4135
      vertex 4.41814 -0.849999 28.4722
      vertex 6.94639 -0.849999 28.4722
    endloop
  endfacet
  facet normal -4.6026e-05 0.526894 -0.849931
    outer loop
      vertex 6.93503 -0.944468 28.4135
      vertex 4.41353 -0.877906 28.4549
      vertex 4.41814 -0.849999 28.4722
    endloop
  endfacet
  facet normal 0 0.528151 -0.84915
    outer loop
      vertex 4.41353 -0.877906 28.4549
      vertex 6.93503 -0.944468 28.4135
      vertex 4.39801 -0.944468 28.4135
    endloop
  endfacet
  facet normal 0 0.471814 -0.881698
    outer loop
      vertex -6.94639 -0.849999 28.4722
      vertex -4.43434 -0.75189 28.5247
      vertex -4.41814 -0.849999 28.4722
    endloop
  endfacet
  facet normal 0 0.471814 -0.881698
    outer loop
      vertex -4.43434 -0.75189 28.5247
      vertex -6.94639 -0.849999 28.4722
      vertex -6.95605 -0.75189 28.5247
    endloop
  endfacet
  facet normal 0 0.471814 -0.881698
    outer loop
      vertex 6.94639 -0.849999 28.4722
      vertex 4.43434 -0.75189 28.5247
      vertex 6.95605 -0.75189 28.5247
    endloop
  endfacet
  facet normal 0 0.471814 -0.881698
    outer loop
      vertex 4.43434 -0.75189 28.5247
      vertex 6.94639 -0.849999 28.4722
      vertex 4.41814 -0.849999 28.4722
    endloop
  endfacet
  facet normal 0 0.634509 -0.772915
    outer loop
      vertex -6.9059 -1.12089 28.2781
      vertex -4.37693 -1.03489 28.3487
      vertex -4.35688 -1.12089 28.2781
    endloop
  endfacet
  facet normal 0 0.634509 -0.772915
    outer loop
      vertex -4.37693 -1.03489 28.3487
      vertex -6.9059 -1.12089 28.2781
      vertex -6.9201 -1.03489 28.3487
    endloop
  endfacet
  facet normal 0 0.634509 -0.772915
    outer loop
      vertex 6.9059 -1.12089 28.2781
      vertex 4.37693 -1.03489 28.3487
      vertex 6.9201 -1.03489 28.3487
    endloop
  endfacet
  facet normal 0 0.634509 -0.772915
    outer loop
      vertex 4.37693 -1.03489 28.3487
      vertex 6.9059 -1.12089 28.2781
      vertex 4.35688 -1.12089 28.2781
    endloop
  endfacet
  facet normal 0 -0.163799 0.986494
    outer loop
      vertex -6.98914 0.331653 25.3327
      vertex -4.49037 0.294313 25.3265
      vertex -4.48669 0.331653 25.3327
    endloop
  endfacet
  facet normal 5.00121e-06 -0.163473 0.986548
    outer loop
      vertex -6.98914 0.331653 25.3327
      vertex -4.49274 0.221894 25.3145
      vertex -4.49037 0.294313 25.3265
    endloop
  endfacet
  facet normal 0 -0.163584 0.986529
    outer loop
      vertex -4.49274 0.221894 25.3145
      vertex -6.98914 0.331653 25.3327
      vertex -6.99274 0.221894 25.3145
    endloop
  endfacet
  facet normal 0 -0.163584 0.986529
    outer loop
      vertex 6.98914 0.331653 25.3327
      vertex 4.49274 0.221894 25.3145
      vertex 6.99274 0.221894 25.3145
    endloop
  endfacet
  facet normal -5.00121e-06 -0.163473 0.986548
    outer loop
      vertex 6.98914 0.331653 25.3327
      vertex 4.49037 0.294313 25.3265
      vertex 4.49274 0.221894 25.3145
    endloop
  endfacet
  facet normal 0 -0.163799 0.986494
    outer loop
      vertex 4.49037 0.294313 25.3265
      vertex 6.98914 0.331653 25.3327
      vertex 4.48669 0.331653 25.3327
    endloop
  endfacet
  facet normal 0 -0.528151 0.84915
    outer loop
      vertex -6.93503 0.944468 25.5865
      vertex -4.41353 0.877906 25.5451
      vertex -4.39801 0.944468 25.5865
    endloop
  endfacet
  facet normal 4.6026e-05 -0.526894 0.849931
    outer loop
      vertex -6.93503 0.944468 25.5865
      vertex -4.41814 0.849999 25.5278
      vertex -4.41353 0.877906 25.5451
    endloop
  endfacet
  facet normal 0.0177341 -0.529233 0.848291
    outer loop
      vertex -6.94639 0.849999 25.5278
      vertex -6.93503 0.944468 25.5865
      vertex -6.94011 0.913683 25.5674
    endloop
  endfacet
  facet normal 0 -0.527779 0.849382
    outer loop
      vertex -6.93503 0.944468 25.5865
      vertex -6.94639 0.849999 25.5278
      vertex -4.41814 0.849999 25.5278
    endloop
  endfacet
  facet normal -0.0177341 -0.529233 0.848291
    outer loop
      vertex 6.93503 0.944468 25.5865
      vertex 6.94639 0.849999 25.5278
      vertex 6.94011 0.913683 25.5674
    endloop
  endfacet
  facet normal 0 -0.527779 0.849382
    outer loop
      vertex 6.93503 0.944468 25.5865
      vertex 4.41814 0.849999 25.5278
      vertex 6.94639 0.849999 25.5278
    endloop
  endfacet
  facet normal -4.6026e-05 -0.526894 0.849931
    outer loop
      vertex 6.93503 0.944468 25.5865
      vertex 4.41353 0.877906 25.5451
      vertex 4.41814 0.849999 25.5278
    endloop
  endfacet
  facet normal 0 -0.528151 0.84915
    outer loop
      vertex 4.41353 0.877906 25.5451
      vertex 6.93503 0.944468 25.5865
      vertex 4.39801 0.944468 25.5865
    endloop
  endfacet
  facet normal 0 -0.956906 0.290399
    outer loop
      vertex -4.19972 1.60978 26.4536
      vertex -6.80104 1.64207 26.56
      vertex -6.80857 1.60978 26.4536
    endloop
  endfacet
  facet normal 0 -0.956906 0.290399
    outer loop
      vertex -6.80104 1.64207 26.56
      vertex -4.19972 1.60978 26.4536
      vertex -4.18757 1.64207 26.56
    endloop
  endfacet
  facet normal 0 -0.956906 0.290399
    outer loop
      vertex 4.19972 1.60978 26.4536
      vertex 6.80104 1.64207 26.56
      vertex 4.18757 1.64207 26.56
    endloop
  endfacet
  facet normal 0 -0.956906 0.290399
    outer loop
      vertex 6.80104 1.64207 26.56
      vertex 4.19972 1.60978 26.4536
      vertex 6.80857 1.60978 26.4536
    endloop
  endfacet
  facet normal 0 -0.528151 -0.84915
    outer loop
      vertex -4.41353 0.877906 28.4549
      vertex -6.93503 0.944468 28.4135
      vertex -4.39801 0.944468 28.4135
    endloop
  endfacet
  facet normal 4.6026e-05 -0.526894 -0.849931
    outer loop
      vertex -4.41814 0.849999 28.4722
      vertex -6.93503 0.944468 28.4135
      vertex -4.41353 0.877906 28.4549
    endloop
  endfacet
  facet normal 0 -0.527779 -0.849382
    outer loop
      vertex -6.94639 0.849999 28.4722
      vertex -6.93503 0.944468 28.4135
      vertex -4.41814 0.849999 28.4722
    endloop
  endfacet
  facet normal 0.0177341 -0.529233 -0.848291
    outer loop
      vertex -6.93503 0.944468 28.4135
      vertex -6.94639 0.849999 28.4722
      vertex -6.94011 0.913683 28.4326
    endloop
  endfacet
  facet normal -0.0177341 -0.529233 -0.848291
    outer loop
      vertex 6.94639 0.849999 28.4722
      vertex 6.93503 0.944468 28.4135
      vertex 6.94011 0.913683 28.4326
    endloop
  endfacet
  facet normal 0 -0.527779 -0.849382
    outer loop
      vertex 4.41814 0.849999 28.4722
      vertex 6.93503 0.944468 28.4135
      vertex 6.94639 0.849999 28.4722
    endloop
  endfacet
  facet normal -4.6026e-05 -0.526894 -0.849931
    outer loop
      vertex 4.41353 0.877906 28.4549
      vertex 6.93503 0.944468 28.4135
      vertex 4.41814 0.849999 28.4722
    endloop
  endfacet
  facet normal -0 -0.528151 -0.84915
    outer loop
      vertex 6.93503 0.944468 28.4135
      vertex 4.41353 0.877906 28.4549
      vertex 4.39801 0.944468 28.4135
    endloop
  endfacet
  facet normal 0 -0.634509 -0.772915
    outer loop
      vertex -4.37693 1.03489 28.3487
      vertex -6.9059 1.12089 28.2781
      vertex -4.35688 1.12089 28.2781
    endloop
  endfacet
  facet normal 0 -0.634509 -0.772915
    outer loop
      vertex -6.9059 1.12089 28.2781
      vertex -4.37693 1.03489 28.3487
      vertex -6.9201 1.03489 28.3487
    endloop
  endfacet
  facet normal 0 -0.634509 -0.772915
    outer loop
      vertex 4.37693 1.03489 28.3487
      vertex 6.9059 1.12089 28.2781
      vertex 6.9201 1.03489 28.3487
    endloop
  endfacet
  facet normal -0 -0.634509 -0.772915
    outer loop
      vertex 6.9059 1.12089 28.2781
      vertex 4.37693 1.03489 28.3487
      vertex 4.35688 1.12089 28.2781
    endloop
  endfacet
  facet normal 0 -0.995187 -0.0979904
    outer loop
      vertex -6.78838 1.69636 27.1112
      vertex -4.17124 1.68546 27.2219
      vertex -6.79092 1.68546 27.2219
    endloop
  endfacet
  facet normal 0 -0.995187 -0.0979904
    outer loop
      vertex -4.17124 1.68546 27.2219
      vertex -6.78838 1.69636 27.1112
      vertex -4.16714 1.69636 27.1112
    endloop
  endfacet
  facet normal -0 -0.995187 -0.0979904
    outer loop
      vertex 6.78838 1.69636 27.1112
      vertex 4.17124 1.68546 27.2219
      vertex 4.16714 1.69636 27.1112
    endloop
  endfacet
  facet normal 0 -0.995187 -0.0979904
    outer loop
      vertex 4.17124 1.68546 27.2219
      vertex 6.78838 1.69636 27.1112
      vertex 6.79092 1.68546 27.2219
    endloop
  endfacet
  facet normal 0 -0.881905 -0.471428
    outer loop
      vertex -6.82841 1.52468 27.7519
      vertex -4.25149 1.47224 27.85
      vertex -6.84064 1.47224 27.85
    endloop
  endfacet
  facet normal 0 -0.881905 -0.471428
    outer loop
      vertex -4.25149 1.47224 27.85
      vertex -6.82841 1.52468 27.7519
      vertex -4.23175 1.52468 27.7519
    endloop
  endfacet
  facet normal -0 -0.881905 -0.471428
    outer loop
      vertex 6.82841 1.52468 27.7519
      vertex 4.25149 1.47224 27.85
      vertex 4.23175 1.52468 27.7519
    endloop
  endfacet
  facet normal 0 -0.881905 -0.471428
    outer loop
      vertex 4.25149 1.47224 27.85
      vertex 6.82841 1.52468 27.7519
      vertex 6.84064 1.47224 27.85
    endloop
  endfacet
  facet normal 0 0.226555 0.973998
    outer loop
      vertex -4.48669 -0.331653 25.3327
      vertex -6.9856 -0.439992 25.3579
      vertex -4.47602 -0.439992 25.3579
    endloop
  endfacet
  facet normal 0 0.226555 0.973998
    outer loop
      vertex -6.9856 -0.439992 25.3579
      vertex -4.48669 -0.331653 25.3327
      vertex -6.98914 -0.331653 25.3327
    endloop
  endfacet
  facet normal -0 0.226555 0.973998
    outer loop
      vertex 4.48669 -0.331653 25.3327
      vertex 6.9856 -0.439992 25.3579
      vertex 6.98914 -0.331653 25.3327
    endloop
  endfacet
  facet normal 0 0.226555 0.973998
    outer loop
      vertex 6.9856 -0.439992 25.3579
      vertex 4.48669 -0.331653 25.3327
      vertex 4.47602 -0.439992 25.3579
    endloop
  endfacet
  facet normal 0 0.412621 0.910903
    outer loop
      vertex -4.45107 -0.650561 25.4294
      vertex -6.95605 -0.75189 25.4753
      vertex -4.43434 -0.75189 25.4753
    endloop
  endfacet
  facet normal 0 0.412621 0.910903
    outer loop
      vertex -6.95605 -0.75189 25.4753
      vertex -4.45107 -0.650561 25.4294
      vertex -6.96603 -0.650561 25.4294
    endloop
  endfacet
  facet normal -0 0.412621 0.910903
    outer loop
      vertex 4.45107 -0.650561 25.4294
      vertex 6.95605 -0.75189 25.4753
      vertex 6.96603 -0.650561 25.4294
    endloop
  endfacet
  facet normal 0 0.412621 0.910903
    outer loop
      vertex 6.95605 -0.75189 25.4753
      vertex 4.45107 -0.650561 25.4294
      vertex 4.43434 -0.75189 25.4753
    endloop
  endfacet
  facet normal 0 0.986641 0.162913
    outer loop
      vertex -4.17806 -1.66733 26.6683
      vertex -6.79092 -1.68546 26.7781
      vertex -4.17124 -1.68546 26.7781
    endloop
  endfacet
  facet normal 0 0.986641 0.162913
    outer loop
      vertex -6.79092 -1.68546 26.7781
      vertex -4.17806 -1.66733 26.6683
      vertex -6.79515 -1.66733 26.6683
    endloop
  endfacet
  facet normal -0 0.986641 0.162913
    outer loop
      vertex 4.17806 -1.66733 26.6683
      vertex 6.79092 -1.68546 26.7781
      vertex 6.79515 -1.66733 26.6683
    endloop
  endfacet
  facet normal 0 0.986641 0.162913
    outer loop
      vertex 6.79092 -1.68546 26.7781
      vertex 4.17806 -1.66733 26.6683
      vertex 4.17124 -1.68546 26.7781
    endloop
  endfacet
  facet normal 0 0.935989 0.352029
    outer loop
      vertex -4.21447 -1.57059 26.3494
      vertex -6.80857 -1.60978 26.4536
      vertex -4.19972 -1.60978 26.4536
    endloop
  endfacet
  facet normal 0 0.935989 0.352029
    outer loop
      vertex -6.80857 -1.60978 26.4536
      vertex -4.21447 -1.57059 26.3494
      vertex -6.81771 -1.57059 26.3494
    endloop
  endfacet
  facet normal -0 0.935989 0.352029
    outer loop
      vertex 4.21447 -1.57059 26.3494
      vertex 6.80857 -1.60978 26.4536
      vertex 6.81771 -1.57059 26.3494
    endloop
  endfacet
  facet normal 0 0.935989 0.352029
    outer loop
      vertex 6.80857 -1.60978 26.4536
      vertex 4.21447 -1.57059 26.3494
      vertex 4.19972 -1.60978 26.4536
    endloop
  endfacet
  facet normal 0 0.881905 0.471428
    outer loop
      vertex -4.25149 -1.47224 26.15
      vertex -6.82841 -1.52468 26.2481
      vertex -4.23175 -1.52468 26.2481
    endloop
  endfacet
  facet normal 0 0.881905 0.471428
    outer loop
      vertex -6.82841 -1.52468 26.2481
      vertex -4.25149 -1.47224 26.15
      vertex -6.84064 -1.47224 26.15
    endloop
  endfacet
  facet normal -0 0.881905 0.471428
    outer loop
      vertex 4.25149 -1.47224 26.15
      vertex 6.82841 -1.52468 26.2481
      vertex 6.84064 -1.47224 26.15
    endloop
  endfacet
  facet normal 0 0.881905 0.471428
    outer loop
      vertex 6.82841 -1.52468 26.2481
      vertex 4.25149 -1.47224 26.15
      vertex 4.23175 -1.52468 26.2481
    endloop
  endfacet
  facet normal 0 0.986641 -0.162913
    outer loop
      vertex -6.79092 -1.68546 27.2219
      vertex -4.17806 -1.66733 27.3317
      vertex -4.17124 -1.68546 27.2219
    endloop
  endfacet
  facet normal 0 0.986641 -0.162913
    outer loop
      vertex -4.17806 -1.66733 27.3317
      vertex -6.79092 -1.68546 27.2219
      vertex -6.79515 -1.66733 27.3317
    endloop
  endfacet
  facet normal 0 0.986641 -0.162913
    outer loop
      vertex 6.79092 -1.68546 27.2219
      vertex 4.17806 -1.66733 27.3317
      vertex 6.79515 -1.66733 27.3317
    endloop
  endfacet
  facet normal 0 0.986641 -0.162913
    outer loop
      vertex 4.17806 -1.66733 27.3317
      vertex 6.79092 -1.68546 27.2219
      vertex 4.17124 -1.68546 27.2219
    endloop
  endfacet
  facet normal -1.53593e-05 0.849486 -0.527612
    outer loop
      vertex -6.84064 -1.47224 27.85
      vertex -4.27119 -1.4135 27.9445
      vertex -4.26118 -1.44648 27.8914
    endloop
  endfacet
  facet normal 0 0.849057 -0.528302
    outer loop
      vertex -6.84064 -1.47224 27.85
      vertex -4.26118 -1.44648 27.8914
      vertex -4.25149 -1.47224 27.85
    endloop
  endfacet
  facet normal 0 0.849298 -0.527913
    outer loop
      vertex -4.27119 -1.4135 27.9445
      vertex -6.84064 -1.47224 27.85
      vertex -6.85434 -1.4135 27.9445
    endloop
  endfacet
  facet normal 0 0.849298 -0.527913
    outer loop
      vertex 6.84064 -1.47224 27.85
      vertex 4.27119 -1.4135 27.9445
      vertex 6.85434 -1.4135 27.9445
    endloop
  endfacet
  facet normal 1.53593e-05 0.849486 -0.527612
    outer loop
      vertex 4.27119 -1.4135 27.9445
      vertex 6.84064 -1.47224 27.85
      vertex 4.26118 -1.44648 27.8914
    endloop
  endfacet
  facet normal 0 0.849057 -0.528302
    outer loop
      vertex 4.26118 -1.44648 27.8914
      vertex 6.84064 -1.47224 27.85
      vertex 4.25149 -1.47224 27.85
    endloop
  endfacet
  facet normal 0 0.773047 -0.634348
    outer loop
      vertex -6.86829 -1.3487 28.0349
      vertex -4.31225 -1.27813 28.1209
      vertex -4.29084 -1.3487 28.0349
    endloop
  endfacet
  facet normal 0 0.773047 -0.634348
    outer loop
      vertex -4.31225 -1.27813 28.1209
      vertex -6.86829 -1.3487 28.0349
      vertex -6.87994 -1.27813 28.1209
    endloop
  endfacet
  facet normal 0 0.773047 -0.634348
    outer loop
      vertex 6.86829 -1.3487 28.0349
      vertex 4.31225 -1.27813 28.1209
      vertex 6.87994 -1.27813 28.1209
    endloop
  endfacet
  facet normal 0 0.773047 -0.634348
    outer loop
      vertex 4.31225 -1.27813 28.1209
      vertex 6.86829 -1.3487 28.0349
      vertex 4.29084 -1.3487 28.0349
    endloop
  endfacet
  facet normal 0 0.290344 -0.956922
    outer loop
      vertex -6.97628 -0.546447 28.6098
      vertex -4.47602 -0.439992 28.6421
      vertex -4.46553 -0.546447 28.6098
    endloop
  endfacet
  facet normal -0.00974085 0.289549 -0.957114
    outer loop
      vertex -6.9856 -0.439992 28.6421
      vertex -6.97628 -0.546447 28.6098
      vertex -6.98501 -0.457822 28.6367
    endloop
  endfacet
  facet normal 0 0.290344 -0.956922
    outer loop
      vertex -6.97628 -0.546447 28.6098
      vertex -6.9856 -0.439992 28.6421
      vertex -4.47602 -0.439992 28.6421
    endloop
  endfacet
  facet normal 0.00974085 0.289549 -0.957114
    outer loop
      vertex 6.97628 -0.546447 28.6098
      vertex 6.9856 -0.439992 28.6421
      vertex 6.98501 -0.457822 28.6367
    endloop
  endfacet
  facet normal 0 0.290344 -0.956922
    outer loop
      vertex 6.97628 -0.546447 28.6098
      vertex 4.47602 -0.439992 28.6421
      vertex 6.9856 -0.439992 28.6421
    endloop
  endfacet
  facet normal 0 0.290344 -0.956922
    outer loop
      vertex 4.47602 -0.439992 28.6421
      vertex 6.97628 -0.546447 28.6098
      vertex 4.46553 -0.546447 28.6098
    endloop
  endfacet
  facet normal 0 0.0979826 -0.995188
    outer loop
      vertex -6.99274 -0.221894 28.6855
      vertex -4.49636 -0.111185 28.6964
      vertex -4.49274 -0.221894 28.6855
    endloop
  endfacet
  facet normal 0 0.0979826 -0.995188
    outer loop
      vertex -4.49636 -0.111185 28.6964
      vertex -6.99274 -0.221894 28.6855
      vertex -6.99636 -0.111185 28.6964
    endloop
  endfacet
  facet normal 0 0.0979826 -0.995188
    outer loop
      vertex 6.99274 -0.221894 28.6855
      vertex 4.49636 -0.111185 28.6964
      vertex 6.99636 -0.111185 28.6964
    endloop
  endfacet
  facet normal 0 0.0979826 -0.995188
    outer loop
      vertex 4.49636 -0.111185 28.6964
      vertex 6.99274 -0.221894 28.6855
      vertex 4.49274 -0.221894 28.6855
    endloop
  endfacet
  facet normal 0 0.528151 0.84915
    outer loop
      vertex -4.41353 -0.877906 25.5451
      vertex -6.93503 -0.944468 25.5865
      vertex -4.39801 -0.944468 25.5865
    endloop
  endfacet
  facet normal 4.6026e-05 0.526894 0.849931
    outer loop
      vertex -4.41814 -0.849999 25.5278
      vertex -6.93503 -0.944468 25.5865
      vertex -4.41353 -0.877906 25.5451
    endloop
  endfacet
  facet normal -0 0.527779 0.849382
    outer loop
      vertex -6.94639 -0.849999 25.5278
      vertex -6.93503 -0.944468 25.5865
      vertex -4.41814 -0.849999 25.5278
    endloop
  endfacet
  facet normal 0.0177341 0.529233 0.848291
    outer loop
      vertex -6.93503 -0.944468 25.5865
      vertex -6.94639 -0.849999 25.5278
      vertex -6.94011 -0.913683 25.5674
    endloop
  endfacet
  facet normal -0.0177341 0.529233 0.848291
    outer loop
      vertex 6.94639 -0.849999 25.5278
      vertex 6.93503 -0.944468 25.5865
      vertex 6.94011 -0.913683 25.5674
    endloop
  endfacet
  facet normal -0 0.527779 0.849382
    outer loop
      vertex 4.41814 -0.849999 25.5278
      vertex 6.93503 -0.944468 25.5865
      vertex 6.94639 -0.849999 25.5278
    endloop
  endfacet
  facet normal -4.6026e-05 0.526894 0.849931
    outer loop
      vertex 4.41353 -0.877906 25.5451
      vertex 6.93503 -0.944468 25.5865
      vertex 4.41814 -0.849999 25.5278
    endloop
  endfacet
  facet normal 0 0.528151 0.84915
    outer loop
      vertex 6.93503 -0.944468 25.5865
      vertex 4.41353 -0.877906 25.5451
      vertex 4.39801 -0.944468 25.5865
    endloop
  endfacet
  facet normal 0 0.471814 0.881698
    outer loop
      vertex -4.43434 -0.75189 25.4753
      vertex -6.94639 -0.849999 25.5278
      vertex -4.41814 -0.849999 25.5278
    endloop
  endfacet
  facet normal 0 0.471814 0.881698
    outer loop
      vertex -6.94639 -0.849999 25.5278
      vertex -4.43434 -0.75189 25.4753
      vertex -6.95605 -0.75189 25.4753
    endloop
  endfacet
  facet normal -0 0.471814 0.881698
    outer loop
      vertex 4.43434 -0.75189 25.4753
      vertex 6.94639 -0.849999 25.5278
      vertex 6.95605 -0.75189 25.4753
    endloop
  endfacet
  facet normal 0 0.471814 0.881698
    outer loop
      vertex 6.94639 -0.849999 25.5278
      vertex 4.43434 -0.75189 25.4753
      vertex 4.41814 -0.849999 25.5278
    endloop
  endfacet
  facet normal 0 0.582504 0.812827
    outer loop
      vertex -4.39801 -0.944468 25.5865
      vertex -6.9201 -1.03489 25.6513
      vertex -4.37693 -1.03489 25.6513
    endloop
  endfacet
  facet normal 0 0.582504 0.812827
    outer loop
      vertex -6.9201 -1.03489 25.6513
      vertex -4.39801 -0.944468 25.5865
      vertex -6.93503 -0.944468 25.5865
    endloop
  endfacet
  facet normal -0 0.582504 0.812827
    outer loop
      vertex 4.39801 -0.944468 25.5865
      vertex 6.9201 -1.03489 25.6513
      vertex 6.93503 -0.944468 25.5865
    endloop
  endfacet
  facet normal 0 0.582504 0.812827
    outer loop
      vertex 6.9201 -1.03489 25.6513
      vertex 4.39801 -0.944468 25.5865
      vertex 4.37693 -1.03489 25.6513
    endloop
  endfacet
  facet normal -0.683602 -0.729855 0
    outer loop
      vertex 2.96706 3.38328 0
      vertex 3.18198 3.18198 93
      vertex 2.96706 3.38328 93
    endloop
  endfacet
  facet normal -0.683602 -0.729855 -0
    outer loop
      vertex 3.18198 3.18198 93
      vertex 2.96706 3.38328 0
      vertex 3.18198 3.18198 0
    endloop
  endfacet
  facet normal 0.352236 -0.935911 0
    outer loop
      vertex -1.72207 4.15746 0
      vertex -1.44648 4.26118 93
      vertex -1.72207 4.15746 93
    endloop
  endfacet
  facet normal 0.352236 -0.935911 0
    outer loop
      vertex -1.44648 4.26118 93
      vertex -1.72207 4.15746 0
      vertex -1.44648 4.26118 0
    endloop
  endfacet
  facet normal 0.910868 -0.412697 0
    outer loop
      vertex -4.15746 1.72207 93
      vertex -4.03593 1.9903 0
      vertex -4.03593 1.9903 93
    endloop
  endfacet
  facet normal 0.910868 -0.412697 0
    outer loop
      vertex -4.03593 1.9903 0
      vertex -4.15746 1.72207 93
      vertex -4.15746 1.72207 0
    endloop
  endfacet
  facet normal -0.910868 -0.412697 0
    outer loop
      vertex 4.15746 1.72207 0
      vertex 4.03593 1.9903 93
      vertex 4.03593 1.9903 0
    endloop
  endfacet
  facet normal -0.910868 -0.412697 0
    outer loop
      vertex 4.03593 1.9903 93
      vertex 4.15746 1.72207 0
      vertex 4.15746 1.72207 93
    endloop
  endfacet
  facet normal -0.881911 -0.471416 0
    outer loop
      vertex 4.03593 1.9903 0
      vertex 3.89711 2.25 93
      vertex 3.89711 2.25 0
    endloop
  endfacet
  facet normal -0.881911 -0.471416 0
    outer loop
      vertex 3.89711 2.25 93
      vertex 4.03593 1.9903 0
      vertex 4.03593 1.9903 93
    endloop
  endfacet
  facet normal -0.412697 -0.910868 0
    outer loop
      vertex 1.72207 4.15746 0
      vertex 1.9903 4.03593 93
      vertex 1.72207 4.15746 93
    endloop
  endfacet
  facet normal -0.412697 -0.910868 -0
    outer loop
      vertex 1.9903 4.03593 93
      vertex 1.72207 4.15746 0
      vertex 1.9903 4.03593 0
    endloop
  endfacet
  facet normal 0.729855 -0.683602 0
    outer loop
      vertex -3.38328 2.96706 93
      vertex -3.18198 3.18198 0
      vertex -3.18198 3.18198 93
    endloop
  endfacet
  facet normal 0.729855 -0.683602 0
    outer loop
      vertex -3.18198 3.18198 0
      vertex -3.38328 2.96706 93
      vertex -3.38328 2.96706 0
    endloop
  endfacet
  facet normal 0.162901 -0.986642 0
    outer loop
      vertex -0.877906 4.41353 0
      vertex -0.587367 4.4615 93
      vertex -0.877906 4.41353 93
    endloop
  endfacet
  facet normal 0.162901 -0.986642 0
    outer loop
      vertex -0.587367 4.4615 93
      vertex -0.877906 4.41353 0
      vertex -0.587367 4.4615 0
    endloop
  endfacet
  facet normal -0.729855 0.683602 0
    outer loop
      vertex 3.18198 -3.18198 0
      vertex 3.38328 -2.96706 93
      vertex 3.38328 -2.96706 0
    endloop
  endfacet
  facet normal -0.729855 0.683602 0
    outer loop
      vertex 3.38328 -2.96706 93
      vertex 3.18198 -3.18198 0
      vertex 3.18198 -3.18198 93
    endloop
  endfacet
  facet normal 0.683602 0.729855 -0
    outer loop
      vertex -2.96706 -3.38328 0
      vertex -3.18198 -3.18198 93
      vertex -2.96706 -3.38328 93
    endloop
  endfacet
  facet normal 0.683602 0.729855 0
    outer loop
      vertex -3.18198 -3.18198 93
      vertex -2.96706 -3.38328 0
      vertex -3.18198 -3.18198 0
    endloop
  endfacet
  facet normal 0.986642 0.162901 0
    outer loop
      vertex -4.41353 -0.877906 93
      vertex -4.4615 -0.587367 28.5944
      vertex -4.4615 -0.587367 93
    endloop
  endfacet
  facet normal 0.986652 0.162844 -2.64854e-07
    outer loop
      vertex -4.4615 -0.587367 28.5944
      vertex -4.41353 -0.877906 93
      vertex -4.45107 -0.650561 28.5706
    endloop
  endfacet
  facet normal 0.986643 0.1629 -6.16836e-08
    outer loop
      vertex -4.45107 -0.650561 28.5706
      vertex -4.41353 -0.877906 93
      vertex -4.43434 -0.75189 28.5247
    endloop
  endfacet
  facet normal 0.98664 0.162916 -2.94626e-08
    outer loop
      vertex -4.43434 -0.75189 28.5247
      vertex -4.41353 -0.877906 93
      vertex -4.41814 -0.849999 28.4722
    endloop
  endfacet
  facet normal 0.986629 0.162983 0
    outer loop
      vertex -4.41814 -0.849999 28.4722
      vertex -4.41353 -0.877906 93
      vertex -4.41353 -0.877906 28.4549
    endloop
  endfacet
  facet normal 0.986652 0.162846 3.78456e-06
    outer loop
      vertex -4.41353 -0.877906 0
      vertex -4.4615 -0.587367 4.40562
      vertex -4.45107 -0.650561 4.4294
    endloop
  endfacet
  facet normal 0.986642 0.162901 8.78247e-07
    outer loop
      vertex -4.41353 -0.877906 0
      vertex -4.45107 -0.650561 4.4294
      vertex -4.43434 -0.75189 4.47532
    endloop
  endfacet
  facet normal 0.98664 0.162917 4.18607e-07
    outer loop
      vertex -4.41353 -0.877906 0
      vertex -4.43434 -0.75189 4.47532
      vertex -4.41814 -0.849999 4.52776
    endloop
  endfacet
  facet normal 0.986629 0.162983 -0
    outer loop
      vertex -4.41353 -0.877906 0
      vertex -4.41814 -0.849999 4.52776
      vertex -4.41353 -0.877906 4.54511
    endloop
  endfacet
  facet normal 0.986642 0.162901 0
    outer loop
      vertex -4.4615 -0.587367 4.40562
      vertex -4.41353 -0.877906 0
      vertex -4.4615 -0.587367 0
    endloop
  endfacet
  facet normal 0.986652 0.162844 0
    outer loop
      vertex -4.45107 -0.650561 11.4294
      vertex -4.4615 -0.587367 7.59438
      vertex -4.4615 -0.587367 11.4056
    endloop
  endfacet
  facet normal 0.986652 0.162844 0
    outer loop
      vertex -4.45107 -0.650561 11.4294
      vertex -4.45107 -0.650561 7.57059
      vertex -4.4615 -0.587367 7.59438
    endloop
  endfacet
  facet normal 0.986643 0.1629 0
    outer loop
      vertex -4.43434 -0.75189 11.4753
      vertex -4.45107 -0.650561 7.57059
      vertex -4.45107 -0.650561 11.4294
    endloop
  endfacet
  facet normal 0.986643 0.1629 0
    outer loop
      vertex -4.43434 -0.75189 11.4753
      vertex -4.43434 -0.75189 7.52468
      vertex -4.45107 -0.650561 7.57059
    endloop
  endfacet
  facet normal 0.98664 0.162916 0
    outer loop
      vertex -4.41814 -0.849999 11.5278
      vertex -4.43434 -0.75189 7.52468
      vertex -4.43434 -0.75189 11.4753
    endloop
  endfacet
  facet normal 0.98664 0.162916 0
    outer loop
      vertex -4.41814 -0.849999 11.5278
      vertex -4.41814 -0.849999 7.47224
      vertex -4.43434 -0.75189 7.52468
    endloop
  endfacet
  facet normal 0.986629 0.162983 0
    outer loop
      vertex -4.41353 -0.877906 11.5451
      vertex -4.41814 -0.849999 7.47224
      vertex -4.41814 -0.849999 11.5278
    endloop
  endfacet
  facet normal 0.986629 0.162983 0
    outer loop
      vertex -4.41814 -0.849999 7.47224
      vertex -4.41353 -0.877906 11.5451
      vertex -4.41353 -0.877906 7.45489
    endloop
  endfacet
  facet normal 0.986652 0.162844 0
    outer loop
      vertex -4.45107 -0.650561 18.4294
      vertex -4.4615 -0.587367 14.5944
      vertex -4.4615 -0.587367 18.4056
    endloop
  endfacet
  facet normal 0.986652 0.162844 0
    outer loop
      vertex -4.45107 -0.650561 18.4294
      vertex -4.45107 -0.650561 14.5706
      vertex -4.4615 -0.587367 14.5944
    endloop
  endfacet
  facet normal 0.986643 0.1629 0
    outer loop
      vertex -4.43434 -0.75189 18.4753
      vertex -4.45107 -0.650561 14.5706
      vertex -4.45107 -0.650561 18.4294
    endloop
  endfacet
  facet normal 0.986643 0.1629 0
    outer loop
      vertex -4.43434 -0.75189 18.4753
      vertex -4.43434 -0.75189 14.5247
      vertex -4.45107 -0.650561 14.5706
    endloop
  endfacet
  facet normal 0.98664 0.162916 0
    outer loop
      vertex -4.41814 -0.849999 18.5278
      vertex -4.43434 -0.75189 14.5247
      vertex -4.43434 -0.75189 18.4753
    endloop
  endfacet
  facet normal 0.98664 0.162916 0
    outer loop
      vertex -4.41814 -0.849999 18.5278
      vertex -4.41814 -0.849999 14.4722
      vertex -4.43434 -0.75189 14.5247
    endloop
  endfacet
  facet normal 0.986629 0.162983 0
    outer loop
      vertex -4.41353 -0.877906 18.5451
      vertex -4.41814 -0.849999 14.4722
      vertex -4.41814 -0.849999 18.5278
    endloop
  endfacet
  facet normal 0.986629 0.162983 0
    outer loop
      vertex -4.41814 -0.849999 14.4722
      vertex -4.41353 -0.877906 18.5451
      vertex -4.41353 -0.877906 14.4549
    endloop
  endfacet
  facet normal 0.986652 0.162844 0
    outer loop
      vertex -4.45107 -0.650561 25.4294
      vertex -4.4615 -0.587367 21.5944
      vertex -4.4615 -0.587367 25.4056
    endloop
  endfacet
  facet normal 0.986652 0.162844 0
    outer loop
      vertex -4.45107 -0.650561 25.4294
      vertex -4.45107 -0.650561 21.5706
      vertex -4.4615 -0.587367 21.5944
    endloop
  endfacet
  facet normal 0.986643 0.1629 0
    outer loop
      vertex -4.43434 -0.75189 25.4753
      vertex -4.45107 -0.650561 21.5706
      vertex -4.45107 -0.650561 25.4294
    endloop
  endfacet
  facet normal 0.986643 0.1629 0
    outer loop
      vertex -4.43434 -0.75189 25.4753
      vertex -4.43434 -0.75189 21.5247
      vertex -4.45107 -0.650561 21.5706
    endloop
  endfacet
  facet normal 0.98664 0.162916 0
    outer loop
      vertex -4.41814 -0.849999 25.5278
      vertex -4.43434 -0.75189 21.5247
      vertex -4.43434 -0.75189 25.4753
    endloop
  endfacet
  facet normal 0.98664 0.162916 0
    outer loop
      vertex -4.41814 -0.849999 25.5278
      vertex -4.41814 -0.849999 21.4722
      vertex -4.43434 -0.75189 21.5247
    endloop
  endfacet
  facet normal 0.986629 0.162983 0
    outer loop
      vertex -4.41353 -0.877906 25.5451
      vertex -4.41814 -0.849999 21.4722
      vertex -4.41814 -0.849999 25.5278
    endloop
  endfacet
  facet normal 0.986629 0.162983 0
    outer loop
      vertex -4.41814 -0.849999 21.4722
      vertex -4.41353 -0.877906 25.5451
      vertex -4.41353 -0.877906 21.4549
    endloop
  endfacet
  facet normal -0.97389 -0.227019 0
    outer loop
      vertex 4.35688 1.12089 28.2781
      vertex 4.34667 1.16469 93
      vertex 4.34667 1.16469 28.2371
    endloop
  endfacet
  facet normal -0.973883 -0.227051 2.27331e-08
    outer loop
      vertex 4.37693 1.03489 28.3487
      vertex 4.34667 1.16469 93
      vertex 4.35688 1.12089 28.2781
    endloop
  endfacet
  facet normal -0.973885 -0.227041 2.37553e-09
    outer loop
      vertex 4.39801 0.944468 28.4135
      vertex 4.34667 1.16469 93
      vertex 4.37693 1.03489 28.3487
    endloop
  endfacet
  facet normal -0.973877 -0.227075 1.24864e-07
    outer loop
      vertex 4.41353 0.877906 28.4549
      vertex 4.34667 1.16469 93
      vertex 4.39801 0.944468 28.4135
    endloop
  endfacet
  facet normal -0.973883 -0.227048 0
    outer loop
      vertex 4.34667 1.16469 93
      vertex 4.41353 0.877906 28.4549
      vertex 4.41353 0.877906 93
    endloop
  endfacet
  facet normal -0.97389 -0.227019 0
    outer loop
      vertex 4.34667 1.16469 0
      vertex 4.35688 1.12089 4.72187
      vertex 4.34667 1.16469 4.76289
    endloop
  endfacet
  facet normal -0.973883 -0.22705 -3.09417e-07
    outer loop
      vertex 4.34667 1.16469 0
      vertex 4.37693 1.03489 4.6513
      vertex 4.35688 1.12089 4.72187
    endloop
  endfacet
  facet normal -0.973885 -0.227041 -3.24181e-08
    outer loop
      vertex 4.34667 1.16469 0
      vertex 4.39801 0.944468 4.5865
      vertex 4.37693 1.03489 4.6513
    endloop
  endfacet
  facet normal -0.973883 -0.227048 -0
    outer loop
      vertex 4.41353 0.877906 4.54511
      vertex 4.34667 1.16469 0
      vertex 4.41353 0.877906 0
    endloop
  endfacet
  facet normal -0.973877 -0.227074 -1.71097e-06
    outer loop
      vertex 4.34667 1.16469 0
      vertex 4.41353 0.877906 4.54511
      vertex 4.39801 0.944468 4.5865
    endloop
  endfacet
  facet normal -0.97389 -0.227019 0
    outer loop
      vertex 4.35688 1.12089 7.27813
      vertex 4.34667 1.16469 11.7629
      vertex 4.34667 1.16469 7.23711
    endloop
  endfacet
  facet normal -0.97389 -0.227019 0
    outer loop
      vertex 4.35688 1.12089 7.27813
      vertex 4.35688 1.12089 11.7219
      vertex 4.34667 1.16469 11.7629
    endloop
  endfacet
  facet normal -0.973883 -0.227051 0
    outer loop
      vertex 4.37693 1.03489 7.3487
      vertex 4.35688 1.12089 11.7219
      vertex 4.35688 1.12089 7.27813
    endloop
  endfacet
  facet normal -0.973883 -0.227051 0
    outer loop
      vertex 4.37693 1.03489 7.3487
      vertex 4.37693 1.03489 11.6513
      vertex 4.35688 1.12089 11.7219
    endloop
  endfacet
  facet normal -0.973885 -0.227041 0
    outer loop
      vertex 4.39801 0.944468 7.4135
      vertex 4.37693 1.03489 11.6513
      vertex 4.37693 1.03489 7.3487
    endloop
  endfacet
  facet normal -0.973885 -0.227041 0
    outer loop
      vertex 4.39801 0.944468 7.4135
      vertex 4.39801 0.944468 11.5865
      vertex 4.37693 1.03489 11.6513
    endloop
  endfacet
  facet normal -0.973877 -0.227075 0
    outer loop
      vertex 4.41353 0.877906 7.45489
      vertex 4.39801 0.944468 11.5865
      vertex 4.39801 0.944468 7.4135
    endloop
  endfacet
  facet normal -0.973877 -0.227075 0
    outer loop
      vertex 4.39801 0.944468 11.5865
      vertex 4.41353 0.877906 7.45489
      vertex 4.41353 0.877906 11.5451
    endloop
  endfacet
  facet normal -0.97389 -0.227019 0
    outer loop
      vertex 4.35688 1.12089 14.2781
      vertex 4.34667 1.16469 18.7629
      vertex 4.34667 1.16469 14.2371
    endloop
  endfacet
  facet normal -0.97389 -0.227019 0
    outer loop
      vertex 4.35688 1.12089 14.2781
      vertex 4.35688 1.12089 18.7219
      vertex 4.34667 1.16469 18.7629
    endloop
  endfacet
  facet normal -0.973883 -0.227051 0
    outer loop
      vertex 4.37693 1.03489 14.3487
      vertex 4.35688 1.12089 18.7219
      vertex 4.35688 1.12089 14.2781
    endloop
  endfacet
  facet normal -0.973883 -0.227051 0
    outer loop
      vertex 4.37693 1.03489 14.3487
      vertex 4.37693 1.03489 18.6513
      vertex 4.35688 1.12089 18.7219
    endloop
  endfacet
  facet normal -0.973885 -0.227041 0
    outer loop
      vertex 4.39801 0.944468 14.4135
      vertex 4.37693 1.03489 18.6513
      vertex 4.37693 1.03489 14.3487
    endloop
  endfacet
  facet normal -0.973885 -0.227041 0
    outer loop
      vertex 4.39801 0.944468 14.4135
      vertex 4.39801 0.944468 18.5865
      vertex 4.37693 1.03489 18.6513
    endloop
  endfacet
  facet normal -0.973877 -0.227075 0
    outer loop
      vertex 4.41353 0.877906 14.4549
      vertex 4.39801 0.944468 18.5865
      vertex 4.39801 0.944468 14.4135
    endloop
  endfacet
  facet normal -0.973877 -0.227075 0
    outer loop
      vertex 4.39801 0.944468 18.5865
      vertex 4.41353 0.877906 14.4549
      vertex 4.41353 0.877906 18.5451
    endloop
  endfacet
  facet normal -0.97389 -0.227019 0
    outer loop
      vertex 4.35688 1.12089 21.2781
      vertex 4.34667 1.16469 25.7629
      vertex 4.34667 1.16469 21.2371
    endloop
  endfacet
  facet normal -0.97389 -0.227019 0
    outer loop
      vertex 4.35688 1.12089 21.2781
      vertex 4.35688 1.12089 25.7219
      vertex 4.34667 1.16469 25.7629
    endloop
  endfacet
  facet normal -0.973883 -0.227051 0
    outer loop
      vertex 4.37693 1.03489 21.3487
      vertex 4.35688 1.12089 25.7219
      vertex 4.35688 1.12089 21.2781
    endloop
  endfacet
  facet normal -0.973883 -0.227051 0
    outer loop
      vertex 4.37693 1.03489 21.3487
      vertex 4.37693 1.03489 25.6513
      vertex 4.35688 1.12089 25.7219
    endloop
  endfacet
  facet normal -0.973885 -0.227041 0
    outer loop
      vertex 4.39801 0.944468 21.4135
      vertex 4.37693 1.03489 25.6513
      vertex 4.37693 1.03489 21.3487
    endloop
  endfacet
  facet normal -0.973885 -0.227041 0
    outer loop
      vertex 4.39801 0.944468 21.4135
      vertex 4.39801 0.944468 25.5865
      vertex 4.37693 1.03489 25.6513
    endloop
  endfacet
  facet normal -0.973877 -0.227075 0
    outer loop
      vertex 4.41353 0.877906 21.4549
      vertex 4.39801 0.944468 25.5865
      vertex 4.39801 0.944468 21.4135
    endloop
  endfacet
  facet normal -0.973877 -0.227075 0
    outer loop
      vertex 4.39801 0.944468 25.5865
      vertex 4.41353 0.877906 21.4549
      vertex 4.41353 0.877906 25.5451
    endloop
  endfacet
  facet normal -0.849208 -0.528059 0
    outer loop
      vertex 3.89711 2.25 0
      vertex 3.74161 2.50007 93
      vertex 3.74161 2.50007 0
    endloop
  endfacet
  facet normal -0.849208 -0.528059 0
    outer loop
      vertex 3.74161 2.50007 93
      vertex 3.89711 2.25 0
      vertex 3.89711 2.25 93
    endloop
  endfacet
  facet normal -0.729855 -0.683602 0
    outer loop
      vertex 3.38328 2.96706 0
      vertex 3.18198 3.18198 93
      vertex 3.18198 3.18198 0
    endloop
  endfacet
  facet normal -0.729855 -0.683602 0
    outer loop
      vertex 3.18198 3.18198 93
      vertex 3.38328 2.96706 0
      vertex 3.38328 2.96706 93
    endloop
  endfacet
  facet normal -0.582471 -0.812851 0
    outer loop
      vertex 2.50007 3.74161 0
      vertex 2.73943 3.57009 93
      vertex 2.50007 3.74161 93
    endloop
  endfacet
  facet normal -0.582471 -0.812851 -0
    outer loop
      vertex 2.73943 3.57009 93
      vertex 2.50007 3.74161 0
      vertex 2.73943 3.57009 0
    endloop
  endfacet
  facet normal -0.0327028 -0.999465 0
    outer loop
      vertex 0 4.5 0
      vertex 0.294313 4.49037 93
      vertex 0 4.5 93
    endloop
  endfacet
  facet normal -0.0327028 -0.999465 -0
    outer loop
      vertex 0.294313 4.49037 93
      vertex 0 4.5 0
      vertex 0.294313 4.49037 0
    endloop
  endfacet
  facet normal -0.528059 -0.849208 0
    outer loop
      vertex 2.25 3.89711 0
      vertex 2.50007 3.74161 93
      vertex 2.25 3.89711 93
    endloop
  endfacet
  facet normal -0.528059 -0.849208 -0
    outer loop
      vertex 2.50007 3.74161 93
      vertex 2.25 3.89711 0
      vertex 2.50007 3.74161 0
    endloop
  endfacet
  facet normal -0.227048 -0.973883 0
    outer loop
      vertex 0.877906 4.41353 0
      vertex 1.16469 4.34667 93
      vertex 0.877906 4.41353 93
    endloop
  endfacet
  facet normal -0.227048 -0.973883 -0
    outer loop
      vertex 1.16469 4.34667 93
      vertex 0.877906 4.41353 0
      vertex 1.16469 4.34667 0
    endloop
  endfacet
  facet normal 0.999465 -0.0327087 0
    outer loop
      vertex -4.49037 0.294313 93
      vertex -4.49274 0.221894 28.6855
      vertex -4.49037 0.294313 28.6735
    endloop
  endfacet
  facet normal 0.999466 -0.0326809 -3.13764e-08
    outer loop
      vertex -4.49037 0.294313 93
      vertex -4.49636 0.111185 28.6964
      vertex -4.49274 0.221894 28.6855
    endloop
  endfacet
  facet normal 0.999465 -0.0327028 0
    outer loop
      vertex -4.5 0 28.7
      vertex -4.49037 0.294313 93
      vertex -4.5 0 93
    endloop
  endfacet
  facet normal 0.999465 -0.0327207 8.21586e-08
    outer loop
      vertex -4.49037 0.294313 93
      vertex -4.5 0 28.7
      vertex -4.49636 0.111185 28.6964
    endloop
  endfacet
  facet normal 0.999465 -0.0327087 0
    outer loop
      vertex -4.49274 0.221894 4.31454
      vertex -4.49037 0.294313 0
      vertex -4.49037 0.294313 4.3265
    endloop
  endfacet
  facet normal 0.999466 -0.0326809 4.66991e-07
    outer loop
      vertex -4.49636 0.111185 4.30364
      vertex -4.49037 0.294313 0
      vertex -4.49274 0.221894 4.31454
    endloop
  endfacet
  facet normal 0.999465 -0.0327207 -1.22599e-06
    outer loop
      vertex -4.5 0 4.3
      vertex -4.49037 0.294313 0
      vertex -4.49636 0.111185 4.30364
    endloop
  endfacet
  facet normal 0.999465 -0.0327028 0
    outer loop
      vertex -4.49037 0.294313 0
      vertex -4.5 0 4.3
      vertex -4.5 0 0
    endloop
  endfacet
  facet normal 0.999465 -0.0327087 0
    outer loop
      vertex -4.49274 0.221894 11.3145
      vertex -4.49037 0.294313 7.6735
      vertex -4.49037 0.294313 11.3265
    endloop
  endfacet
  facet normal 0.999465 -0.0327087 0
    outer loop
      vertex -4.49274 0.221894 11.3145
      vertex -4.49274 0.221894 7.68546
      vertex -4.49037 0.294313 7.6735
    endloop
  endfacet
  facet normal 0.999466 -0.0326809 0
    outer loop
      vertex -4.49636 0.111185 11.3036
      vertex -4.49274 0.221894 7.68546
      vertex -4.49274 0.221894 11.3145
    endloop
  endfacet
  facet normal 0.999466 -0.0326809 0
    outer loop
      vertex -4.49636 0.111185 11.3036
      vertex -4.49636 0.111185 7.69636
      vertex -4.49274 0.221894 7.68546
    endloop
  endfacet
  facet normal 0.999465 -0.0327207 0
    outer loop
      vertex -4.5 0 11.3
      vertex -4.49636 0.111185 7.69636
      vertex -4.49636 0.111185 11.3036
    endloop
  endfacet
  facet normal 0.999465 -0.0327207 0
    outer loop
      vertex -4.49636 0.111185 7.69636
      vertex -4.5 0 11.3
      vertex -4.5 0 7.7
    endloop
  endfacet
  facet normal 0.999465 -0.0327087 0
    outer loop
      vertex -4.49274 0.221894 18.3145
      vertex -4.49037 0.294313 14.6735
      vertex -4.49037 0.294313 18.3265
    endloop
  endfacet
  facet normal 0.999465 -0.0327087 0
    outer loop
      vertex -4.49274 0.221894 18.3145
      vertex -4.49274 0.221894 14.6855
      vertex -4.49037 0.294313 14.6735
    endloop
  endfacet
  facet normal 0.999466 -0.0326809 0
    outer loop
      vertex -4.49636 0.111185 18.3036
      vertex -4.49274 0.221894 14.6855
      vertex -4.49274 0.221894 18.3145
    endloop
  endfacet
  facet normal 0.999466 -0.0326809 0
    outer loop
      vertex -4.49636 0.111185 18.3036
      vertex -4.49636 0.111185 14.6964
      vertex -4.49274 0.221894 14.6855
    endloop
  endfacet
  facet normal 0.999465 -0.0327207 0
    outer loop
      vertex -4.5 0 18.3
      vertex -4.49636 0.111185 14.6964
      vertex -4.49636 0.111185 18.3036
    endloop
  endfacet
  facet normal 0.999465 -0.0327207 0
    outer loop
      vertex -4.49636 0.111185 14.6964
      vertex -4.5 0 18.3
      vertex -4.5 0 14.7
    endloop
  endfacet
  facet normal 0.999465 -0.0327087 0
    outer loop
      vertex -4.49274 0.221894 25.3145
      vertex -4.49037 0.294313 21.6735
      vertex -4.49037 0.294313 25.3265
    endloop
  endfacet
  facet normal 0.999465 -0.0327087 0
    outer loop
      vertex -4.49274 0.221894 25.3145
      vertex -4.49274 0.221894 21.6855
      vertex -4.49037 0.294313 21.6735
    endloop
  endfacet
  facet normal 0.999466 -0.0326809 0
    outer loop
      vertex -4.49636 0.111185 25.3036
      vertex -4.49274 0.221894 21.6855
      vertex -4.49274 0.221894 25.3145
    endloop
  endfacet
  facet normal 0.999466 -0.0326809 0
    outer loop
      vertex -4.49636 0.111185 25.3036
      vertex -4.49636 0.111185 21.6964
      vertex -4.49274 0.221894 21.6855
    endloop
  endfacet
  facet normal 0.999465 -0.0327207 0
    outer loop
      vertex -4.5 0 25.3
      vertex -4.49636 0.111185 21.6964
      vertex -4.49636 0.111185 25.3036
    endloop
  endfacet
  facet normal 0.999465 -0.0327207 0
    outer loop
      vertex -4.49636 0.111185 21.6964
      vertex -4.5 0 25.3
      vertex -4.5 0 21.7
    endloop
  endfacet
  facet normal 0.97389 -0.227019 0
    outer loop
      vertex -4.34667 1.16469 93
      vertex -4.35688 1.12089 28.2781
      vertex -4.34667 1.16469 28.2371
    endloop
  endfacet
  facet normal 0.973883 -0.227051 2.27331e-08
    outer loop
      vertex -4.34667 1.16469 93
      vertex -4.37693 1.03489 28.3487
      vertex -4.35688 1.12089 28.2781
    endloop
  endfacet
  facet normal 0.973885 -0.227041 2.37553e-09
    outer loop
      vertex -4.34667 1.16469 93
      vertex -4.39801 0.944468 28.4135
      vertex -4.37693 1.03489 28.3487
    endloop
  endfacet
  facet normal 0.973883 -0.227048 0
    outer loop
      vertex -4.41353 0.877906 28.4549
      vertex -4.34667 1.16469 93
      vertex -4.41353 0.877906 93
    endloop
  endfacet
  facet normal 0.973877 -0.227075 1.24864e-07
    outer loop
      vertex -4.34667 1.16469 93
      vertex -4.41353 0.877906 28.4549
      vertex -4.39801 0.944468 28.4135
    endloop
  endfacet
  facet normal 0.97389 -0.227019 0
    outer loop
      vertex -4.35688 1.12089 4.72187
      vertex -4.34667 1.16469 0
      vertex -4.34667 1.16469 4.76289
    endloop
  endfacet
  facet normal 0.973883 -0.22705 -3.09417e-07
    outer loop
      vertex -4.37693 1.03489 4.6513
      vertex -4.34667 1.16469 0
      vertex -4.35688 1.12089 4.72187
    endloop
  endfacet
  facet normal 0.973885 -0.227041 -3.24181e-08
    outer loop
      vertex -4.39801 0.944468 4.5865
      vertex -4.34667 1.16469 0
      vertex -4.37693 1.03489 4.6513
    endloop
  endfacet
  facet normal 0.973877 -0.227074 -1.71097e-06
    outer loop
      vertex -4.41353 0.877906 4.54511
      vertex -4.34667 1.16469 0
      vertex -4.39801 0.944468 4.5865
    endloop
  endfacet
  facet normal 0.973883 -0.227048 0
    outer loop
      vertex -4.34667 1.16469 0
      vertex -4.41353 0.877906 4.54511
      vertex -4.41353 0.877906 0
    endloop
  endfacet
  facet normal 0.97389 -0.227019 0
    outer loop
      vertex -4.35688 1.12089 11.7219
      vertex -4.34667 1.16469 7.23711
      vertex -4.34667 1.16469 11.7629
    endloop
  endfacet
  facet normal 0.97389 -0.227019 0
    outer loop
      vertex -4.35688 1.12089 11.7219
      vertex -4.35688 1.12089 7.27813
      vertex -4.34667 1.16469 7.23711
    endloop
  endfacet
  facet normal 0.973883 -0.227051 0
    outer loop
      vertex -4.37693 1.03489 11.6513
      vertex -4.35688 1.12089 7.27813
      vertex -4.35688 1.12089 11.7219
    endloop
  endfacet
  facet normal 0.973883 -0.227051 0
    outer loop
      vertex -4.37693 1.03489 11.6513
      vertex -4.37693 1.03489 7.3487
      vertex -4.35688 1.12089 7.27813
    endloop
  endfacet
  facet normal 0.973885 -0.227041 0
    outer loop
      vertex -4.39801 0.944468 11.5865
      vertex -4.37693 1.03489 7.3487
      vertex -4.37693 1.03489 11.6513
    endloop
  endfacet
  facet normal 0.973885 -0.227041 0
    outer loop
      vertex -4.39801 0.944468 11.5865
      vertex -4.39801 0.944468 7.4135
      vertex -4.37693 1.03489 7.3487
    endloop
  endfacet
  facet normal 0.973877 -0.227075 0
    outer loop
      vertex -4.41353 0.877906 11.5451
      vertex -4.39801 0.944468 7.4135
      vertex -4.39801 0.944468 11.5865
    endloop
  endfacet
  facet normal 0.973877 -0.227075 0
    outer loop
      vertex -4.39801 0.944468 7.4135
      vertex -4.41353 0.877906 11.5451
      vertex -4.41353 0.877906 7.45489
    endloop
  endfacet
  facet normal 0.97389 -0.227019 0
    outer loop
      vertex -4.35688 1.12089 18.7219
      vertex -4.34667 1.16469 14.2371
      vertex -4.34667 1.16469 18.7629
    endloop
  endfacet
  facet normal 0.97389 -0.227019 0
    outer loop
      vertex -4.35688 1.12089 18.7219
      vertex -4.35688 1.12089 14.2781
      vertex -4.34667 1.16469 14.2371
    endloop
  endfacet
  facet normal 0.973883 -0.227051 0
    outer loop
      vertex -4.37693 1.03489 18.6513
      vertex -4.35688 1.12089 14.2781
      vertex -4.35688 1.12089 18.7219
    endloop
  endfacet
  facet normal 0.973883 -0.227051 0
    outer loop
      vertex -4.37693 1.03489 18.6513
      vertex -4.37693 1.03489 14.3487
      vertex -4.35688 1.12089 14.2781
    endloop
  endfacet
  facet normal 0.973885 -0.227041 0
    outer loop
      vertex -4.39801 0.944468 18.5865
      vertex -4.37693 1.03489 14.3487
      vertex -4.37693 1.03489 18.6513
    endloop
  endfacet
  facet normal 0.973885 -0.227041 0
    outer loop
      vertex -4.39801 0.944468 18.5865
      vertex -4.39801 0.944468 14.4135
      vertex -4.37693 1.03489 14.3487
    endloop
  endfacet
  facet normal 0.973877 -0.227075 0
    outer loop
      vertex -4.41353 0.877906 18.5451
      vertex -4.39801 0.944468 14.4135
      vertex -4.39801 0.944468 18.5865
    endloop
  endfacet
  facet normal 0.973877 -0.227075 0
    outer loop
      vertex -4.39801 0.944468 14.4135
      vertex -4.41353 0.877906 18.5451
      vertex -4.41353 0.877906 14.4549
    endloop
  endfacet
  facet normal 0.97389 -0.227019 0
    outer loop
      vertex -4.35688 1.12089 25.7219
      vertex -4.34667 1.16469 21.2371
      vertex -4.34667 1.16469 25.7629
    endloop
  endfacet
  facet normal 0.97389 -0.227019 0
    outer loop
      vertex -4.35688 1.12089 25.7219
      vertex -4.35688 1.12089 21.2781
      vertex -4.34667 1.16469 21.2371
    endloop
  endfacet
  facet normal 0.973883 -0.227051 0
    outer loop
      vertex -4.37693 1.03489 25.6513
      vertex -4.35688 1.12089 21.2781
      vertex -4.35688 1.12089 25.7219
    endloop
  endfacet
  facet normal 0.973883 -0.227051 0
    outer loop
      vertex -4.37693 1.03489 25.6513
      vertex -4.37693 1.03489 21.3487
      vertex -4.35688 1.12089 21.2781
    endloop
  endfacet
  facet normal 0.973885 -0.227041 0
    outer loop
      vertex -4.39801 0.944468 25.5865
      vertex -4.37693 1.03489 21.3487
      vertex -4.37693 1.03489 25.6513
    endloop
  endfacet
  facet normal 0.973885 -0.227041 0
    outer loop
      vertex -4.39801 0.944468 25.5865
      vertex -4.39801 0.944468 21.4135
      vertex -4.37693 1.03489 21.3487
    endloop
  endfacet
  facet normal 0.973877 -0.227075 0
    outer loop
      vertex -4.41353 0.877906 25.5451
      vertex -4.39801 0.944468 21.4135
      vertex -4.39801 0.944468 25.5865
    endloop
  endfacet
  facet normal 0.973877 -0.227075 0
    outer loop
      vertex -4.39801 0.944468 21.4135
      vertex -4.41353 0.877906 25.5451
      vertex -4.41353 0.877906 21.4549
    endloop
  endfacet
  facet normal 0.849208 -0.528059 0
    outer loop
      vertex -3.89711 2.25 93
      vertex -3.74161 2.50007 0
      vertex -3.74161 2.50007 93
    endloop
  endfacet
  facet normal 0.849208 -0.528059 0
    outer loop
      vertex -3.74161 2.50007 0
      vertex -3.89711 2.25 93
      vertex -3.89711 2.25 0
    endloop
  endfacet
  facet normal 0.812851 -0.582471 0
    outer loop
      vertex -3.74161 2.50007 93
      vertex -3.57009 2.73943 0
      vertex -3.57009 2.73943 93
    endloop
  endfacet
  facet normal 0.812851 -0.582471 0
    outer loop
      vertex -3.57009 2.73943 0
      vertex -3.74161 2.50007 93
      vertex -3.74161 2.50007 0
    endloop
  endfacet
  facet normal 0.227048 -0.973883 0
    outer loop
      vertex -1.16469 4.34667 0
      vertex -0.877906 4.41353 93
      vertex -1.16469 4.34667 93
    endloop
  endfacet
  facet normal 0.227048 -0.973883 0
    outer loop
      vertex -0.877906 4.41353 93
      vertex -1.16469 4.34667 0
      vertex -0.877906 4.41353 0
    endloop
  endfacet
  facet normal 0.0327028 -0.999465 0
    outer loop
      vertex -0.294313 4.49037 0
      vertex 0 4.5 93
      vertex -0.294313 4.49037 93
    endloop
  endfacet
  facet normal 0.0327028 -0.999465 0
    outer loop
      vertex 0 4.5 93
      vertex -0.294313 4.49037 0
      vertex 0 4.5 0
    endloop
  endfacet
  facet normal 0.528059 -0.849208 0
    outer loop
      vertex -2.50007 3.74161 0
      vertex -2.25 3.89711 93
      vertex -2.50007 3.74161 93
    endloop
  endfacet
  facet normal 0.528059 -0.849208 0
    outer loop
      vertex -2.25 3.89711 93
      vertex -2.50007 3.74161 0
      vertex -2.25 3.89711 0
    endloop
  endfacet
  facet normal 0.471416 -0.881911 0
    outer loop
      vertex -2.25 3.89711 0
      vertex -1.9903 4.03593 93
      vertex -2.25 3.89711 93
    endloop
  endfacet
  facet normal 0.471416 -0.881911 0
    outer loop
      vertex -1.9903 4.03593 93
      vertex -2.25 3.89711 0
      vertex -1.9903 4.03593 0
    endloop
  endfacet
  facet normal 0.683602 -0.729855 0
    outer loop
      vertex -3.18198 3.18198 0
      vertex -2.96706 3.38328 93
      vertex -3.18198 3.18198 93
    endloop
  endfacet
  facet normal 0.683602 -0.729855 0
    outer loop
      vertex -2.96706 3.38328 93
      vertex -3.18198 3.18198 0
      vertex -2.96706 3.38328 0
    endloop
  endfacet
  facet normal -0.999465 -0.0327087 0
    outer loop
      vertex 4.49274 0.221894 28.6855
      vertex 4.49037 0.294313 93
      vertex 4.49037 0.294313 28.6735
    endloop
  endfacet
  facet normal -0.999466 -0.0326809 -3.13764e-08
    outer loop
      vertex 4.49636 0.111185 28.6964
      vertex 4.49037 0.294313 93
      vertex 4.49274 0.221894 28.6855
    endloop
  endfacet
  facet normal -0.999465 -0.0327207 8.21586e-08
    outer loop
      vertex 4.5 0 28.7
      vertex 4.49037 0.294313 93
      vertex 4.49636 0.111185 28.6964
    endloop
  endfacet
  facet normal -0.999465 -0.0327028 0
    outer loop
      vertex 4.49037 0.294313 93
      vertex 4.5 0 28.7
      vertex 4.5 0 93
    endloop
  endfacet
  facet normal -0.999465 -0.0327087 0
    outer loop
      vertex 4.49037 0.294313 0
      vertex 4.49274 0.221894 4.31454
      vertex 4.49037 0.294313 4.3265
    endloop
  endfacet
  facet normal -0.999466 -0.0326809 4.66991e-07
    outer loop
      vertex 4.49037 0.294313 0
      vertex 4.49636 0.111185 4.30364
      vertex 4.49274 0.221894 4.31454
    endloop
  endfacet
  facet normal -0.999465 -0.0327028 -4.63799e-07
    outer loop
      vertex 4.5 0 0
      vertex 4.49636 0.111185 4.30364
      vertex 4.49037 0.294313 0
    endloop
  endfacet
  facet normal -0.999465 -0.0327207 0
    outer loop
      vertex 4.49636 0.111185 4.30364
      vertex 4.5 0 0
      vertex 4.5 0 4.3
    endloop
  endfacet
  facet normal -0.999465 -0.0327087 0
    outer loop
      vertex 4.49274 0.221894 7.68546
      vertex 4.49037 0.294313 11.3265
      vertex 4.49037 0.294313 7.6735
    endloop
  endfacet
  facet normal -0.999465 -0.0327087 0
    outer loop
      vertex 4.49274 0.221894 7.68546
      vertex 4.49274 0.221894 11.3145
      vertex 4.49037 0.294313 11.3265
    endloop
  endfacet
  facet normal -0.999466 -0.0326809 0
    outer loop
      vertex 4.49636 0.111185 7.69636
      vertex 4.49274 0.221894 11.3145
      vertex 4.49274 0.221894 7.68546
    endloop
  endfacet
  facet normal -0.999466 -0.0326809 0
    outer loop
      vertex 4.49636 0.111185 7.69636
      vertex 4.49636 0.111185 11.3036
      vertex 4.49274 0.221894 11.3145
    endloop
  endfacet
  facet normal -0.999465 -0.0327207 0
    outer loop
      vertex 4.5 0 7.7
      vertex 4.49636 0.111185 11.3036
      vertex 4.49636 0.111185 7.69636
    endloop
  endfacet
  facet normal -0.999465 -0.0327207 0
    outer loop
      vertex 4.49636 0.111185 11.3036
      vertex 4.5 0 7.7
      vertex 4.5 0 11.3
    endloop
  endfacet
  facet normal -0.999465 -0.0327087 0
    outer loop
      vertex 4.49274 0.221894 14.6855
      vertex 4.49037 0.294313 18.3265
      vertex 4.49037 0.294313 14.6735
    endloop
  endfacet
  facet normal -0.999465 -0.0327087 0
    outer loop
      vertex 4.49274 0.221894 14.6855
      vertex 4.49274 0.221894 18.3145
      vertex 4.49037 0.294313 18.3265
    endloop
  endfacet
  facet normal -0.999466 -0.0326809 0
    outer loop
      vertex 4.49636 0.111185 14.6964
      vertex 4.49274 0.221894 18.3145
      vertex 4.49274 0.221894 14.6855
    endloop
  endfacet
  facet normal -0.999466 -0.0326809 0
    outer loop
      vertex 4.49636 0.111185 14.6964
      vertex 4.49636 0.111185 18.3036
      vertex 4.49274 0.221894 18.3145
    endloop
  endfacet
  facet normal -0.999465 -0.0327207 0
    outer loop
      vertex 4.5 0 14.7
      vertex 4.49636 0.111185 18.3036
      vertex 4.49636 0.111185 14.6964
    endloop
  endfacet
  facet normal -0.999465 -0.0327207 0
    outer loop
      vertex 4.49636 0.111185 18.3036
      vertex 4.5 0 14.7
      vertex 4.5 0 18.3
    endloop
  endfacet
  facet normal -0.999465 -0.0327087 0
    outer loop
      vertex 4.49274 0.221894 21.6855
      vertex 4.49037 0.294313 25.3265
      vertex 4.49037 0.294313 21.6735
    endloop
  endfacet
  facet normal -0.999465 -0.0327087 0
    outer loop
      vertex 4.49274 0.221894 21.6855
      vertex 4.49274 0.221894 25.3145
      vertex 4.49037 0.294313 25.3265
    endloop
  endfacet
  facet normal -0.999466 -0.0326809 0
    outer loop
      vertex 4.49636 0.111185 21.6964
      vertex 4.49274 0.221894 25.3145
      vertex 4.49274 0.221894 21.6855
    endloop
  endfacet
  facet normal -0.999466 -0.0326809 0
    outer loop
      vertex 4.49636 0.111185 21.6964
      vertex 4.49636 0.111185 25.3036
      vertex 4.49274 0.221894 25.3145
    endloop
  endfacet
  facet normal -0.999465 -0.0327207 0
    outer loop
      vertex 4.5 0 21.7
      vertex 4.49636 0.111185 25.3036
      vertex 4.49636 0.111185 21.6964
    endloop
  endfacet
  facet normal -0.999465 -0.0327207 0
    outer loop
      vertex 4.49636 0.111185 25.3036
      vertex 4.5 0 21.7
      vertex 4.5 0 25.3
    endloop
  endfacet
  facet normal -0.0327028 0.999465 0
    outer loop
      vertex 0.294313 -4.49037 0
      vertex 0 -4.5 93
      vertex 0.294313 -4.49037 93
    endloop
  endfacet
  facet normal -0.0327028 0.999465 0
    outer loop
      vertex 0 -4.5 93
      vertex 0.294313 -4.49037 0
      vertex 0 -4.5 0
    endloop
  endfacet
  facet normal -0.227048 0.973883 0
    outer loop
      vertex 1.16469 -4.34667 0
      vertex 0.877906 -4.41353 93
      vertex 1.16469 -4.34667 93
    endloop
  endfacet
  facet normal -0.227048 0.973883 0
    outer loop
      vertex 0.877906 -4.41353 93
      vertex 1.16469 -4.34667 0
      vertex 0.877906 -4.41353 0
    endloop
  endfacet
  facet normal -0.849208 0.528059 0
    outer loop
      vertex 3.74161 -2.50007 0
      vertex 3.89711 -2.25 93
      vertex 3.89711 -2.25 0
    endloop
  endfacet
  facet normal -0.849208 0.528059 0
    outer loop
      vertex 3.89711 -2.25 93
      vertex 3.74161 -2.50007 0
      vertex 3.74161 -2.50007 93
    endloop
  endfacet
  facet normal 0.528059 0.849208 -0
    outer loop
      vertex -2.25 -3.89711 0
      vertex -2.50007 -3.74161 93
      vertex -2.25 -3.89711 93
    endloop
  endfacet
  facet normal 0.528059 0.849208 0
    outer loop
      vertex -2.50007 -3.74161 93
      vertex -2.25 -3.89711 0
      vertex -2.50007 -3.74161 0
    endloop
  endfacet
  facet normal 0.973883 0.227048 0
    outer loop
      vertex -4.34667 -1.16469 93
      vertex -4.41353 -0.877906 28.4549
      vertex -4.41353 -0.877906 93
    endloop
  endfacet
  facet normal 0.973877 0.227075 1.24864e-07
    outer loop
      vertex -4.41353 -0.877906 28.4549
      vertex -4.34667 -1.16469 93
      vertex -4.39801 -0.944468 28.4135
    endloop
  endfacet
  facet normal 0.973885 0.227041 2.37553e-09
    outer loop
      vertex -4.39801 -0.944468 28.4135
      vertex -4.34667 -1.16469 93
      vertex -4.37693 -1.03489 28.3487
    endloop
  endfacet
  facet normal 0.973883 0.227051 2.27331e-08
    outer loop
      vertex -4.37693 -1.03489 28.3487
      vertex -4.34667 -1.16469 93
      vertex -4.35688 -1.12089 28.2781
    endloop
  endfacet
  facet normal 0.97389 0.227019 0
    outer loop
      vertex -4.35688 -1.12089 28.2781
      vertex -4.34667 -1.16469 93
      vertex -4.34667 -1.16469 28.2371
    endloop
  endfacet
  facet normal 0.973877 0.227074 -1.71097e-06
    outer loop
      vertex -4.34667 -1.16469 0
      vertex -4.41353 -0.877906 4.54511
      vertex -4.39801 -0.944468 4.5865
    endloop
  endfacet
  facet normal 0.973885 0.227041 -3.24181e-08
    outer loop
      vertex -4.34667 -1.16469 0
      vertex -4.39801 -0.944468 4.5865
      vertex -4.37693 -1.03489 4.6513
    endloop
  endfacet
  facet normal 0.973883 0.22705 -3.09417e-07
    outer loop
      vertex -4.34667 -1.16469 0
      vertex -4.37693 -1.03489 4.6513
      vertex -4.35688 -1.12089 4.72187
    endloop
  endfacet
  facet normal 0.97389 0.227019 -0
    outer loop
      vertex -4.34667 -1.16469 0
      vertex -4.35688 -1.12089 4.72187
      vertex -4.34667 -1.16469 4.76289
    endloop
  endfacet
  facet normal 0.973883 0.227048 0
    outer loop
      vertex -4.41353 -0.877906 4.54511
      vertex -4.34667 -1.16469 0
      vertex -4.41353 -0.877906 0
    endloop
  endfacet
  facet normal 0.973877 0.227075 0
    outer loop
      vertex -4.39801 -0.944468 11.5865
      vertex -4.41353 -0.877906 7.45489
      vertex -4.41353 -0.877906 11.5451
    endloop
  endfacet
  facet normal 0.973877 0.227075 0
    outer loop
      vertex -4.39801 -0.944468 11.5865
      vertex -4.39801 -0.944468 7.4135
      vertex -4.41353 -0.877906 7.45489
    endloop
  endfacet
  facet normal 0.973885 0.227041 0
    outer loop
      vertex -4.37693 -1.03489 11.6513
      vertex -4.39801 -0.944468 7.4135
      vertex -4.39801 -0.944468 11.5865
    endloop
  endfacet
  facet normal 0.973885 0.227041 0
    outer loop
      vertex -4.37693 -1.03489 11.6513
      vertex -4.37693 -1.03489 7.3487
      vertex -4.39801 -0.944468 7.4135
    endloop
  endfacet
  facet normal 0.973883 0.227051 0
    outer loop
      vertex -4.35688 -1.12089 11.7219
      vertex -4.37693 -1.03489 7.3487
      vertex -4.37693 -1.03489 11.6513
    endloop
  endfacet
  facet normal 0.973883 0.227051 0
    outer loop
      vertex -4.35688 -1.12089 11.7219
      vertex -4.35688 -1.12089 7.27813
      vertex -4.37693 -1.03489 7.3487
    endloop
  endfacet
  facet normal 0.97389 0.227019 0
    outer loop
      vertex -4.34667 -1.16469 11.7629
      vertex -4.35688 -1.12089 7.27813
      vertex -4.35688 -1.12089 11.7219
    endloop
  endfacet
  facet normal 0.97389 0.227019 0
    outer loop
      vertex -4.35688 -1.12089 7.27813
      vertex -4.34667 -1.16469 11.7629
      vertex -4.34667 -1.16469 7.23711
    endloop
  endfacet
  facet normal 0.973877 0.227075 0
    outer loop
      vertex -4.39801 -0.944468 18.5865
      vertex -4.41353 -0.877906 14.4549
      vertex -4.41353 -0.877906 18.5451
    endloop
  endfacet
  facet normal 0.973877 0.227075 0
    outer loop
      vertex -4.39801 -0.944468 18.5865
      vertex -4.39801 -0.944468 14.4135
      vertex -4.41353 -0.877906 14.4549
    endloop
  endfacet
  facet normal 0.973885 0.227041 0
    outer loop
      vertex -4.37693 -1.03489 18.6513
      vertex -4.39801 -0.944468 14.4135
      vertex -4.39801 -0.944468 18.5865
    endloop
  endfacet
  facet normal 0.973885 0.227041 0
    outer loop
      vertex -4.37693 -1.03489 18.6513
      vertex -4.37693 -1.03489 14.3487
      vertex -4.39801 -0.944468 14.4135
    endloop
  endfacet
  facet normal 0.973883 0.227051 0
    outer loop
      vertex -4.35688 -1.12089 18.7219
      vertex -4.37693 -1.03489 14.3487
      vertex -4.37693 -1.03489 18.6513
    endloop
  endfacet
  facet normal 0.973883 0.227051 0
    outer loop
      vertex -4.35688 -1.12089 18.7219
      vertex -4.35688 -1.12089 14.2781
      vertex -4.37693 -1.03489 14.3487
    endloop
  endfacet
  facet normal 0.97389 0.227019 0
    outer loop
      vertex -4.34667 -1.16469 18.7629
      vertex -4.35688 -1.12089 14.2781
      vertex -4.35688 -1.12089 18.7219
    endloop
  endfacet
  facet normal 0.97389 0.227019 0
    outer loop
      vertex -4.35688 -1.12089 14.2781
      vertex -4.34667 -1.16469 18.7629
      vertex -4.34667 -1.16469 14.2371
    endloop
  endfacet
  facet normal 0.973877 0.227075 0
    outer loop
      vertex -4.39801 -0.944468 25.5865
      vertex -4.41353 -0.877906 21.4549
      vertex -4.41353 -0.877906 25.5451
    endloop
  endfacet
  facet normal 0.973877 0.227075 0
    outer loop
      vertex -4.39801 -0.944468 25.5865
      vertex -4.39801 -0.944468 21.4135
      vertex -4.41353 -0.877906 21.4549
    endloop
  endfacet
  facet normal 0.973885 0.227041 0
    outer loop
      vertex -4.37693 -1.03489 25.6513
      vertex -4.39801 -0.944468 21.4135
      vertex -4.39801 -0.944468 25.5865
    endloop
  endfacet
  facet normal 0.973885 0.227041 0
    outer loop
      vertex -4.37693 -1.03489 25.6513
      vertex -4.37693 -1.03489 21.3487
      vertex -4.39801 -0.944468 21.4135
    endloop
  endfacet
  facet normal 0.973883 0.227051 0
    outer loop
      vertex -4.35688 -1.12089 25.7219
      vertex -4.37693 -1.03489 21.3487
      vertex -4.37693 -1.03489 25.6513
    endloop
  endfacet
  facet normal 0.973883 0.227051 0
    outer loop
      vertex -4.35688 -1.12089 25.7219
      vertex -4.35688 -1.12089 21.2781
      vertex -4.37693 -1.03489 21.3487
    endloop
  endfacet
  facet normal 0.97389 0.227019 0
    outer loop
      vertex -4.34667 -1.16469 25.7629
      vertex -4.35688 -1.12089 21.2781
      vertex -4.35688 -1.12089 25.7219
    endloop
  endfacet
  facet normal 0.97389 0.227019 0
    outer loop
      vertex -4.35688 -1.12089 21.2781
      vertex -4.34667 -1.16469 25.7629
      vertex -4.34667 -1.16469 21.2371
    endloop
  endfacet
  facet normal 0.999465 0.0327028 0
    outer loop
      vertex -4.49037 -0.294313 93
      vertex -4.5 0 28.7
      vertex -4.5 0 93
    endloop
  endfacet
  facet normal 0.999465 0.0327207 8.21586e-08
    outer loop
      vertex -4.5 0 28.7
      vertex -4.49037 -0.294313 93
      vertex -4.49636 -0.111185 28.6964
    endloop
  endfacet
  facet normal 0.999466 0.0326809 -3.13764e-08
    outer loop
      vertex -4.49636 -0.111185 28.6964
      vertex -4.49037 -0.294313 93
      vertex -4.49274 -0.221894 28.6855
    endloop
  endfacet
  facet normal 0.999465 0.0327087 0
    outer loop
      vertex -4.49274 -0.221894 28.6855
      vertex -4.49037 -0.294313 93
      vertex -4.49037 -0.294313 28.6735
    endloop
  endfacet
  facet normal 0.999465 0.0327207 0
    outer loop
      vertex -4.49636 -0.111185 4.30364
      vertex -4.5 0 0
      vertex -4.5 0 4.3
    endloop
  endfacet
  facet normal 0.999466 0.0326809 4.66991e-07
    outer loop
      vertex -4.49037 -0.294313 0
      vertex -4.49636 -0.111185 4.30364
      vertex -4.49274 -0.221894 4.31454
    endloop
  endfacet
  facet normal 0.999465 0.0327087 -0
    outer loop
      vertex -4.49037 -0.294313 0
      vertex -4.49274 -0.221894 4.31454
      vertex -4.49037 -0.294313 4.3265
    endloop
  endfacet
  facet normal 0.999465 0.0327028 -4.63799e-07
    outer loop
      vertex -4.49636 -0.111185 4.30364
      vertex -4.49037 -0.294313 0
      vertex -4.5 0 0
    endloop
  endfacet
  facet normal 0.999465 0.0327207 0
    outer loop
      vertex -4.49636 -0.111185 11.3036
      vertex -4.5 0 7.7
      vertex -4.5 0 11.3
    endloop
  endfacet
  facet normal 0.999465 0.0327207 0
    outer loop
      vertex -4.49636 -0.111185 11.3036
      vertex -4.49636 -0.111185 7.69636
      vertex -4.5 0 7.7
    endloop
  endfacet
  facet normal 0.999466 0.0326809 0
    outer loop
      vertex -4.49274 -0.221894 11.3145
      vertex -4.49636 -0.111185 7.69636
      vertex -4.49636 -0.111185 11.3036
    endloop
  endfacet
  facet normal 0.999466 0.0326809 0
    outer loop
      vertex -4.49274 -0.221894 11.3145
      vertex -4.49274 -0.221894 7.68546
      vertex -4.49636 -0.111185 7.69636
    endloop
  endfacet
  facet normal 0.999465 0.0327087 0
    outer loop
      vertex -4.49037 -0.294313 11.3265
      vertex -4.49274 -0.221894 7.68546
      vertex -4.49274 -0.221894 11.3145
    endloop
  endfacet
  facet normal 0.999465 0.0327087 0
    outer loop
      vertex -4.49274 -0.221894 7.68546
      vertex -4.49037 -0.294313 11.3265
      vertex -4.49037 -0.294313 7.6735
    endloop
  endfacet
  facet normal 0.999465 0.0327207 0
    outer loop
      vertex -4.49636 -0.111185 18.3036
      vertex -4.5 0 14.7
      vertex -4.5 0 18.3
    endloop
  endfacet
  facet normal 0.999465 0.0327207 0
    outer loop
      vertex -4.49636 -0.111185 18.3036
      vertex -4.49636 -0.111185 14.6964
      vertex -4.5 0 14.7
    endloop
  endfacet
  facet normal 0.999466 0.0326809 0
    outer loop
      vertex -4.49274 -0.221894 18.3145
      vertex -4.49636 -0.111185 14.6964
      vertex -4.49636 -0.111185 18.3036
    endloop
  endfacet
  facet normal 0.999466 0.0326809 0
    outer loop
      vertex -4.49274 -0.221894 18.3145
      vertex -4.49274 -0.221894 14.6855
      vertex -4.49636 -0.111185 14.6964
    endloop
  endfacet
  facet normal 0.999465 0.0327087 0
    outer loop
      vertex -4.49037 -0.294313 18.3265
      vertex -4.49274 -0.221894 14.6855
      vertex -4.49274 -0.221894 18.3145
    endloop
  endfacet
  facet normal 0.999465 0.0327087 0
    outer loop
      vertex -4.49274 -0.221894 14.6855
      vertex -4.49037 -0.294313 18.3265
      vertex -4.49037 -0.294313 14.6735
    endloop
  endfacet
  facet normal 0.999465 0.0327207 0
    outer loop
      vertex -4.49636 -0.111185 25.3036
      vertex -4.5 0 21.7
      vertex -4.5 0 25.3
    endloop
  endfacet
  facet normal 0.999465 0.0327207 0
    outer loop
      vertex -4.49636 -0.111185 25.3036
      vertex -4.49636 -0.111185 21.6964
      vertex -4.5 0 21.7
    endloop
  endfacet
  facet normal 0.999466 0.0326809 0
    outer loop
      vertex -4.49274 -0.221894 25.3145
      vertex -4.49636 -0.111185 21.6964
      vertex -4.49636 -0.111185 25.3036
    endloop
  endfacet
  facet normal 0.999466 0.0326809 0
    outer loop
      vertex -4.49274 -0.221894 25.3145
      vertex -4.49274 -0.221894 21.6855
      vertex -4.49636 -0.111185 21.6964
    endloop
  endfacet
  facet normal 0.999465 0.0327087 0
    outer loop
      vertex -4.49037 -0.294313 25.3265
      vertex -4.49274 -0.221894 21.6855
      vertex -4.49274 -0.221894 25.3145
    endloop
  endfacet
  facet normal 0.999465 0.0327087 0
    outer loop
      vertex -4.49274 -0.221894 21.6855
      vertex -4.49037 -0.294313 25.3265
      vertex -4.49037 -0.294313 21.6735
    endloop
  endfacet
  facet normal -0.986629 -0.162983 0
    outer loop
      vertex 4.41814 0.849999 28.4722
      vertex 4.41353 0.877906 93
      vertex 4.41353 0.877906 28.4549
    endloop
  endfacet
  facet normal -0.98664 -0.162916 -2.94626e-08
    outer loop
      vertex 4.43434 0.75189 28.5247
      vertex 4.41353 0.877906 93
      vertex 4.41814 0.849999 28.4722
    endloop
  endfacet
  facet normal -0.986643 -0.1629 -6.16836e-08
    outer loop
      vertex 4.45107 0.650561 28.5706
      vertex 4.41353 0.877906 93
      vertex 4.43434 0.75189 28.5247
    endloop
  endfacet
  facet normal -0.986652 -0.162844 -2.64854e-07
    outer loop
      vertex 4.4615 0.587367 28.5944
      vertex 4.41353 0.877906 93
      vertex 4.45107 0.650561 28.5706
    endloop
  endfacet
  facet normal -0.986642 -0.162901 0
    outer loop
      vertex 4.41353 0.877906 93
      vertex 4.4615 0.587367 28.5944
      vertex 4.4615 0.587367 93
    endloop
  endfacet
  facet normal -0.986629 -0.162983 0
    outer loop
      vertex 4.41353 0.877906 0
      vertex 4.41814 0.849999 4.52776
      vertex 4.41353 0.877906 4.54511
    endloop
  endfacet
  facet normal -0.98664 -0.162917 4.18607e-07
    outer loop
      vertex 4.41353 0.877906 0
      vertex 4.43434 0.75189 4.47532
      vertex 4.41814 0.849999 4.52776
    endloop
  endfacet
  facet normal -0.986642 -0.162901 8.78247e-07
    outer loop
      vertex 4.41353 0.877906 0
      vertex 4.45107 0.650561 4.4294
      vertex 4.43434 0.75189 4.47532
    endloop
  endfacet
  facet normal -0.986642 -0.162901 -0
    outer loop
      vertex 4.4615 0.587367 4.40562
      vertex 4.41353 0.877906 0
      vertex 4.4615 0.587367 0
    endloop
  endfacet
  facet normal -0.986652 -0.162846 3.78456e-06
    outer loop
      vertex 4.41353 0.877906 0
      vertex 4.4615 0.587367 4.40562
      vertex 4.45107 0.650561 4.4294
    endloop
  endfacet
  facet normal -0.986629 -0.162983 0
    outer loop
      vertex 4.41814 0.849999 7.47224
      vertex 4.41353 0.877906 11.5451
      vertex 4.41353 0.877906 7.45489
    endloop
  endfacet
  facet normal -0.986629 -0.162983 0
    outer loop
      vertex 4.41814 0.849999 7.47224
      vertex 4.41814 0.849999 11.5278
      vertex 4.41353 0.877906 11.5451
    endloop
  endfacet
  facet normal -0.98664 -0.162916 0
    outer loop
      vertex 4.43434 0.75189 7.52468
      vertex 4.41814 0.849999 11.5278
      vertex 4.41814 0.849999 7.47224
    endloop
  endfacet
  facet normal -0.98664 -0.162916 0
    outer loop
      vertex 4.43434 0.75189 7.52468
      vertex 4.43434 0.75189 11.4753
      vertex 4.41814 0.849999 11.5278
    endloop
  endfacet
  facet normal -0.986643 -0.1629 0
    outer loop
      vertex 4.45107 0.650561 7.57059
      vertex 4.43434 0.75189 11.4753
      vertex 4.43434 0.75189 7.52468
    endloop
  endfacet
  facet normal -0.986643 -0.1629 0
    outer loop
      vertex 4.45107 0.650561 7.57059
      vertex 4.45107 0.650561 11.4294
      vertex 4.43434 0.75189 11.4753
    endloop
  endfacet
  facet normal -0.986652 -0.162844 0
    outer loop
      vertex 4.4615 0.587367 7.59438
      vertex 4.45107 0.650561 11.4294
      vertex 4.45107 0.650561 7.57059
    endloop
  endfacet
  facet normal -0.986652 -0.162844 0
    outer loop
      vertex 4.45107 0.650561 11.4294
      vertex 4.4615 0.587367 7.59438
      vertex 4.4615 0.587367 11.4056
    endloop
  endfacet
  facet normal -0.986629 -0.162983 0
    outer loop
      vertex 4.41814 0.849999 14.4722
      vertex 4.41353 0.877906 18.5451
      vertex 4.41353 0.877906 14.4549
    endloop
  endfacet
  facet normal -0.986629 -0.162983 0
    outer loop
      vertex 4.41814 0.849999 14.4722
      vertex 4.41814 0.849999 18.5278
      vertex 4.41353 0.877906 18.5451
    endloop
  endfacet
  facet normal -0.98664 -0.162916 0
    outer loop
      vertex 4.43434 0.75189 14.5247
      vertex 4.41814 0.849999 18.5278
      vertex 4.41814 0.849999 14.4722
    endloop
  endfacet
  facet normal -0.98664 -0.162916 0
    outer loop
      vertex 4.43434 0.75189 14.5247
      vertex 4.43434 0.75189 18.4753
      vertex 4.41814 0.849999 18.5278
    endloop
  endfacet
  facet normal -0.986643 -0.1629 0
    outer loop
      vertex 4.45107 0.650561 14.5706
      vertex 4.43434 0.75189 18.4753
      vertex 4.43434 0.75189 14.5247
    endloop
  endfacet
  facet normal -0.986643 -0.1629 0
    outer loop
      vertex 4.45107 0.650561 14.5706
      vertex 4.45107 0.650561 18.4294
      vertex 4.43434 0.75189 18.4753
    endloop
  endfacet
  facet normal -0.986652 -0.162844 0
    outer loop
      vertex 4.4615 0.587367 14.5944
      vertex 4.45107 0.650561 18.4294
      vertex 4.45107 0.650561 14.5706
    endloop
  endfacet
  facet normal -0.986652 -0.162844 0
    outer loop
      vertex 4.45107 0.650561 18.4294
      vertex 4.4615 0.587367 14.5944
      vertex 4.4615 0.587367 18.4056
    endloop
  endfacet
  facet normal -0.986629 -0.162983 0
    outer loop
      vertex 4.41814 0.849999 21.4722
      vertex 4.41353 0.877906 25.5451
      vertex 4.41353 0.877906 21.4549
    endloop
  endfacet
  facet normal -0.986629 -0.162983 0
    outer loop
      vertex 4.41814 0.849999 21.4722
      vertex 4.41814 0.849999 25.5278
      vertex 4.41353 0.877906 25.5451
    endloop
  endfacet
  facet normal -0.98664 -0.162916 0
    outer loop
      vertex 4.43434 0.75189 21.5247
      vertex 4.41814 0.849999 25.5278
      vertex 4.41814 0.849999 21.4722
    endloop
  endfacet
  facet normal -0.98664 -0.162916 0
    outer loop
      vertex 4.43434 0.75189 21.5247
      vertex 4.43434 0.75189 25.4753
      vertex 4.41814 0.849999 25.5278
    endloop
  endfacet
  facet normal -0.986643 -0.1629 0
    outer loop
      vertex 4.45107 0.650561 21.5706
      vertex 4.43434 0.75189 25.4753
      vertex 4.43434 0.75189 21.5247
    endloop
  endfacet
  facet normal -0.986643 -0.1629 0
    outer loop
      vertex 4.45107 0.650561 21.5706
      vertex 4.45107 0.650561 25.4294
      vertex 4.43434 0.75189 25.4753
    endloop
  endfacet
  facet normal -0.986652 -0.162844 0
    outer loop
      vertex 4.4615 0.587367 21.5944
      vertex 4.45107 0.650561 25.4294
      vertex 4.45107 0.650561 21.5706
    endloop
  endfacet
  facet normal -0.986652 -0.162844 0
    outer loop
      vertex 4.45107 0.650561 25.4294
      vertex 4.4615 0.587367 21.5944
      vertex 4.4615 0.587367 25.4056
    endloop
  endfacet
  facet normal -0.995185 -0.0980107 0
    outer loop
      vertex 4.46553 0.546447 28.6098
      vertex 4.4615 0.587367 93
      vertex 4.4615 0.587367 28.5944
    endloop
  endfacet
  facet normal -0.99518 -0.0980643 3.44235e-08
    outer loop
      vertex 4.47602 0.439992 28.6421
      vertex 4.4615 0.587367 93
      vertex 4.46553 0.546447 28.6098
    endloop
  endfacet
  facet normal -0.995185 -0.098013 -8.43132e-08
    outer loop
      vertex 4.48669 0.331653 28.6673
      vertex 4.4615 0.587367 93
      vertex 4.47602 0.439992 28.6421
    endloop
  endfacet
  facet normal -0.995179 -0.0980786 1.79232e-07
    outer loop
      vertex 4.49037 0.294313 28.6735
      vertex 4.4615 0.587367 93
      vertex 4.48669 0.331653 28.6673
    endloop
  endfacet
  facet normal -0.995183 -0.0980397 0
    outer loop
      vertex 4.4615 0.587367 93
      vertex 4.49037 0.294313 28.6735
      vertex 4.49037 0.294313 93
    endloop
  endfacet
  facet normal -0.995185 -0.0980107 0
    outer loop
      vertex 4.4615 0.587367 0
      vertex 4.46553 0.546447 4.39022
      vertex 4.4615 0.587367 4.40562
    endloop
  endfacet
  facet normal -0.99518 -0.0980642 -5.03554e-07
    outer loop
      vertex 4.4615 0.587367 0
      vertex 4.47602 0.439992 4.35793
      vertex 4.46553 0.546447 4.39022
    endloop
  endfacet
  facet normal -0.995185 -0.0980132 1.23605e-06
    outer loop
      vertex 4.4615 0.587367 0
      vertex 4.48669 0.331653 4.33266
      vertex 4.47602 0.439992 4.35793
    endloop
  endfacet
  facet normal -0.995183 -0.0980397 -0
    outer loop
      vertex 4.49037 0.294313 4.3265
      vertex 4.4615 0.587367 0
      vertex 4.49037 0.294313 0
    endloop
  endfacet
  facet normal -0.995179 -0.0980782 -2.63737e-06
    outer loop
      vertex 4.4615 0.587367 0
      vertex 4.49037 0.294313 4.3265
      vertex 4.48669 0.331653 4.33266
    endloop
  endfacet
  facet normal -0.995185 -0.0980107 0
    outer loop
      vertex 4.46553 0.546447 7.60978
      vertex 4.4615 0.587367 11.4056
      vertex 4.4615 0.587367 7.59438
    endloop
  endfacet
  facet normal -0.995185 -0.0980107 0
    outer loop
      vertex 4.46553 0.546447 7.60978
      vertex 4.46553 0.546447 11.3902
      vertex 4.4615 0.587367 11.4056
    endloop
  endfacet
  facet normal -0.99518 -0.0980643 0
    outer loop
      vertex 4.47602 0.439992 7.64207
      vertex 4.46553 0.546447 11.3902
      vertex 4.46553 0.546447 7.60978
    endloop
  endfacet
  facet normal -0.99518 -0.0980643 0
    outer loop
      vertex 4.47602 0.439992 7.64207
      vertex 4.47602 0.439992 11.3579
      vertex 4.46553 0.546447 11.3902
    endloop
  endfacet
  facet normal -0.995185 -0.098013 0
    outer loop
      vertex 4.48669 0.331653 7.66733
      vertex 4.47602 0.439992 11.3579
      vertex 4.47602 0.439992 7.64207
    endloop
  endfacet
  facet normal -0.995185 -0.098013 0
    outer loop
      vertex 4.48669 0.331653 7.66733
      vertex 4.48669 0.331653 11.3327
      vertex 4.47602 0.439992 11.3579
    endloop
  endfacet
  facet normal -0.995179 -0.0980787 0
    outer loop
      vertex 4.49037 0.294313 7.6735
      vertex 4.48669 0.331653 11.3327
      vertex 4.48669 0.331653 7.66733
    endloop
  endfacet
  facet normal -0.995179 -0.0980787 0
    outer loop
      vertex 4.48669 0.331653 11.3327
      vertex 4.49037 0.294313 7.6735
      vertex 4.49037 0.294313 11.3265
    endloop
  endfacet
  facet normal -0.995185 -0.0980107 0
    outer loop
      vertex 4.46553 0.546447 14.6098
      vertex 4.4615 0.587367 18.4056
      vertex 4.4615 0.587367 14.5944
    endloop
  endfacet
  facet normal -0.995185 -0.0980107 0
    outer loop
      vertex 4.46553 0.546447 14.6098
      vertex 4.46553 0.546447 18.3902
      vertex 4.4615 0.587367 18.4056
    endloop
  endfacet
  facet normal -0.99518 -0.0980643 0
    outer loop
      vertex 4.47602 0.439992 14.6421
      vertex 4.46553 0.546447 18.3902
      vertex 4.46553 0.546447 14.6098
    endloop
  endfacet
  facet normal -0.99518 -0.0980643 0
    outer loop
      vertex 4.47602 0.439992 14.6421
      vertex 4.47602 0.439992 18.3579
      vertex 4.46553 0.546447 18.3902
    endloop
  endfacet
  facet normal -0.995185 -0.098013 0
    outer loop
      vertex 4.48669 0.331653 14.6673
      vertex 4.47602 0.439992 18.3579
      vertex 4.47602 0.439992 14.6421
    endloop
  endfacet
  facet normal -0.995185 -0.098013 0
    outer loop
      vertex 4.48669 0.331653 14.6673
      vertex 4.48669 0.331653 18.3327
      vertex 4.47602 0.439992 18.3579
    endloop
  endfacet
  facet normal -0.995179 -0.0980787 0
    outer loop
      vertex 4.49037 0.294313 14.6735
      vertex 4.48669 0.331653 18.3327
      vertex 4.48669 0.331653 14.6673
    endloop
  endfacet
  facet normal -0.995179 -0.0980787 0
    outer loop
      vertex 4.48669 0.331653 18.3327
      vertex 4.49037 0.294313 14.6735
      vertex 4.49037 0.294313 18.3265
    endloop
  endfacet
  facet normal -0.995185 -0.0980107 0
    outer loop
      vertex 4.46553 0.546447 21.6098
      vertex 4.4615 0.587367 25.4056
      vertex 4.4615 0.587367 21.5944
    endloop
  endfacet
  facet normal -0.995185 -0.0980107 0
    outer loop
      vertex 4.46553 0.546447 21.6098
      vertex 4.46553 0.546447 25.3902
      vertex 4.4615 0.587367 25.4056
    endloop
  endfacet
  facet normal -0.99518 -0.0980643 0
    outer loop
      vertex 4.47602 0.439992 21.6421
      vertex 4.46553 0.546447 25.3902
      vertex 4.46553 0.546447 21.6098
    endloop
  endfacet
  facet normal -0.99518 -0.0980643 0
    outer loop
      vertex 4.47602 0.439992 21.6421
      vertex 4.47602 0.439992 25.3579
      vertex 4.46553 0.546447 25.3902
    endloop
  endfacet
  facet normal -0.995185 -0.098013 0
    outer loop
      vertex 4.48669 0.331653 21.6673
      vertex 4.47602 0.439992 25.3579
      vertex 4.47602 0.439992 21.6421
    endloop
  endfacet
  facet normal -0.995185 -0.098013 0
    outer loop
      vertex 4.48669 0.331653 21.6673
      vertex 4.48669 0.331653 25.3327
      vertex 4.47602 0.439992 25.3579
    endloop
  endfacet
  facet normal -0.995179 -0.0980787 0
    outer loop
      vertex 4.49037 0.294313 21.6735
      vertex 4.48669 0.331653 25.3327
      vertex 4.48669 0.331653 21.6673
    endloop
  endfacet
  facet normal -0.995179 -0.0980787 0
    outer loop
      vertex 4.48669 0.331653 25.3327
      vertex 4.49037 0.294313 21.6735
      vertex 4.49037 0.294313 25.3265
    endloop
  endfacet
  facet normal -0.935906 -0.35225 0
    outer loop
      vertex 4.16714 1.69636 20.1112
      vertex 4.16577 1.7 27
      vertex 4.16577 1.7 20
    endloop
  endfacet
  facet normal -0.935906 -0.35225 0
    outer loop
      vertex 4.16714 1.69636 20.1112
      vertex 4.16714 1.69636 26.8888
      vertex 4.16577 1.7 27
    endloop
  endfacet
  facet normal -0.935976 -0.352064 0
    outer loop
      vertex 4.17124 1.68546 20.2219
      vertex 4.16714 1.69636 26.8888
      vertex 4.16714 1.69636 20.1112
    endloop
  endfacet
  facet normal -0.935976 -0.352064 0
    outer loop
      vertex 4.17124 1.68546 20.2219
      vertex 4.17124 1.68546 26.7781
      vertex 4.16714 1.69636 26.8888
    endloop
  endfacet
  facet normal -0.935968 -0.352085 0
    outer loop
      vertex 4.17806 1.66733 20.3317
      vertex 4.17124 1.68546 26.7781
      vertex 4.17124 1.68546 20.2219
    endloop
  endfacet
  facet normal -0.935968 -0.352085 0
    outer loop
      vertex 4.17806 1.66733 20.3317
      vertex 4.17806 1.66733 26.6683
      vertex 4.17124 1.68546 26.7781
    endloop
  endfacet
  facet normal -0.935872 -0.352341 0
    outer loop
      vertex 4.18757 1.64207 20.44
      vertex 4.17806 1.66733 26.6683
      vertex 4.17806 1.66733 20.3317
    endloop
  endfacet
  facet normal -0.935872 -0.352341 0
    outer loop
      vertex 4.18757 1.64207 20.44
      vertex 4.18757 1.64207 26.56
      vertex 4.17806 1.66733 26.6683
    endloop
  endfacet
  facet normal -0.935936 -0.352171 0
    outer loop
      vertex 4.19972 1.60978 20.5464
      vertex 4.18757 1.64207 26.56
      vertex 4.18757 1.64207 20.44
    endloop
  endfacet
  facet normal -0.935936 -0.352171 0
    outer loop
      vertex 4.19972 1.60978 20.5464
      vertex 4.19972 1.60978 26.4536
      vertex 4.18757 1.64207 26.56
    endloop
  endfacet
  facet normal -0.935906 -0.352249 0
    outer loop
      vertex 4.21447 1.57059 20.6506
      vertex 4.19972 1.60978 26.4536
      vertex 4.19972 1.60978 20.5464
    endloop
  endfacet
  facet normal -0.935906 -0.352249 0
    outer loop
      vertex 4.21447 1.57059 20.6506
      vertex 4.21447 1.57059 26.3494
      vertex 4.19972 1.60978 26.4536
    endloop
  endfacet
  facet normal -0.935901 -0.352263 0
    outer loop
      vertex 4.23175 1.52468 20.7519
      vertex 4.21447 1.57059 26.3494
      vertex 4.21447 1.57059 20.6506
    endloop
  endfacet
  facet normal -0.935901 -0.352263 0
    outer loop
      vertex 4.23175 1.52468 20.7519
      vertex 4.23175 1.52468 26.2481
      vertex 4.21447 1.57059 26.3494
    endloop
  endfacet
  facet normal -0.935888 -0.352297 0
    outer loop
      vertex 4.25149 1.47224 20.85
      vertex 4.23175 1.52468 26.2481
      vertex 4.23175 1.52468 20.7519
    endloop
  endfacet
  facet normal -0.935888 -0.352297 0
    outer loop
      vertex 4.25149 1.47224 20.85
      vertex 4.25149 1.47224 26.15
      vertex 4.23175 1.52468 26.2481
    endloop
  endfacet
  facet normal -0.93597 -0.352079 0
    outer loop
      vertex 4.26118 1.44648 20.8914
      vertex 4.25149 1.47224 26.15
      vertex 4.25149 1.47224 20.85
    endloop
  endfacet
  facet normal -0.93597 -0.352079 0
    outer loop
      vertex 4.25149 1.47224 26.15
      vertex 4.26118 1.44648 20.8914
      vertex 4.26118 1.44648 26.1086
    endloop
  endfacet
  facet normal -0.935906 -0.35225 0
    outer loop
      vertex 4.16714 1.69636 13.1112
      vertex 4.16577 1.7 20
      vertex 4.16577 1.7 13
    endloop
  endfacet
  facet normal -0.935906 -0.35225 0
    outer loop
      vertex 4.16714 1.69636 13.1112
      vertex 4.16714 1.69636 19.8888
      vertex 4.16577 1.7 20
    endloop
  endfacet
  facet normal -0.935976 -0.352064 0
    outer loop
      vertex 4.17124 1.68546 13.2219
      vertex 4.16714 1.69636 19.8888
      vertex 4.16714 1.69636 13.1112
    endloop
  endfacet
  facet normal -0.935976 -0.352064 0
    outer loop
      vertex 4.17124 1.68546 13.2219
      vertex 4.17124 1.68546 19.7781
      vertex 4.16714 1.69636 19.8888
    endloop
  endfacet
  facet normal -0.935968 -0.352085 0
    outer loop
      vertex 4.17806 1.66733 13.3317
      vertex 4.17124 1.68546 19.7781
      vertex 4.17124 1.68546 13.2219
    endloop
  endfacet
  facet normal -0.935968 -0.352085 0
    outer loop
      vertex 4.17806 1.66733 13.3317
      vertex 4.17806 1.66733 19.6683
      vertex 4.17124 1.68546 19.7781
    endloop
  endfacet
  facet normal -0.935872 -0.352341 0
    outer loop
      vertex 4.18757 1.64207 13.44
      vertex 4.17806 1.66733 19.6683
      vertex 4.17806 1.66733 13.3317
    endloop
  endfacet
  facet normal -0.935872 -0.352341 0
    outer loop
      vertex 4.18757 1.64207 13.44
      vertex 4.18757 1.64207 19.56
      vertex 4.17806 1.66733 19.6683
    endloop
  endfacet
  facet normal -0.935936 -0.352171 0
    outer loop
      vertex 4.19972 1.60978 13.5464
      vertex 4.18757 1.64207 19.56
      vertex 4.18757 1.64207 13.44
    endloop
  endfacet
  facet normal -0.935936 -0.352171 0
    outer loop
      vertex 4.19972 1.60978 13.5464
      vertex 4.19972 1.60978 19.4536
      vertex 4.18757 1.64207 19.56
    endloop
  endfacet
  facet normal -0.935906 -0.352249 0
    outer loop
      vertex 4.21447 1.57059 13.6506
      vertex 4.19972 1.60978 19.4536
      vertex 4.19972 1.60978 13.5464
    endloop
  endfacet
  facet normal -0.935906 -0.352249 0
    outer loop
      vertex 4.21447 1.57059 13.6506
      vertex 4.21447 1.57059 19.3494
      vertex 4.19972 1.60978 19.4536
    endloop
  endfacet
  facet normal -0.935901 -0.352263 0
    outer loop
      vertex 4.23175 1.52468 13.7519
      vertex 4.21447 1.57059 19.3494
      vertex 4.21447 1.57059 13.6506
    endloop
  endfacet
  facet normal -0.935901 -0.352263 0
    outer loop
      vertex 4.23175 1.52468 13.7519
      vertex 4.23175 1.52468 19.2481
      vertex 4.21447 1.57059 19.3494
    endloop
  endfacet
  facet normal -0.935888 -0.352297 0
    outer loop
      vertex 4.25149 1.47224 13.85
      vertex 4.23175 1.52468 19.2481
      vertex 4.23175 1.52468 13.7519
    endloop
  endfacet
  facet normal -0.935888 -0.352297 0
    outer loop
      vertex 4.25149 1.47224 13.85
      vertex 4.25149 1.47224 19.15
      vertex 4.23175 1.52468 19.2481
    endloop
  endfacet
  facet normal -0.93597 -0.352079 0
    outer loop
      vertex 4.26118 1.44648 13.8914
      vertex 4.25149 1.47224 19.15
      vertex 4.25149 1.47224 13.85
    endloop
  endfacet
  facet normal -0.93597 -0.352079 0
    outer loop
      vertex 4.25149 1.47224 19.15
      vertex 4.26118 1.44648 13.8914
      vertex 4.26118 1.44648 19.1086
    endloop
  endfacet
  facet normal -0.935906 -0.35225 0
    outer loop
      vertex 4.16714 1.69636 6.11119
      vertex 4.16577 1.7 13
      vertex 4.16577 1.7 6
    endloop
  endfacet
  facet normal -0.935906 -0.35225 0
    outer loop
      vertex 4.16714 1.69636 6.11119
      vertex 4.16714 1.69636 12.8888
      vertex 4.16577 1.7 13
    endloop
  endfacet
  facet normal -0.935976 -0.352064 0
    outer loop
      vertex 4.17124 1.68546 6.22189
      vertex 4.16714 1.69636 12.8888
      vertex 4.16714 1.69636 6.11119
    endloop
  endfacet
  facet normal -0.935976 -0.352064 0
    outer loop
      vertex 4.17124 1.68546 6.22189
      vertex 4.17124 1.68546 12.7781
      vertex 4.16714 1.69636 12.8888
    endloop
  endfacet
  facet normal -0.935968 -0.352085 0
    outer loop
      vertex 4.17806 1.66733 6.33165
      vertex 4.17124 1.68546 12.7781
      vertex 4.17124 1.68546 6.22189
    endloop
  endfacet
  facet normal -0.935968 -0.352085 0
    outer loop
      vertex 4.17806 1.66733 6.33165
      vertex 4.17806 1.66733 12.6683
      vertex 4.17124 1.68546 12.7781
    endloop
  endfacet
  facet normal -0.935872 -0.352341 0
    outer loop
      vertex 4.18757 1.64207 6.43999
      vertex 4.17806 1.66733 12.6683
      vertex 4.17806 1.66733 6.33165
    endloop
  endfacet
  facet normal -0.935872 -0.352341 0
    outer loop
      vertex 4.18757 1.64207 6.43999
      vertex 4.18757 1.64207 12.56
      vertex 4.17806 1.66733 12.6683
    endloop
  endfacet
  facet normal -0.935936 -0.352171 0
    outer loop
      vertex 4.19972 1.60978 6.54645
      vertex 4.18757 1.64207 12.56
      vertex 4.18757 1.64207 6.43999
    endloop
  endfacet
  facet normal -0.935936 -0.352171 0
    outer loop
      vertex 4.19972 1.60978 6.54645
      vertex 4.19972 1.60978 12.4536
      vertex 4.18757 1.64207 12.56
    endloop
  endfacet
  facet normal -0.935906 -0.352249 0
    outer loop
      vertex 4.21447 1.57059 6.65056
      vertex 4.19972 1.60978 12.4536
      vertex 4.19972 1.60978 6.54645
    endloop
  endfacet
  facet normal -0.935906 -0.352249 0
    outer loop
      vertex 4.21447 1.57059 6.65056
      vertex 4.21447 1.57059 12.3494
      vertex 4.19972 1.60978 12.4536
    endloop
  endfacet
  facet normal -0.935901 -0.352263 0
    outer loop
      vertex 4.23175 1.52468 6.75189
      vertex 4.21447 1.57059 12.3494
      vertex 4.21447 1.57059 6.65056
    endloop
  endfacet
  facet normal -0.935901 -0.352263 0
    outer loop
      vertex 4.23175 1.52468 6.75189
      vertex 4.23175 1.52468 12.2481
      vertex 4.21447 1.57059 12.3494
    endloop
  endfacet
  facet normal -0.935888 -0.352297 0
    outer loop
      vertex 4.25149 1.47224 6.85
      vertex 4.23175 1.52468 12.2481
      vertex 4.23175 1.52468 6.75189
    endloop
  endfacet
  facet normal -0.935888 -0.352297 0
    outer loop
      vertex 4.25149 1.47224 6.85
      vertex 4.25149 1.47224 12.15
      vertex 4.23175 1.52468 12.2481
    endloop
  endfacet
  facet normal -0.93597 -0.352079 0
    outer loop
      vertex 4.26118 1.44648 6.89143
      vertex 4.25149 1.47224 12.15
      vertex 4.25149 1.47224 6.85
    endloop
  endfacet
  facet normal -0.93597 -0.352079 0
    outer loop
      vertex 4.25149 1.47224 12.15
      vertex 4.26118 1.44648 6.89143
      vertex 4.26118 1.44648 12.1086
    endloop
  endfacet
  facet normal -0.935858 -0.352378 0
    outer loop
      vertex 4.15746 1.72207 0
      vertex 4.16577 1.7 6
      vertex 4.15746 1.72207 93
    endloop
  endfacet
  facet normal -0.935901 -0.352263 4.8155e-07
    outer loop
      vertex 4.15746 1.72207 0
      vertex 4.16714 1.69636 5.88881
      vertex 4.16577 1.7 6
    endloop
  endfacet
  facet normal -0.935971 -0.352077 1.41022e-06
    outer loop
      vertex 4.15746 1.72207 0
      vertex 4.17124 1.68546 5.7781
      vertex 4.16714 1.69636 5.88881
    endloop
  endfacet
  facet normal -0.935965 -0.352092 1.30102e-06
    outer loop
      vertex 4.15746 1.72207 0
      vertex 4.17806 1.66733 5.66835
      vertex 4.17124 1.68546 5.7781
    endloop
  endfacet
  facet normal -0.935874 -0.352336 -1.38957e-06
    outer loop
      vertex 4.15746 1.72207 0
      vertex 4.18757 1.64207 5.56001
      vertex 4.17806 1.66733 5.66835
    endloop
  endfacet
  facet normal -0.935934 -0.352175 1.25372e-06
    outer loop
      vertex 4.15746 1.72207 0
      vertex 4.19972 1.60978 5.45355
      vertex 4.18757 1.64207 5.56001
    endloop
  endfacet
  facet normal -0.935907 -0.352248 -4.48823e-07
    outer loop
      vertex 4.15746 1.72207 0
      vertex 4.21447 1.57059 5.34944
      vertex 4.19972 1.60978 5.45355
    endloop
  endfacet
  facet normal -0.935902 -0.352261 -8.79799e-07
    outer loop
      vertex 4.15746 1.72207 0
      vertex 4.23175 1.52468 5.24811
      vertex 4.21447 1.57059 5.34944
    endloop
  endfacet
  facet normal -0.93589 -0.352293 -2.25889e-06
    outer loop
      vertex 4.15746 1.72207 0
      vertex 4.25149 1.47224 5.15
      vertex 4.23175 1.52468 5.24811
    endloop
  endfacet
  facet normal -0.935911 -0.352236 -0
    outer loop
      vertex 4.26118 1.44648 5.10857
      vertex 4.15746 1.72207 0
      vertex 4.26118 1.44648 0
    endloop
  endfacet
  facet normal -0.935966 -0.352091 8.90125e-06
    outer loop
      vertex 4.15746 1.72207 0
      vertex 4.26118 1.44648 5.10857
      vertex 4.25149 1.47224 5.15
    endloop
  endfacet
  facet normal -0.935858 -0.352378 -0
    outer loop
      vertex 4.16577 1.7 13
      vertex 4.15746 1.72207 93
      vertex 4.16577 1.7 6
    endloop
  endfacet
  facet normal -0.935858 -0.352378 -0
    outer loop
      vertex 4.16577 1.7 20
      vertex 4.15746 1.72207 93
      vertex 4.16577 1.7 13
    endloop
  endfacet
  facet normal -0.935858 -0.352378 -0
    outer loop
      vertex 4.16577 1.7 27
      vertex 4.15746 1.72207 93
      vertex 4.16577 1.7 20
    endloop
  endfacet
  facet normal -0.935905 -0.352252 -4.82039e-08
    outer loop
      vertex 4.16714 1.69636 27.1112
      vertex 4.15746 1.72207 93
      vertex 4.16577 1.7 27
    endloop
  endfacet
  facet normal -0.935975 -0.352065 -1.31108e-07
    outer loop
      vertex 4.17124 1.68546 27.2219
      vertex 4.15746 1.72207 93
      vertex 4.16714 1.69636 27.1112
    endloop
  endfacet
  facet normal -0.935968 -0.352086 -1.18269e-07
    outer loop
      vertex 4.17806 1.66733 27.3317
      vertex 4.15746 1.72207 93
      vertex 4.17124 1.68546 27.2219
    endloop
  endfacet
  facet normal -0.935872 -0.352341 1.24467e-07
    outer loop
      vertex 4.18757 1.64207 27.44
      vertex 4.15746 1.72207 93
      vertex 4.17806 1.66733 27.3317
    endloop
  endfacet
  facet normal -0.935935 -0.352172 -1.10924e-07
    outer loop
      vertex 4.19972 1.60978 27.5464
      vertex 4.15746 1.72207 93
      vertex 4.18757 1.64207 27.44
    endloop
  endfacet
  facet normal -0.935907 -0.352248 3.9262e-08
    outer loop
      vertex 4.21447 1.57059 27.6506
      vertex 4.15746 1.72207 93
      vertex 4.19972 1.60978 27.5464
    endloop
  endfacet
  facet normal -0.935901 -0.352262 7.61313e-08
    outer loop
      vertex 4.23175 1.52468 27.7519
      vertex 4.15746 1.72207 93
      vertex 4.21447 1.57059 27.6506
    endloop
  endfacet
  facet normal -0.935889 -0.352296 1.9338e-07
    outer loop
      vertex 4.25149 1.47224 27.85
      vertex 4.15746 1.72207 93
      vertex 4.23175 1.52468 27.7519
    endloop
  endfacet
  facet normal -0.93597 -0.35208 -7.53883e-07
    outer loop
      vertex 4.26118 1.44648 27.8914
      vertex 4.15746 1.72207 93
      vertex 4.25149 1.47224 27.85
    endloop
  endfacet
  facet normal -0.935911 -0.352236 0
    outer loop
      vertex 4.15746 1.72207 93
      vertex 4.26118 1.44648 27.8914
      vertex 4.26118 1.44648 93
    endloop
  endfacet
  facet normal -0.956895 -0.290434 0
    outer loop
      vertex 4.27119 1.4135 27.9445
      vertex 4.26118 1.44648 93
      vertex 4.26118 1.44648 27.8914
    endloop
  endfacet
  facet normal -0.956968 -0.290192 -1.34066e-07
    outer loop
      vertex 4.29084 1.3487 28.0349
      vertex 4.26118 1.44648 93
      vertex 4.27119 1.4135 27.9445
    endloop
  endfacet
  facet normal -0.95693 -0.29032 7.57544e-08
    outer loop
      vertex 4.31225 1.27813 28.1209
      vertex 4.26118 1.44648 93
      vertex 4.29084 1.3487 28.0349
    endloop
  endfacet
  facet normal -0.956939 -0.29029 -7.54298e-09
    outer loop
      vertex 4.33532 1.20208 28.2021
      vertex 4.26118 1.44648 93
      vertex 4.31225 1.27813 28.1209
    endloop
  endfacet
  facet normal -0.956885 -0.290468 7.26278e-07
    outer loop
      vertex 4.34667 1.16469 28.2371
      vertex 4.26118 1.44648 93
      vertex 4.33532 1.20208 28.2021
    endloop
  endfacet
  facet normal -0.956931 -0.290316 0
    outer loop
      vertex 4.26118 1.44648 93
      vertex 4.34667 1.16469 28.2371
      vertex 4.34667 1.16469 93
    endloop
  endfacet
  facet normal -0.956895 -0.290434 0
    outer loop
      vertex 4.26118 1.44648 0
      vertex 4.27119 1.4135 5.05553
      vertex 4.26118 1.44648 5.10857
    endloop
  endfacet
  facet normal -0.956968 -0.290194 1.71083e-06
    outer loop
      vertex 4.26118 1.44648 0
      vertex 4.29084 1.3487 4.96511
      vertex 4.27119 1.4135 5.05553
    endloop
  endfacet
  facet normal -0.95693 -0.290319 -9.6974e-07
    outer loop
      vertex 4.26118 1.44648 0
      vertex 4.31225 1.27813 4.87911
      vertex 4.29084 1.3487 4.96511
    endloop
  endfacet
  facet normal -0.956939 -0.29029 9.7006e-08
    outer loop
      vertex 4.26118 1.44648 0
      vertex 4.33532 1.20208 4.79792
      vertex 4.31225 1.27813 4.87911
    endloop
  endfacet
  facet normal -0.956931 -0.290316 -0
    outer loop
      vertex 4.34667 1.16469 4.76289
      vertex 4.26118 1.44648 0
      vertex 4.34667 1.16469 0
    endloop
  endfacet
  facet normal -0.956887 -0.290461 -9.39498e-06
    outer loop
      vertex 4.26118 1.44648 0
      vertex 4.34667 1.16469 4.76289
      vertex 4.33532 1.20208 4.79792
    endloop
  endfacet
  facet normal -0.956895 -0.290434 0
    outer loop
      vertex 4.27119 1.4135 6.94447
      vertex 4.26118 1.44648 12.1086
      vertex 4.26118 1.44648 6.89143
    endloop
  endfacet
  facet normal -0.956895 -0.290434 0
    outer loop
      vertex 4.27119 1.4135 6.94447
      vertex 4.27119 1.4135 12.0555
      vertex 4.26118 1.44648 12.1086
    endloop
  endfacet
  facet normal -0.956968 -0.290192 0
    outer loop
      vertex 4.29084 1.3487 7.03489
      vertex 4.27119 1.4135 12.0555
      vertex 4.27119 1.4135 6.94447
    endloop
  endfacet
  facet normal -0.956968 -0.290192 0
    outer loop
      vertex 4.29084 1.3487 7.03489
      vertex 4.29084 1.3487 11.9651
      vertex 4.27119 1.4135 12.0555
    endloop
  endfacet
  facet normal -0.95693 -0.29032 0
    outer loop
      vertex 4.31225 1.27813 7.12089
      vertex 4.29084 1.3487 11.9651
      vertex 4.29084 1.3487 7.03489
    endloop
  endfacet
  facet normal -0.95693 -0.29032 0
    outer loop
      vertex 4.31225 1.27813 7.12089
      vertex 4.31225 1.27813 11.8791
      vertex 4.29084 1.3487 11.9651
    endloop
  endfacet
  facet normal -0.956939 -0.29029 0
    outer loop
      vertex 4.33532 1.20208 7.20208
      vertex 4.31225 1.27813 11.8791
      vertex 4.31225 1.27813 7.12089
    endloop
  endfacet
  facet normal -0.956939 -0.29029 0
    outer loop
      vertex 4.33532 1.20208 7.20208
      vertex 4.33532 1.20208 11.7979
      vertex 4.31225 1.27813 11.8791
    endloop
  endfacet
  facet normal -0.956884 -0.290469 0
    outer loop
      vertex 4.34667 1.16469 7.23711
      vertex 4.33532 1.20208 11.7979
      vertex 4.33532 1.20208 7.20208
    endloop
  endfacet
  facet normal -0.956884 -0.290469 0
    outer loop
      vertex 4.33532 1.20208 11.7979
      vertex 4.34667 1.16469 7.23711
      vertex 4.34667 1.16469 11.7629
    endloop
  endfacet
  facet normal -0.956895 -0.290434 0
    outer loop
      vertex 4.27119 1.4135 13.9445
      vertex 4.26118 1.44648 19.1086
      vertex 4.26118 1.44648 13.8914
    endloop
  endfacet
  facet normal -0.956895 -0.290434 0
    outer loop
      vertex 4.27119 1.4135 13.9445
      vertex 4.27119 1.4135 19.0555
      vertex 4.26118 1.44648 19.1086
    endloop
  endfacet
  facet normal -0.956968 -0.290192 0
    outer loop
      vertex 4.29084 1.3487 14.0349
      vertex 4.27119 1.4135 19.0555
      vertex 4.27119 1.4135 13.9445
    endloop
  endfacet
  facet normal -0.956968 -0.290192 0
    outer loop
      vertex 4.29084 1.3487 14.0349
      vertex 4.29084 1.3487 18.9651
      vertex 4.27119 1.4135 19.0555
    endloop
  endfacet
  facet normal -0.95693 -0.29032 0
    outer loop
      vertex 4.31225 1.27813 14.1209
      vertex 4.29084 1.3487 18.9651
      vertex 4.29084 1.3487 14.0349
    endloop
  endfacet
  facet normal -0.95693 -0.29032 0
    outer loop
      vertex 4.31225 1.27813 14.1209
      vertex 4.31225 1.27813 18.8791
      vertex 4.29084 1.3487 18.9651
    endloop
  endfacet
  facet normal -0.956939 -0.29029 0
    outer loop
      vertex 4.33532 1.20208 14.2021
      vertex 4.31225 1.27813 18.8791
      vertex 4.31225 1.27813 14.1209
    endloop
  endfacet
  facet normal -0.956939 -0.29029 0
    outer loop
      vertex 4.33532 1.20208 14.2021
      vertex 4.33532 1.20208 18.7979
      vertex 4.31225 1.27813 18.8791
    endloop
  endfacet
  facet normal -0.956884 -0.290469 0
    outer loop
      vertex 4.34667 1.16469 14.2371
      vertex 4.33532 1.20208 18.7979
      vertex 4.33532 1.20208 14.2021
    endloop
  endfacet
  facet normal -0.956884 -0.290469 0
    outer loop
      vertex 4.33532 1.20208 18.7979
      vertex 4.34667 1.16469 14.2371
      vertex 4.34667 1.16469 18.7629
    endloop
  endfacet
  facet normal -0.956895 -0.290434 0
    outer loop
      vertex 4.27119 1.4135 20.9445
      vertex 4.26118 1.44648 26.1086
      vertex 4.26118 1.44648 20.8914
    endloop
  endfacet
  facet normal -0.956895 -0.290434 0
    outer loop
      vertex 4.27119 1.4135 20.9445
      vertex 4.27119 1.4135 26.0555
      vertex 4.26118 1.44648 26.1086
    endloop
  endfacet
  facet normal -0.956968 -0.290192 0
    outer loop
      vertex 4.29084 1.3487 21.0349
      vertex 4.27119 1.4135 26.0555
      vertex 4.27119 1.4135 20.9445
    endloop
  endfacet
  facet normal -0.956968 -0.290192 0
    outer loop
      vertex 4.29084 1.3487 21.0349
      vertex 4.29084 1.3487 25.9651
      vertex 4.27119 1.4135 26.0555
    endloop
  endfacet
  facet normal -0.95693 -0.29032 0
    outer loop
      vertex 4.31225 1.27813 21.1209
      vertex 4.29084 1.3487 25.9651
      vertex 4.29084 1.3487 21.0349
    endloop
  endfacet
  facet normal -0.95693 -0.29032 0
    outer loop
      vertex 4.31225 1.27813 21.1209
      vertex 4.31225 1.27813 25.8791
      vertex 4.29084 1.3487 25.9651
    endloop
  endfacet
  facet normal -0.956939 -0.29029 0
    outer loop
      vertex 4.33532 1.20208 21.2021
      vertex 4.31225 1.27813 25.8791
      vertex 4.31225 1.27813 21.1209
    endloop
  endfacet
  facet normal -0.956939 -0.29029 0
    outer loop
      vertex 4.33532 1.20208 21.2021
      vertex 4.33532 1.20208 25.7979
      vertex 4.31225 1.27813 25.8791
    endloop
  endfacet
  facet normal -0.956884 -0.290469 0
    outer loop
      vertex 4.34667 1.16469 21.2371
      vertex 4.33532 1.20208 25.7979
      vertex 4.33532 1.20208 21.2021
    endloop
  endfacet
  facet normal -0.956884 -0.290469 0
    outer loop
      vertex 4.33532 1.20208 25.7979
      vertex 4.34667 1.16469 21.2371
      vertex 4.34667 1.16469 25.7629
    endloop
  endfacet
  facet normal -0.773012 -0.634391 0
    outer loop
      vertex 3.57009 2.73943 0
      vertex 3.38328 2.96706 93
      vertex 3.38328 2.96706 0
    endloop
  endfacet
  facet normal -0.773012 -0.634391 0
    outer loop
      vertex 3.38328 2.96706 93
      vertex 3.57009 2.73943 0
      vertex 3.57009 2.73943 93
    endloop
  endfacet
  facet normal -0.812851 -0.582471 0
    outer loop
      vertex 3.74161 2.50007 0
      vertex 3.57009 2.73943 93
      vertex 3.57009 2.73943 0
    endloop
  endfacet
  facet normal -0.812851 -0.582471 0
    outer loop
      vertex 3.57009 2.73943 93
      vertex 3.74161 2.50007 0
      vertex 3.74161 2.50007 93
    endloop
  endfacet
  facet normal -0.634391 -0.773012 0
    outer loop
      vertex 2.73943 3.57009 0
      vertex 2.96706 3.38328 93
      vertex 2.73943 3.57009 93
    endloop
  endfacet
  facet normal -0.634391 -0.773012 -0
    outer loop
      vertex 2.96706 3.38328 93
      vertex 2.73943 3.57009 0
      vertex 2.96706 3.38328 0
    endloop
  endfacet
  facet normal -0.471416 -0.881911 0
    outer loop
      vertex 1.9903 4.03593 0
      vertex 2.25 3.89711 93
      vertex 1.9903 4.03593 93
    endloop
  endfacet
  facet normal -0.471416 -0.881911 -0
    outer loop
      vertex 2.25 3.89711 93
      vertex 1.9903 4.03593 0
      vertex 2.25 3.89711 0
    endloop
  endfacet
  facet normal -0.290316 -0.956931 0
    outer loop
      vertex 1.16469 4.34667 0
      vertex 1.44648 4.26118 93
      vertex 1.16469 4.34667 93
    endloop
  endfacet
  facet normal -0.290316 -0.956931 -0
    outer loop
      vertex 1.44648 4.26118 93
      vertex 1.16469 4.34667 0
      vertex 1.44648 4.26118 0
    endloop
  endfacet
  facet normal -0.352236 -0.935911 0
    outer loop
      vertex 1.44648 4.26118 0
      vertex 1.72207 4.15746 93
      vertex 1.44648 4.26118 93
    endloop
  endfacet
  facet normal -0.352236 -0.935911 -0
    outer loop
      vertex 1.72207 4.15746 93
      vertex 1.44648 4.26118 0
      vertex 1.72207 4.15746 0
    endloop
  endfacet
  facet normal -0.162901 -0.986642 0
    outer loop
      vertex 0.587367 4.4615 0
      vertex 0.877906 4.41353 93
      vertex 0.587367 4.4615 93
    endloop
  endfacet
  facet normal -0.162901 -0.986642 -0
    outer loop
      vertex 0.877906 4.41353 93
      vertex 0.587367 4.4615 0
      vertex 0.877906 4.41353 0
    endloop
  endfacet
  facet normal -0.0980397 -0.995183 0
    outer loop
      vertex 0.294313 4.49037 0
      vertex 0.587367 4.4615 93
      vertex 0.294313 4.49037 93
    endloop
  endfacet
  facet normal -0.0980397 -0.995183 -0
    outer loop
      vertex 0.587367 4.4615 93
      vertex 0.294313 4.49037 0
      vertex 0.587367 4.4615 0
    endloop
  endfacet
  facet normal 0.956895 -0.290434 0
    outer loop
      vertex -4.26118 1.44648 93
      vertex -4.27119 1.4135 27.9445
      vertex -4.26118 1.44648 27.8914
    endloop
  endfacet
  facet normal 0.956968 -0.290192 -1.34066e-07
    outer loop
      vertex -4.26118 1.44648 93
      vertex -4.29084 1.3487 28.0349
      vertex -4.27119 1.4135 27.9445
    endloop
  endfacet
  facet normal 0.95693 -0.29032 7.57544e-08
    outer loop
      vertex -4.26118 1.44648 93
      vertex -4.31225 1.27813 28.1209
      vertex -4.29084 1.3487 28.0349
    endloop
  endfacet
  facet normal 0.956939 -0.29029 -7.54298e-09
    outer loop
      vertex -4.26118 1.44648 93
      vertex -4.33532 1.20208 28.2021
      vertex -4.31225 1.27813 28.1209
    endloop
  endfacet
  facet normal 0.956931 -0.290316 0
    outer loop
      vertex -4.34667 1.16469 28.2371
      vertex -4.26118 1.44648 93
      vertex -4.34667 1.16469 93
    endloop
  endfacet
  facet normal 0.956885 -0.290468 7.26278e-07
    outer loop
      vertex -4.26118 1.44648 93
      vertex -4.34667 1.16469 28.2371
      vertex -4.33532 1.20208 28.2021
    endloop
  endfacet
  facet normal 0.956895 -0.290434 0
    outer loop
      vertex -4.27119 1.4135 5.05553
      vertex -4.26118 1.44648 0
      vertex -4.26118 1.44648 5.10857
    endloop
  endfacet
  facet normal 0.956968 -0.290194 1.71083e-06
    outer loop
      vertex -4.29084 1.3487 4.96511
      vertex -4.26118 1.44648 0
      vertex -4.27119 1.4135 5.05553
    endloop
  endfacet
  facet normal 0.95693 -0.290319 -9.6974e-07
    outer loop
      vertex -4.31225 1.27813 4.87911
      vertex -4.26118 1.44648 0
      vertex -4.29084 1.3487 4.96511
    endloop
  endfacet
  facet normal 0.956939 -0.29029 9.7006e-08
    outer loop
      vertex -4.33532 1.20208 4.79792
      vertex -4.26118 1.44648 0
      vertex -4.31225 1.27813 4.87911
    endloop
  endfacet
  facet normal 0.956887 -0.290461 -9.39498e-06
    outer loop
      vertex -4.34667 1.16469 4.76289
      vertex -4.26118 1.44648 0
      vertex -4.33532 1.20208 4.79792
    endloop
  endfacet
  facet normal 0.956931 -0.290316 0
    outer loop
      vertex -4.26118 1.44648 0
      vertex -4.34667 1.16469 4.76289
      vertex -4.34667 1.16469 0
    endloop
  endfacet
  facet normal 0.956895 -0.290434 0
    outer loop
      vertex -4.27119 1.4135 12.0555
      vertex -4.26118 1.44648 6.89143
      vertex -4.26118 1.44648 12.1086
    endloop
  endfacet
  facet normal 0.956895 -0.290434 0
    outer loop
      vertex -4.27119 1.4135 12.0555
      vertex -4.27119 1.4135 6.94447
      vertex -4.26118 1.44648 6.89143
    endloop
  endfacet
  facet normal 0.956968 -0.290192 0
    outer loop
      vertex -4.29084 1.3487 11.9651
      vertex -4.27119 1.4135 6.94447
      vertex -4.27119 1.4135 12.0555
    endloop
  endfacet
  facet normal 0.956968 -0.290192 0
    outer loop
      vertex -4.29084 1.3487 11.9651
      vertex -4.29084 1.3487 7.03489
      vertex -4.27119 1.4135 6.94447
    endloop
  endfacet
  facet normal 0.95693 -0.29032 0
    outer loop
      vertex -4.31225 1.27813 11.8791
      vertex -4.29084 1.3487 7.03489
      vertex -4.29084 1.3487 11.9651
    endloop
  endfacet
  facet normal 0.95693 -0.29032 0
    outer loop
      vertex -4.31225 1.27813 11.8791
      vertex -4.31225 1.27813 7.12089
      vertex -4.29084 1.3487 7.03489
    endloop
  endfacet
  facet normal 0.956939 -0.29029 0
    outer loop
      vertex -4.33532 1.20208 11.7979
      vertex -4.31225 1.27813 7.12089
      vertex -4.31225 1.27813 11.8791
    endloop
  endfacet
  facet normal 0.956939 -0.29029 0
    outer loop
      vertex -4.33532 1.20208 11.7979
      vertex -4.33532 1.20208 7.20208
      vertex -4.31225 1.27813 7.12089
    endloop
  endfacet
  facet normal 0.956884 -0.290469 0
    outer loop
      vertex -4.34667 1.16469 11.7629
      vertex -4.33532 1.20208 7.20208
      vertex -4.33532 1.20208 11.7979
    endloop
  endfacet
  facet normal 0.956884 -0.290469 0
    outer loop
      vertex -4.33532 1.20208 7.20208
      vertex -4.34667 1.16469 11.7629
      vertex -4.34667 1.16469 7.23711
    endloop
  endfacet
  facet normal 0.956895 -0.290434 0
    outer loop
      vertex -4.27119 1.4135 19.0555
      vertex -4.26118 1.44648 13.8914
      vertex -4.26118 1.44648 19.1086
    endloop
  endfacet
  facet normal 0.956895 -0.290434 0
    outer loop
      vertex -4.27119 1.4135 19.0555
      vertex -4.27119 1.4135 13.9445
      vertex -4.26118 1.44648 13.8914
    endloop
  endfacet
  facet normal 0.956968 -0.290192 0
    outer loop
      vertex -4.29084 1.3487 18.9651
      vertex -4.27119 1.4135 13.9445
      vertex -4.27119 1.4135 19.0555
    endloop
  endfacet
  facet normal 0.956968 -0.290192 0
    outer loop
      vertex -4.29084 1.3487 18.9651
      vertex -4.29084 1.3487 14.0349
      vertex -4.27119 1.4135 13.9445
    endloop
  endfacet
  facet normal 0.95693 -0.29032 0
    outer loop
      vertex -4.31225 1.27813 18.8791
      vertex -4.29084 1.3487 14.0349
      vertex -4.29084 1.3487 18.9651
    endloop
  endfacet
  facet normal 0.95693 -0.29032 0
    outer loop
      vertex -4.31225 1.27813 18.8791
      vertex -4.31225 1.27813 14.1209
      vertex -4.29084 1.3487 14.0349
    endloop
  endfacet
  facet normal 0.956939 -0.29029 0
    outer loop
      vertex -4.33532 1.20208 18.7979
      vertex -4.31225 1.27813 14.1209
      vertex -4.31225 1.27813 18.8791
    endloop
  endfacet
  facet normal 0.956939 -0.29029 0
    outer loop
      vertex -4.33532 1.20208 18.7979
      vertex -4.33532 1.20208 14.2021
      vertex -4.31225 1.27813 14.1209
    endloop
  endfacet
  facet normal 0.956884 -0.290469 0
    outer loop
      vertex -4.34667 1.16469 18.7629
      vertex -4.33532 1.20208 14.2021
      vertex -4.33532 1.20208 18.7979
    endloop
  endfacet
  facet normal 0.956884 -0.290469 0
    outer loop
      vertex -4.33532 1.20208 14.2021
      vertex -4.34667 1.16469 18.7629
      vertex -4.34667 1.16469 14.2371
    endloop
  endfacet
  facet normal 0.956895 -0.290434 0
    outer loop
      vertex -4.27119 1.4135 26.0555
      vertex -4.26118 1.44648 20.8914
      vertex -4.26118 1.44648 26.1086
    endloop
  endfacet
  facet normal 0.956895 -0.290434 0
    outer loop
      vertex -4.27119 1.4135 26.0555
      vertex -4.27119 1.4135 20.9445
      vertex -4.26118 1.44648 20.8914
    endloop
  endfacet
  facet normal 0.956968 -0.290192 0
    outer loop
      vertex -4.29084 1.3487 25.9651
      vertex -4.27119 1.4135 20.9445
      vertex -4.27119 1.4135 26.0555
    endloop
  endfacet
  facet normal 0.956968 -0.290192 0
    outer loop
      vertex -4.29084 1.3487 25.9651
      vertex -4.29084 1.3487 21.0349
      vertex -4.27119 1.4135 20.9445
    endloop
  endfacet
  facet normal 0.95693 -0.29032 0
    outer loop
      vertex -4.31225 1.27813 25.8791
      vertex -4.29084 1.3487 21.0349
      vertex -4.29084 1.3487 25.9651
    endloop
  endfacet
  facet normal 0.95693 -0.29032 0
    outer loop
      vertex -4.31225 1.27813 25.8791
      vertex -4.31225 1.27813 21.1209
      vertex -4.29084 1.3487 21.0349
    endloop
  endfacet
  facet normal 0.956939 -0.29029 0
    outer loop
      vertex -4.33532 1.20208 25.7979
      vertex -4.31225 1.27813 21.1209
      vertex -4.31225 1.27813 25.8791
    endloop
  endfacet
  facet normal 0.956939 -0.29029 0
    outer loop
      vertex -4.33532 1.20208 25.7979
      vertex -4.33532 1.20208 21.2021
      vertex -4.31225 1.27813 21.1209
    endloop
  endfacet
  facet normal 0.956884 -0.290469 0
    outer loop
      vertex -4.34667 1.16469 25.7629
      vertex -4.33532 1.20208 21.2021
      vertex -4.33532 1.20208 25.7979
    endloop
  endfacet
  facet normal 0.956884 -0.290469 0
    outer loop
      vertex -4.33532 1.20208 21.2021
      vertex -4.34667 1.16469 25.7629
      vertex -4.34667 1.16469 21.2371
    endloop
  endfacet
  facet normal 0.935906 -0.35225 0
    outer loop
      vertex -4.16714 1.69636 12.8888
      vertex -4.16577 1.7 6
      vertex -4.16577 1.7 13
    endloop
  endfacet
  facet normal 0.935906 -0.35225 0
    outer loop
      vertex -4.16714 1.69636 12.8888
      vertex -4.16714 1.69636 6.11119
      vertex -4.16577 1.7 6
    endloop
  endfacet
  facet normal 0.935976 -0.352064 0
    outer loop
      vertex -4.17124 1.68546 12.7781
      vertex -4.16714 1.69636 6.11119
      vertex -4.16714 1.69636 12.8888
    endloop
  endfacet
  facet normal 0.935976 -0.352064 0
    outer loop
      vertex -4.17124 1.68546 12.7781
      vertex -4.17124 1.68546 6.22189
      vertex -4.16714 1.69636 6.11119
    endloop
  endfacet
  facet normal 0.935968 -0.352085 0
    outer loop
      vertex -4.17806 1.66733 12.6683
      vertex -4.17124 1.68546 6.22189
      vertex -4.17124 1.68546 12.7781
    endloop
  endfacet
  facet normal 0.935968 -0.352085 0
    outer loop
      vertex -4.17806 1.66733 12.6683
      vertex -4.17806 1.66733 6.33165
      vertex -4.17124 1.68546 6.22189
    endloop
  endfacet
  facet normal 0.935872 -0.352341 0
    outer loop
      vertex -4.18757 1.64207 12.56
      vertex -4.17806 1.66733 6.33165
      vertex -4.17806 1.66733 12.6683
    endloop
  endfacet
  facet normal 0.935872 -0.352341 0
    outer loop
      vertex -4.18757 1.64207 12.56
      vertex -4.18757 1.64207 6.43999
      vertex -4.17806 1.66733 6.33165
    endloop
  endfacet
  facet normal 0.935936 -0.352171 0
    outer loop
      vertex -4.19972 1.60978 12.4536
      vertex -4.18757 1.64207 6.43999
      vertex -4.18757 1.64207 12.56
    endloop
  endfacet
  facet normal 0.935936 -0.352171 0
    outer loop
      vertex -4.19972 1.60978 12.4536
      vertex -4.19972 1.60978 6.54645
      vertex -4.18757 1.64207 6.43999
    endloop
  endfacet
  facet normal 0.935906 -0.352249 0
    outer loop
      vertex -4.21447 1.57059 12.3494
      vertex -4.19972 1.60978 6.54645
      vertex -4.19972 1.60978 12.4536
    endloop
  endfacet
  facet normal 0.935906 -0.352249 0
    outer loop
      vertex -4.21447 1.57059 12.3494
      vertex -4.21447 1.57059 6.65056
      vertex -4.19972 1.60978 6.54645
    endloop
  endfacet
  facet normal 0.935901 -0.352263 0
    outer loop
      vertex -4.23175 1.52468 12.2481
      vertex -4.21447 1.57059 6.65056
      vertex -4.21447 1.57059 12.3494
    endloop
  endfacet
  facet normal 0.935901 -0.352263 0
    outer loop
      vertex -4.23175 1.52468 12.2481
      vertex -4.23175 1.52468 6.75189
      vertex -4.21447 1.57059 6.65056
    endloop
  endfacet
  facet normal 0.935888 -0.352297 0
    outer loop
      vertex -4.25149 1.47224 12.15
      vertex -4.23175 1.52468 6.75189
      vertex -4.23175 1.52468 12.2481
    endloop
  endfacet
  facet normal 0.935888 -0.352297 0
    outer loop
      vertex -4.25149 1.47224 12.15
      vertex -4.25149 1.47224 6.85
      vertex -4.23175 1.52468 6.75189
    endloop
  endfacet
  facet normal 0.93597 -0.352079 0
    outer loop
      vertex -4.26118 1.44648 12.1086
      vertex -4.25149 1.47224 6.85
      vertex -4.25149 1.47224 12.15
    endloop
  endfacet
  facet normal 0.93597 -0.352079 0
    outer loop
      vertex -4.25149 1.47224 6.85
      vertex -4.26118 1.44648 12.1086
      vertex -4.26118 1.44648 6.89143
    endloop
  endfacet
  facet normal 0.935906 -0.35225 0
    outer loop
      vertex -4.16714 1.69636 19.8888
      vertex -4.16577 1.7 13
      vertex -4.16577 1.7 20
    endloop
  endfacet
  facet normal 0.935906 -0.35225 0
    outer loop
      vertex -4.16714 1.69636 19.8888
      vertex -4.16714 1.69636 13.1112
      vertex -4.16577 1.7 13
    endloop
  endfacet
  facet normal 0.935976 -0.352064 0
    outer loop
      vertex -4.17124 1.68546 19.7781
      vertex -4.16714 1.69636 13.1112
      vertex -4.16714 1.69636 19.8888
    endloop
  endfacet
  facet normal 0.935976 -0.352064 0
    outer loop
      vertex -4.17124 1.68546 19.7781
      vertex -4.17124 1.68546 13.2219
      vertex -4.16714 1.69636 13.1112
    endloop
  endfacet
  facet normal 0.935968 -0.352085 0
    outer loop
      vertex -4.17806 1.66733 19.6683
      vertex -4.17124 1.68546 13.2219
      vertex -4.17124 1.68546 19.7781
    endloop
  endfacet
  facet normal 0.935968 -0.352085 0
    outer loop
      vertex -4.17806 1.66733 19.6683
      vertex -4.17806 1.66733 13.3317
      vertex -4.17124 1.68546 13.2219
    endloop
  endfacet
  facet normal 0.935872 -0.352341 0
    outer loop
      vertex -4.18757 1.64207 19.56
      vertex -4.17806 1.66733 13.3317
      vertex -4.17806 1.66733 19.6683
    endloop
  endfacet
  facet normal 0.935872 -0.352341 0
    outer loop
      vertex -4.18757 1.64207 19.56
      vertex -4.18757 1.64207 13.44
      vertex -4.17806 1.66733 13.3317
    endloop
  endfacet
  facet normal 0.935936 -0.352171 0
    outer loop
      vertex -4.19972 1.60978 19.4536
      vertex -4.18757 1.64207 13.44
      vertex -4.18757 1.64207 19.56
    endloop
  endfacet
  facet normal 0.935936 -0.352171 0
    outer loop
      vertex -4.19972 1.60978 19.4536
      vertex -4.19972 1.60978 13.5464
      vertex -4.18757 1.64207 13.44
    endloop
  endfacet
  facet normal 0.935906 -0.352249 0
    outer loop
      vertex -4.21447 1.57059 19.3494
      vertex -4.19972 1.60978 13.5464
      vertex -4.19972 1.60978 19.4536
    endloop
  endfacet
  facet normal 0.935906 -0.352249 0
    outer loop
      vertex -4.21447 1.57059 19.3494
      vertex -4.21447 1.57059 13.6506
      vertex -4.19972 1.60978 13.5464
    endloop
  endfacet
  facet normal 0.935901 -0.352263 0
    outer loop
      vertex -4.23175 1.52468 19.2481
      vertex -4.21447 1.57059 13.6506
      vertex -4.21447 1.57059 19.3494
    endloop
  endfacet
  facet normal 0.935901 -0.352263 0
    outer loop
      vertex -4.23175 1.52468 19.2481
      vertex -4.23175 1.52468 13.7519
      vertex -4.21447 1.57059 13.6506
    endloop
  endfacet
  facet normal 0.935888 -0.352297 0
    outer loop
      vertex -4.25149 1.47224 19.15
      vertex -4.23175 1.52468 13.7519
      vertex -4.23175 1.52468 19.2481
    endloop
  endfacet
  facet normal 0.935888 -0.352297 0
    outer loop
      vertex -4.25149 1.47224 19.15
      vertex -4.25149 1.47224 13.85
      vertex -4.23175 1.52468 13.7519
    endloop
  endfacet
  facet normal 0.93597 -0.352079 0
    outer loop
      vertex -4.26118 1.44648 19.1086
      vertex -4.25149 1.47224 13.85
      vertex -4.25149 1.47224 19.15
    endloop
  endfacet
  facet normal 0.93597 -0.352079 0
    outer loop
      vertex -4.25149 1.47224 13.85
      vertex -4.26118 1.44648 19.1086
      vertex -4.26118 1.44648 13.8914
    endloop
  endfacet
  facet normal 0.935906 -0.35225 0
    outer loop
      vertex -4.16714 1.69636 26.8888
      vertex -4.16577 1.7 20
      vertex -4.16577 1.7 27
    endloop
  endfacet
  facet normal 0.935906 -0.35225 0
    outer loop
      vertex -4.16714 1.69636 26.8888
      vertex -4.16714 1.69636 20.1112
      vertex -4.16577 1.7 20
    endloop
  endfacet
  facet normal 0.935976 -0.352064 0
    outer loop
      vertex -4.17124 1.68546 26.7781
      vertex -4.16714 1.69636 20.1112
      vertex -4.16714 1.69636 26.8888
    endloop
  endfacet
  facet normal 0.935976 -0.352064 0
    outer loop
      vertex -4.17124 1.68546 26.7781
      vertex -4.17124 1.68546 20.2219
      vertex -4.16714 1.69636 20.1112
    endloop
  endfacet
  facet normal 0.935968 -0.352085 0
    outer loop
      vertex -4.17806 1.66733 26.6683
      vertex -4.17124 1.68546 20.2219
      vertex -4.17124 1.68546 26.7781
    endloop
  endfacet
  facet normal 0.935968 -0.352085 0
    outer loop
      vertex -4.17806 1.66733 26.6683
      vertex -4.17806 1.66733 20.3317
      vertex -4.17124 1.68546 20.2219
    endloop
  endfacet
  facet normal 0.935872 -0.352341 0
    outer loop
      vertex -4.18757 1.64207 26.56
      vertex -4.17806 1.66733 20.3317
      vertex -4.17806 1.66733 26.6683
    endloop
  endfacet
  facet normal 0.935872 -0.352341 0
    outer loop
      vertex -4.18757 1.64207 26.56
      vertex -4.18757 1.64207 20.44
      vertex -4.17806 1.66733 20.3317
    endloop
  endfacet
  facet normal 0.935936 -0.352171 0
    outer loop
      vertex -4.19972 1.60978 26.4536
      vertex -4.18757 1.64207 20.44
      vertex -4.18757 1.64207 26.56
    endloop
  endfacet
  facet normal 0.935936 -0.352171 0
    outer loop
      vertex -4.19972 1.60978 26.4536
      vertex -4.19972 1.60978 20.5464
      vertex -4.18757 1.64207 20.44
    endloop
  endfacet
  facet normal 0.935906 -0.352249 0
    outer loop
      vertex -4.21447 1.57059 26.3494
      vertex -4.19972 1.60978 20.5464
      vertex -4.19972 1.60978 26.4536
    endloop
  endfacet
  facet normal 0.935906 -0.352249 0
    outer loop
      vertex -4.21447 1.57059 26.3494
      vertex -4.21447 1.57059 20.6506
      vertex -4.19972 1.60978 20.5464
    endloop
  endfacet
  facet normal 0.935901 -0.352263 0
    outer loop
      vertex -4.23175 1.52468 26.2481
      vertex -4.21447 1.57059 20.6506
      vertex -4.21447 1.57059 26.3494
    endloop
  endfacet
  facet normal 0.935901 -0.352263 0
    outer loop
      vertex -4.23175 1.52468 26.2481
      vertex -4.23175 1.52468 20.7519
      vertex -4.21447 1.57059 20.6506
    endloop
  endfacet
  facet normal 0.935888 -0.352297 0
    outer loop
      vertex -4.25149 1.47224 26.15
      vertex -4.23175 1.52468 20.7519
      vertex -4.23175 1.52468 26.2481
    endloop
  endfacet
  facet normal 0.935888 -0.352297 0
    outer loop
      vertex -4.25149 1.47224 26.15
      vertex -4.25149 1.47224 20.85
      vertex -4.23175 1.52468 20.7519
    endloop
  endfacet
  facet normal 0.93597 -0.352079 0
    outer loop
      vertex -4.26118 1.44648 26.1086
      vertex -4.25149 1.47224 20.85
      vertex -4.25149 1.47224 26.15
    endloop
  endfacet
  facet normal 0.93597 -0.352079 0
    outer loop
      vertex -4.25149 1.47224 20.85
      vertex -4.26118 1.44648 26.1086
      vertex -4.26118 1.44648 20.8914
    endloop
  endfacet
  facet normal 0.935858 -0.352378 0
    outer loop
      vertex -4.15746 1.72207 93
      vertex -4.16577 1.7 27
      vertex -4.15746 1.72207 0
    endloop
  endfacet
  facet normal 0.935905 -0.352252 -4.82039e-08
    outer loop
      vertex -4.15746 1.72207 93
      vertex -4.16714 1.69636 27.1112
      vertex -4.16577 1.7 27
    endloop
  endfacet
  facet normal 0.935975 -0.352065 -1.31108e-07
    outer loop
      vertex -4.15746 1.72207 93
      vertex -4.17124 1.68546 27.2219
      vertex -4.16714 1.69636 27.1112
    endloop
  endfacet
  facet normal 0.935968 -0.352086 -1.18269e-07
    outer loop
      vertex -4.15746 1.72207 93
      vertex -4.17806 1.66733 27.3317
      vertex -4.17124 1.68546 27.2219
    endloop
  endfacet
  facet normal 0.935872 -0.352341 1.24467e-07
    outer loop
      vertex -4.15746 1.72207 93
      vertex -4.18757 1.64207 27.44
      vertex -4.17806 1.66733 27.3317
    endloop
  endfacet
  facet normal 0.935935 -0.352172 -1.10924e-07
    outer loop
      vertex -4.15746 1.72207 93
      vertex -4.19972 1.60978 27.5464
      vertex -4.18757 1.64207 27.44
    endloop
  endfacet
  facet normal 0.935907 -0.352248 3.9262e-08
    outer loop
      vertex -4.15746 1.72207 93
      vertex -4.21447 1.57059 27.6506
      vertex -4.19972 1.60978 27.5464
    endloop
  endfacet
  facet normal 0.935901 -0.352262 7.61313e-08
    outer loop
      vertex -4.15746 1.72207 93
      vertex -4.23175 1.52468 27.7519
      vertex -4.21447 1.57059 27.6506
    endloop
  endfacet
  facet normal 0.935889 -0.352296 1.9338e-07
    outer loop
      vertex -4.15746 1.72207 93
      vertex -4.25149 1.47224 27.85
      vertex -4.23175 1.52468 27.7519
    endloop
  endfacet
  facet normal 0.935911 -0.352236 0
    outer loop
      vertex -4.26118 1.44648 27.8914
      vertex -4.15746 1.72207 93
      vertex -4.26118 1.44648 93
    endloop
  endfacet
  facet normal 0.93597 -0.35208 -7.53883e-07
    outer loop
      vertex -4.15746 1.72207 93
      vertex -4.26118 1.44648 27.8914
      vertex -4.25149 1.47224 27.85
    endloop
  endfacet
  facet normal 0.935858 -0.352378 0
    outer loop
      vertex -4.16577 1.7 20
      vertex -4.15746 1.72207 0
      vertex -4.16577 1.7 27
    endloop
  endfacet
  facet normal 0.935858 -0.352378 0
    outer loop
      vertex -4.16577 1.7 13
      vertex -4.15746 1.72207 0
      vertex -4.16577 1.7 20
    endloop
  endfacet
  facet normal 0.935858 -0.352378 0
    outer loop
      vertex -4.16577 1.7 6
      vertex -4.15746 1.72207 0
      vertex -4.16577 1.7 13
    endloop
  endfacet
  facet normal 0.935901 -0.352263 4.8155e-07
    outer loop
      vertex -4.16714 1.69636 5.88881
      vertex -4.15746 1.72207 0
      vertex -4.16577 1.7 6
    endloop
  endfacet
  facet normal 0.935971 -0.352077 1.41022e-06
    outer loop
      vertex -4.17124 1.68546 5.7781
      vertex -4.15746 1.72207 0
      vertex -4.16714 1.69636 5.88881
    endloop
  endfacet
  facet normal 0.935965 -0.352092 1.30102e-06
    outer loop
      vertex -4.17806 1.66733 5.66835
      vertex -4.15746 1.72207 0
      vertex -4.17124 1.68546 5.7781
    endloop
  endfacet
  facet normal 0.935874 -0.352336 -1.38957e-06
    outer loop
      vertex -4.18757 1.64207 5.56001
      vertex -4.15746 1.72207 0
      vertex -4.17806 1.66733 5.66835
    endloop
  endfacet
  facet normal 0.935934 -0.352175 1.25372e-06
    outer loop
      vertex -4.19972 1.60978 5.45355
      vertex -4.15746 1.72207 0
      vertex -4.18757 1.64207 5.56001
    endloop
  endfacet
  facet normal 0.935907 -0.352248 -4.48823e-07
    outer loop
      vertex -4.21447 1.57059 5.34944
      vertex -4.15746 1.72207 0
      vertex -4.19972 1.60978 5.45355
    endloop
  endfacet
  facet normal 0.935902 -0.352261 -8.79799e-07
    outer loop
      vertex -4.23175 1.52468 5.24811
      vertex -4.15746 1.72207 0
      vertex -4.21447 1.57059 5.34944
    endloop
  endfacet
  facet normal 0.93589 -0.352293 -2.25889e-06
    outer loop
      vertex -4.25149 1.47224 5.15
      vertex -4.15746 1.72207 0
      vertex -4.23175 1.52468 5.24811
    endloop
  endfacet
  facet normal 0.935966 -0.352091 8.90125e-06
    outer loop
      vertex -4.26118 1.44648 5.10857
      vertex -4.15746 1.72207 0
      vertex -4.25149 1.47224 5.15
    endloop
  endfacet
  facet normal 0.935911 -0.352236 0
    outer loop
      vertex -4.15746 1.72207 0
      vertex -4.26118 1.44648 5.10857
      vertex -4.26118 1.44648 0
    endloop
  endfacet
  facet normal 0.986629 -0.162983 0
    outer loop
      vertex -4.41353 0.877906 93
      vertex -4.41814 0.849999 28.4722
      vertex -4.41353 0.877906 28.4549
    endloop
  endfacet
  facet normal 0.98664 -0.162916 -2.94626e-08
    outer loop
      vertex -4.41353 0.877906 93
      vertex -4.43434 0.75189 28.5247
      vertex -4.41814 0.849999 28.4722
    endloop
  endfacet
  facet normal 0.986643 -0.1629 -6.16836e-08
    outer loop
      vertex -4.41353 0.877906 93
      vertex -4.45107 0.650561 28.5706
      vertex -4.43434 0.75189 28.5247
    endloop
  endfacet
  facet normal 0.986642 -0.162901 0
    outer loop
      vertex -4.4615 0.587367 28.5944
      vertex -4.41353 0.877906 93
      vertex -4.4615 0.587367 93
    endloop
  endfacet
  facet normal 0.986652 -0.162844 -2.64854e-07
    outer loop
      vertex -4.41353 0.877906 93
      vertex -4.4615 0.587367 28.5944
      vertex -4.45107 0.650561 28.5706
    endloop
  endfacet
  facet normal 0.986629 -0.162983 0
    outer loop
      vertex -4.41814 0.849999 4.52776
      vertex -4.41353 0.877906 0
      vertex -4.41353 0.877906 4.54511
    endloop
  endfacet
  facet normal 0.98664 -0.162917 4.18607e-07
    outer loop
      vertex -4.43434 0.75189 4.47532
      vertex -4.41353 0.877906 0
      vertex -4.41814 0.849999 4.52776
    endloop
  endfacet
  facet normal 0.986642 -0.162901 8.78247e-07
    outer loop
      vertex -4.45107 0.650561 4.4294
      vertex -4.41353 0.877906 0
      vertex -4.43434 0.75189 4.47532
    endloop
  endfacet
  facet normal 0.986652 -0.162846 3.78456e-06
    outer loop
      vertex -4.4615 0.587367 4.40562
      vertex -4.41353 0.877906 0
      vertex -4.45107 0.650561 4.4294
    endloop
  endfacet
  facet normal 0.986642 -0.162901 0
    outer loop
      vertex -4.41353 0.877906 0
      vertex -4.4615 0.587367 4.40562
      vertex -4.4615 0.587367 0
    endloop
  endfacet
  facet normal 0.986629 -0.162983 0
    outer loop
      vertex -4.41814 0.849999 11.5278
      vertex -4.41353 0.877906 7.45489
      vertex -4.41353 0.877906 11.5451
    endloop
  endfacet
  facet normal 0.986629 -0.162983 0
    outer loop
      vertex -4.41814 0.849999 11.5278
      vertex -4.41814 0.849999 7.47224
      vertex -4.41353 0.877906 7.45489
    endloop
  endfacet
  facet normal 0.98664 -0.162916 0
    outer loop
      vertex -4.43434 0.75189 11.4753
      vertex -4.41814 0.849999 7.47224
      vertex -4.41814 0.849999 11.5278
    endloop
  endfacet
  facet normal 0.98664 -0.162916 0
    outer loop
      vertex -4.43434 0.75189 11.4753
      vertex -4.43434 0.75189 7.52468
      vertex -4.41814 0.849999 7.47224
    endloop
  endfacet
  facet normal 0.986643 -0.1629 0
    outer loop
      vertex -4.45107 0.650561 11.4294
      vertex -4.43434 0.75189 7.52468
      vertex -4.43434 0.75189 11.4753
    endloop
  endfacet
  facet normal 0.986643 -0.1629 0
    outer loop
      vertex -4.45107 0.650561 11.4294
      vertex -4.45107 0.650561 7.57059
      vertex -4.43434 0.75189 7.52468
    endloop
  endfacet
  facet normal 0.986652 -0.162844 0
    outer loop
      vertex -4.4615 0.587367 11.4056
      vertex -4.45107 0.650561 7.57059
      vertex -4.45107 0.650561 11.4294
    endloop
  endfacet
  facet normal 0.986652 -0.162844 0
    outer loop
      vertex -4.45107 0.650561 7.57059
      vertex -4.4615 0.587367 11.4056
      vertex -4.4615 0.587367 7.59438
    endloop
  endfacet
  facet normal 0.986629 -0.162983 0
    outer loop
      vertex -4.41814 0.849999 18.5278
      vertex -4.41353 0.877906 14.4549
      vertex -4.41353 0.877906 18.5451
    endloop
  endfacet
  facet normal 0.986629 -0.162983 0
    outer loop
      vertex -4.41814 0.849999 18.5278
      vertex -4.41814 0.849999 14.4722
      vertex -4.41353 0.877906 14.4549
    endloop
  endfacet
  facet normal 0.98664 -0.162916 0
    outer loop
      vertex -4.43434 0.75189 18.4753
      vertex -4.41814 0.849999 14.4722
      vertex -4.41814 0.849999 18.5278
    endloop
  endfacet
  facet normal 0.98664 -0.162916 0
    outer loop
      vertex -4.43434 0.75189 18.4753
      vertex -4.43434 0.75189 14.5247
      vertex -4.41814 0.849999 14.4722
    endloop
  endfacet
  facet normal 0.986643 -0.1629 0
    outer loop
      vertex -4.45107 0.650561 18.4294
      vertex -4.43434 0.75189 14.5247
      vertex -4.43434 0.75189 18.4753
    endloop
  endfacet
  facet normal 0.986643 -0.1629 0
    outer loop
      vertex -4.45107 0.650561 18.4294
      vertex -4.45107 0.650561 14.5706
      vertex -4.43434 0.75189 14.5247
    endloop
  endfacet
  facet normal 0.986652 -0.162844 0
    outer loop
      vertex -4.4615 0.587367 18.4056
      vertex -4.45107 0.650561 14.5706
      vertex -4.45107 0.650561 18.4294
    endloop
  endfacet
  facet normal 0.986652 -0.162844 0
    outer loop
      vertex -4.45107 0.650561 14.5706
      vertex -4.4615 0.587367 18.4056
      vertex -4.4615 0.587367 14.5944
    endloop
  endfacet
  facet normal 0.986629 -0.162983 0
    outer loop
      vertex -4.41814 0.849999 25.5278
      vertex -4.41353 0.877906 21.4549
      vertex -4.41353 0.877906 25.5451
    endloop
  endfacet
  facet normal 0.986629 -0.162983 0
    outer loop
      vertex -4.41814 0.849999 25.5278
      vertex -4.41814 0.849999 21.4722
      vertex -4.41353 0.877906 21.4549
    endloop
  endfacet
  facet normal 0.98664 -0.162916 0
    outer loop
      vertex -4.43434 0.75189 25.4753
      vertex -4.41814 0.849999 21.4722
      vertex -4.41814 0.849999 25.5278
    endloop
  endfacet
  facet normal 0.98664 -0.162916 0
    outer loop
      vertex -4.43434 0.75189 25.4753
      vertex -4.43434 0.75189 21.5247
      vertex -4.41814 0.849999 21.4722
    endloop
  endfacet
  facet normal 0.986643 -0.1629 0
    outer loop
      vertex -4.45107 0.650561 25.4294
      vertex -4.43434 0.75189 21.5247
      vertex -4.43434 0.75189 25.4753
    endloop
  endfacet
  facet normal 0.986643 -0.1629 0
    outer loop
      vertex -4.45107 0.650561 25.4294
      vertex -4.45107 0.650561 21.5706
      vertex -4.43434 0.75189 21.5247
    endloop
  endfacet
  facet normal 0.986652 -0.162844 0
    outer loop
      vertex -4.4615 0.587367 25.4056
      vertex -4.45107 0.650561 21.5706
      vertex -4.45107 0.650561 25.4294
    endloop
  endfacet
  facet normal 0.986652 -0.162844 0
    outer loop
      vertex -4.45107 0.650561 21.5706
      vertex -4.4615 0.587367 25.4056
      vertex -4.4615 0.587367 21.5944
    endloop
  endfacet
  facet normal 0.995185 -0.0980107 0
    outer loop
      vertex -4.4615 0.587367 93
      vertex -4.46553 0.546447 28.6098
      vertex -4.4615 0.587367 28.5944
    endloop
  endfacet
  facet normal 0.99518 -0.0980643 3.44235e-08
    outer loop
      vertex -4.4615 0.587367 93
      vertex -4.47602 0.439992 28.6421
      vertex -4.46553 0.546447 28.6098
    endloop
  endfacet
  facet normal 0.995185 -0.098013 -8.43132e-08
    outer loop
      vertex -4.4615 0.587367 93
      vertex -4.48669 0.331653 28.6673
      vertex -4.47602 0.439992 28.6421
    endloop
  endfacet
  facet normal 0.995183 -0.0980397 0
    outer loop
      vertex -4.49037 0.294313 28.6735
      vertex -4.4615 0.587367 93
      vertex -4.49037 0.294313 93
    endloop
  endfacet
  facet normal 0.995179 -0.0980786 1.79232e-07
    outer loop
      vertex -4.4615 0.587367 93
      vertex -4.49037 0.294313 28.6735
      vertex -4.48669 0.331653 28.6673
    endloop
  endfacet
  facet normal 0.995185 -0.0980107 0
    outer loop
      vertex -4.46553 0.546447 4.39022
      vertex -4.4615 0.587367 0
      vertex -4.4615 0.587367 4.40562
    endloop
  endfacet
  facet normal 0.99518 -0.0980642 -5.03554e-07
    outer loop
      vertex -4.47602 0.439992 4.35793
      vertex -4.4615 0.587367 0
      vertex -4.46553 0.546447 4.39022
    endloop
  endfacet
  facet normal 0.995185 -0.0980132 1.23605e-06
    outer loop
      vertex -4.48669 0.331653 4.33266
      vertex -4.4615 0.587367 0
      vertex -4.47602 0.439992 4.35793
    endloop
  endfacet
  facet normal 0.995179 -0.0980782 -2.63737e-06
    outer loop
      vertex -4.49037 0.294313 4.3265
      vertex -4.4615 0.587367 0
      vertex -4.48669 0.331653 4.33266
    endloop
  endfacet
  facet normal 0.995183 -0.0980397 0
    outer loop
      vertex -4.4615 0.587367 0
      vertex -4.49037 0.294313 4.3265
      vertex -4.49037 0.294313 0
    endloop
  endfacet
  facet normal 0.995185 -0.0980107 0
    outer loop
      vertex -4.46553 0.546447 11.3902
      vertex -4.4615 0.587367 7.59438
      vertex -4.4615 0.587367 11.4056
    endloop
  endfacet
  facet normal 0.995185 -0.0980107 0
    outer loop
      vertex -4.46553 0.546447 11.3902
      vertex -4.46553 0.546447 7.60978
      vertex -4.4615 0.587367 7.59438
    endloop
  endfacet
  facet normal 0.99518 -0.0980643 0
    outer loop
      vertex -4.47602 0.439992 11.3579
      vertex -4.46553 0.546447 7.60978
      vertex -4.46553 0.546447 11.3902
    endloop
  endfacet
  facet normal 0.99518 -0.0980643 0
    outer loop
      vertex -4.47602 0.439992 11.3579
      vertex -4.47602 0.439992 7.64207
      vertex -4.46553 0.546447 7.60978
    endloop
  endfacet
  facet normal 0.995185 -0.098013 0
    outer loop
      vertex -4.48669 0.331653 11.3327
      vertex -4.47602 0.439992 7.64207
      vertex -4.47602 0.439992 11.3579
    endloop
  endfacet
  facet normal 0.995185 -0.098013 0
    outer loop
      vertex -4.48669 0.331653 11.3327
      vertex -4.48669 0.331653 7.66733
      vertex -4.47602 0.439992 7.64207
    endloop
  endfacet
  facet normal 0.995179 -0.0980787 0
    outer loop
      vertex -4.49037 0.294313 11.3265
      vertex -4.48669 0.331653 7.66733
      vertex -4.48669 0.331653 11.3327
    endloop
  endfacet
  facet normal 0.995179 -0.0980787 0
    outer loop
      vertex -4.48669 0.331653 7.66733
      vertex -4.49037 0.294313 11.3265
      vertex -4.49037 0.294313 7.6735
    endloop
  endfacet
  facet normal 0.995185 -0.0980107 0
    outer loop
      vertex -4.46553 0.546447 18.3902
      vertex -4.4615 0.587367 14.5944
      vertex -4.4615 0.587367 18.4056
    endloop
  endfacet
  facet normal 0.995185 -0.0980107 0
    outer loop
      vertex -4.46553 0.546447 18.3902
      vertex -4.46553 0.546447 14.6098
      vertex -4.4615 0.587367 14.5944
    endloop
  endfacet
  facet normal 0.99518 -0.0980643 0
    outer loop
      vertex -4.47602 0.439992 18.3579
      vertex -4.46553 0.546447 14.6098
      vertex -4.46553 0.546447 18.3902
    endloop
  endfacet
  facet normal 0.99518 -0.0980643 0
    outer loop
      vertex -4.47602 0.439992 18.3579
      vertex -4.47602 0.439992 14.6421
      vertex -4.46553 0.546447 14.6098
    endloop
  endfacet
  facet normal 0.995185 -0.098013 0
    outer loop
      vertex -4.48669 0.331653 18.3327
      vertex -4.47602 0.439992 14.6421
      vertex -4.47602 0.439992 18.3579
    endloop
  endfacet
  facet normal 0.995185 -0.098013 0
    outer loop
      vertex -4.48669 0.331653 18.3327
      vertex -4.48669 0.331653 14.6673
      vertex -4.47602 0.439992 14.6421
    endloop
  endfacet
  facet normal 0.995179 -0.0980787 0
    outer loop
      vertex -4.49037 0.294313 18.3265
      vertex -4.48669 0.331653 14.6673
      vertex -4.48669 0.331653 18.3327
    endloop
  endfacet
  facet normal 0.995179 -0.0980787 0
    outer loop
      vertex -4.48669 0.331653 14.6673
      vertex -4.49037 0.294313 18.3265
      vertex -4.49037 0.294313 14.6735
    endloop
  endfacet
  facet normal 0.995185 -0.0980107 0
    outer loop
      vertex -4.46553 0.546447 25.3902
      vertex -4.4615 0.587367 21.5944
      vertex -4.4615 0.587367 25.4056
    endloop
  endfacet
  facet normal 0.995185 -0.0980107 0
    outer loop
      vertex -4.46553 0.546447 25.3902
      vertex -4.46553 0.546447 21.6098
      vertex -4.4615 0.587367 21.5944
    endloop
  endfacet
  facet normal 0.99518 -0.0980643 0
    outer loop
      vertex -4.47602 0.439992 25.3579
      vertex -4.46553 0.546447 21.6098
      vertex -4.46553 0.546447 25.3902
    endloop
  endfacet
  facet normal 0.99518 -0.0980643 0
    outer loop
      vertex -4.47602 0.439992 25.3579
      vertex -4.47602 0.439992 21.6421
      vertex -4.46553 0.546447 21.6098
    endloop
  endfacet
  facet normal 0.995185 -0.098013 0
    outer loop
      vertex -4.48669 0.331653 25.3327
      vertex -4.47602 0.439992 21.6421
      vertex -4.47602 0.439992 25.3579
    endloop
  endfacet
  facet normal 0.995185 -0.098013 0
    outer loop
      vertex -4.48669 0.331653 25.3327
      vertex -4.48669 0.331653 21.6673
      vertex -4.47602 0.439992 21.6421
    endloop
  endfacet
  facet normal 0.995179 -0.0980787 0
    outer loop
      vertex -4.49037 0.294313 25.3265
      vertex -4.48669 0.331653 21.6673
      vertex -4.48669 0.331653 25.3327
    endloop
  endfacet
  facet normal 0.995179 -0.0980787 0
    outer loop
      vertex -4.48669 0.331653 21.6673
      vertex -4.49037 0.294313 25.3265
      vertex -4.49037 0.294313 21.6735
    endloop
  endfacet
  facet normal 0.881911 -0.471416 0
    outer loop
      vertex -4.03593 1.9903 93
      vertex -3.89711 2.25 0
      vertex -3.89711 2.25 93
    endloop
  endfacet
  facet normal 0.881911 -0.471416 0
    outer loop
      vertex -3.89711 2.25 0
      vertex -4.03593 1.9903 93
      vertex -4.03593 1.9903 0
    endloop
  endfacet
  facet normal 0.773012 -0.634391 0
    outer loop
      vertex -3.57009 2.73943 93
      vertex -3.38328 2.96706 0
      vertex -3.38328 2.96706 93
    endloop
  endfacet
  facet normal 0.773012 -0.634391 0
    outer loop
      vertex -3.38328 2.96706 0
      vertex -3.57009 2.73943 93
      vertex -3.57009 2.73943 0
    endloop
  endfacet
  facet normal 0.290316 -0.956931 0
    outer loop
      vertex -1.44648 4.26118 0
      vertex -1.16469 4.34667 93
      vertex -1.44648 4.26118 93
    endloop
  endfacet
  facet normal 0.290316 -0.956931 0
    outer loop
      vertex -1.16469 4.34667 93
      vertex -1.44648 4.26118 0
      vertex -1.16469 4.34667 0
    endloop
  endfacet
  facet normal 0.0980397 -0.995183 0
    outer loop
      vertex -0.587367 4.4615 0
      vertex -0.294313 4.49037 93
      vertex -0.587367 4.4615 93
    endloop
  endfacet
  facet normal 0.0980397 -0.995183 0
    outer loop
      vertex -0.294313 4.49037 93
      vertex -0.587367 4.4615 0
      vertex -0.294313 4.49037 0
    endloop
  endfacet
  facet normal 0.412697 -0.910868 0
    outer loop
      vertex -1.9903 4.03593 0
      vertex -1.72207 4.15746 93
      vertex -1.9903 4.03593 93
    endloop
  endfacet
  facet normal 0.412697 -0.910868 0
    outer loop
      vertex -1.72207 4.15746 93
      vertex -1.9903 4.03593 0
      vertex -1.72207 4.15746 0
    endloop
  endfacet
  facet normal 0.634391 -0.773012 0
    outer loop
      vertex -2.96706 3.38328 0
      vertex -2.73943 3.57009 93
      vertex -2.96706 3.38328 93
    endloop
  endfacet
  facet normal 0.634391 -0.773012 0
    outer loop
      vertex -2.73943 3.57009 93
      vertex -2.96706 3.38328 0
      vertex -2.73943 3.57009 0
    endloop
  endfacet
  facet normal 0.582471 -0.812851 0
    outer loop
      vertex -2.73943 3.57009 0
      vertex -2.50007 3.74161 93
      vertex -2.73943 3.57009 93
    endloop
  endfacet
  facet normal 0.582471 -0.812851 0
    outer loop
      vertex -2.50007 3.74161 93
      vertex -2.73943 3.57009 0
      vertex -2.50007 3.74161 0
    endloop
  endfacet
  facet normal -0.935911 0.352236 0
    outer loop
      vertex 4.15746 -1.72207 0
      vertex 4.26118 -1.44648 5.10857
      vertex 4.26118 -1.44648 0
    endloop
  endfacet
  facet normal -0.935966 0.352091 8.90125e-06
    outer loop
      vertex 4.26118 -1.44648 5.10857
      vertex 4.15746 -1.72207 0
      vertex 4.25149 -1.47224 5.15
    endloop
  endfacet
  facet normal -0.93589 0.352293 -2.25889e-06
    outer loop
      vertex 4.25149 -1.47224 5.15
      vertex 4.15746 -1.72207 0
      vertex 4.23175 -1.52468 5.24811
    endloop
  endfacet
  facet normal -0.935902 0.352261 -8.79799e-07
    outer loop
      vertex 4.23175 -1.52468 5.24811
      vertex 4.15746 -1.72207 0
      vertex 4.21447 -1.57059 5.34944
    endloop
  endfacet
  facet normal -0.935907 0.352248 -4.48823e-07
    outer loop
      vertex 4.21447 -1.57059 5.34944
      vertex 4.15746 -1.72207 0
      vertex 4.19972 -1.60978 5.45355
    endloop
  endfacet
  facet normal -0.935934 0.352175 1.25372e-06
    outer loop
      vertex 4.19972 -1.60978 5.45355
      vertex 4.15746 -1.72207 0
      vertex 4.18757 -1.64207 5.56001
    endloop
  endfacet
  facet normal -0.935874 0.352336 -1.38957e-06
    outer loop
      vertex 4.18757 -1.64207 5.56001
      vertex 4.15746 -1.72207 0
      vertex 4.17806 -1.66733 5.66835
    endloop
  endfacet
  facet normal -0.935965 0.352092 1.30102e-06
    outer loop
      vertex 4.17806 -1.66733 5.66835
      vertex 4.15746 -1.72207 0
      vertex 4.17124 -1.68546 5.7781
    endloop
  endfacet
  facet normal 0 0 0
    outer loop
      vertex 4.16577 -1.7 6
      vertex 4.16577 -1.7 20
      vertex 4.16577 -1.7 13
    endloop
  endfacet
  facet normal 0 0 0
    outer loop
      vertex 4.16577 -1.7 6
      vertex 4.16577 -1.7 27
      vertex 4.16577 -1.7 20
    endloop
  endfacet
  facet normal -0.935858 0.352378 0
    outer loop
      vertex 4.16577 -1.7 6
      vertex 4.15746 -1.72207 0
      vertex 4.16577 -1.7 27
    endloop
  endfacet
  facet normal -0.935901 0.352263 4.8155e-07
    outer loop
      vertex 4.16714 -1.69636 5.88881
      vertex 4.15746 -1.72207 0
      vertex 4.16577 -1.7 6
    endloop
  endfacet
  facet normal -0.935971 0.352077 1.41022e-06
    outer loop
      vertex 4.17124 -1.68546 5.7781
      vertex 4.15746 -1.72207 0
      vertex 4.16714 -1.69636 5.88881
    endloop
  endfacet
  facet normal -0.93597 0.352079 0
    outer loop
      vertex 4.25149 -1.47224 6.85
      vertex 4.26118 -1.44648 12.1086
      vertex 4.26118 -1.44648 6.89143
    endloop
  endfacet
  facet normal -0.93597 0.352079 0
    outer loop
      vertex 4.25149 -1.47224 6.85
      vertex 4.25149 -1.47224 12.15
      vertex 4.26118 -1.44648 12.1086
    endloop
  endfacet
  facet normal -0.935888 0.352297 0
    outer loop
      vertex 4.23175 -1.52468 6.75189
      vertex 4.25149 -1.47224 12.15
      vertex 4.25149 -1.47224 6.85
    endloop
  endfacet
  facet normal -0.935888 0.352297 0
    outer loop
      vertex 4.23175 -1.52468 6.75189
      vertex 4.23175 -1.52468 12.2481
      vertex 4.25149 -1.47224 12.15
    endloop
  endfacet
  facet normal -0.935901 0.352263 0
    outer loop
      vertex 4.21447 -1.57059 6.65056
      vertex 4.23175 -1.52468 12.2481
      vertex 4.23175 -1.52468 6.75189
    endloop
  endfacet
  facet normal -0.935901 0.352263 0
    outer loop
      vertex 4.21447 -1.57059 6.65056
      vertex 4.21447 -1.57059 12.3494
      vertex 4.23175 -1.52468 12.2481
    endloop
  endfacet
  facet normal -0.935906 0.352249 0
    outer loop
      vertex 4.19972 -1.60978 6.54645
      vertex 4.21447 -1.57059 12.3494
      vertex 4.21447 -1.57059 6.65056
    endloop
  endfacet
  facet normal -0.935906 0.352249 0
    outer loop
      vertex 4.19972 -1.60978 6.54645
      vertex 4.19972 -1.60978 12.4536
      vertex 4.21447 -1.57059 12.3494
    endloop
  endfacet
  facet normal -0.935936 0.352171 0
    outer loop
      vertex 4.18757 -1.64207 6.43999
      vertex 4.19972 -1.60978 12.4536
      vertex 4.19972 -1.60978 6.54645
    endloop
  endfacet
  facet normal -0.935936 0.352171 0
    outer loop
      vertex 4.18757 -1.64207 6.43999
      vertex 4.18757 -1.64207 12.56
      vertex 4.19972 -1.60978 12.4536
    endloop
  endfacet
  facet normal -0.935872 0.352341 0
    outer loop
      vertex 4.17806 -1.66733 6.33165
      vertex 4.18757 -1.64207 12.56
      vertex 4.18757 -1.64207 6.43999
    endloop
  endfacet
  facet normal -0.935872 0.352341 0
    outer loop
      vertex 4.17806 -1.66733 6.33165
      vertex 4.17806 -1.66733 12.6683
      vertex 4.18757 -1.64207 12.56
    endloop
  endfacet
  facet normal -0.935968 0.352085 0
    outer loop
      vertex 4.17124 -1.68546 6.22189
      vertex 4.17806 -1.66733 12.6683
      vertex 4.17806 -1.66733 6.33165
    endloop
  endfacet
  facet normal -0.935968 0.352085 0
    outer loop
      vertex 4.17124 -1.68546 6.22189
      vertex 4.17124 -1.68546 12.7781
      vertex 4.17806 -1.66733 12.6683
    endloop
  endfacet
  facet normal -0.935976 0.352064 0
    outer loop
      vertex 4.16714 -1.69636 6.11119
      vertex 4.17124 -1.68546 12.7781
      vertex 4.17124 -1.68546 6.22189
    endloop
  endfacet
  facet normal -0.935976 0.352064 0
    outer loop
      vertex 4.16714 -1.69636 6.11119
      vertex 4.16714 -1.69636 12.8888
      vertex 4.17124 -1.68546 12.7781
    endloop
  endfacet
  facet normal -0.935906 0.35225 0
    outer loop
      vertex 4.16577 -1.7 6
      vertex 4.16714 -1.69636 12.8888
      vertex 4.16714 -1.69636 6.11119
    endloop
  endfacet
  facet normal -0.935906 0.35225 0
    outer loop
      vertex 4.16714 -1.69636 12.8888
      vertex 4.16577 -1.7 6
      vertex 4.16577 -1.7 13
    endloop
  endfacet
  facet normal -0.93597 0.352079 0
    outer loop
      vertex 4.25149 -1.47224 13.85
      vertex 4.26118 -1.44648 19.1086
      vertex 4.26118 -1.44648 13.8914
    endloop
  endfacet
  facet normal -0.93597 0.352079 0
    outer loop
      vertex 4.25149 -1.47224 13.85
      vertex 4.25149 -1.47224 19.15
      vertex 4.26118 -1.44648 19.1086
    endloop
  endfacet
  facet normal -0.935888 0.352297 0
    outer loop
      vertex 4.23175 -1.52468 13.7519
      vertex 4.25149 -1.47224 19.15
      vertex 4.25149 -1.47224 13.85
    endloop
  endfacet
  facet normal -0.935888 0.352297 0
    outer loop
      vertex 4.23175 -1.52468 13.7519
      vertex 4.23175 -1.52468 19.2481
      vertex 4.25149 -1.47224 19.15
    endloop
  endfacet
  facet normal -0.935901 0.352263 0
    outer loop
      vertex 4.21447 -1.57059 13.6506
      vertex 4.23175 -1.52468 19.2481
      vertex 4.23175 -1.52468 13.7519
    endloop
  endfacet
  facet normal -0.935901 0.352263 0
    outer loop
      vertex 4.21447 -1.57059 13.6506
      vertex 4.21447 -1.57059 19.3494
      vertex 4.23175 -1.52468 19.2481
    endloop
  endfacet
  facet normal -0.935906 0.352249 0
    outer loop
      vertex 4.19972 -1.60978 13.5464
      vertex 4.21447 -1.57059 19.3494
      vertex 4.21447 -1.57059 13.6506
    endloop
  endfacet
  facet normal -0.935906 0.352249 0
    outer loop
      vertex 4.19972 -1.60978 13.5464
      vertex 4.19972 -1.60978 19.4536
      vertex 4.21447 -1.57059 19.3494
    endloop
  endfacet
  facet normal -0.935936 0.352171 0
    outer loop
      vertex 4.18757 -1.64207 13.44
      vertex 4.19972 -1.60978 19.4536
      vertex 4.19972 -1.60978 13.5464
    endloop
  endfacet
  facet normal -0.935936 0.352171 0
    outer loop
      vertex 4.18757 -1.64207 13.44
      vertex 4.18757 -1.64207 19.56
      vertex 4.19972 -1.60978 19.4536
    endloop
  endfacet
  facet normal -0.935872 0.352341 0
    outer loop
      vertex 4.17806 -1.66733 13.3317
      vertex 4.18757 -1.64207 19.56
      vertex 4.18757 -1.64207 13.44
    endloop
  endfacet
  facet normal -0.935872 0.352341 0
    outer loop
      vertex 4.17806 -1.66733 13.3317
      vertex 4.17806 -1.66733 19.6683
      vertex 4.18757 -1.64207 19.56
    endloop
  endfacet
  facet normal -0.935968 0.352085 0
    outer loop
      vertex 4.17124 -1.68546 13.2219
      vertex 4.17806 -1.66733 19.6683
      vertex 4.17806 -1.66733 13.3317
    endloop
  endfacet
  facet normal -0.935968 0.352085 0
    outer loop
      vertex 4.17124 -1.68546 13.2219
      vertex 4.17124 -1.68546 19.7781
      vertex 4.17806 -1.66733 19.6683
    endloop
  endfacet
  facet normal -0.935976 0.352064 0
    outer loop
      vertex 4.16714 -1.69636 13.1112
      vertex 4.17124 -1.68546 19.7781
      vertex 4.17124 -1.68546 13.2219
    endloop
  endfacet
  facet normal -0.935976 0.352064 0
    outer loop
      vertex 4.16714 -1.69636 13.1112
      vertex 4.16714 -1.69636 19.8888
      vertex 4.17124 -1.68546 19.7781
    endloop
  endfacet
  facet normal -0.935906 0.35225 0
    outer loop
      vertex 4.16577 -1.7 13
      vertex 4.16714 -1.69636 19.8888
      vertex 4.16714 -1.69636 13.1112
    endloop
  endfacet
  facet normal -0.935906 0.35225 0
    outer loop
      vertex 4.16714 -1.69636 19.8888
      vertex 4.16577 -1.7 13
      vertex 4.16577 -1.7 20
    endloop
  endfacet
  facet normal -0.93597 0.352079 0
    outer loop
      vertex 4.25149 -1.47224 20.85
      vertex 4.26118 -1.44648 26.1086
      vertex 4.26118 -1.44648 20.8914
    endloop
  endfacet
  facet normal -0.93597 0.352079 0
    outer loop
      vertex 4.25149 -1.47224 20.85
      vertex 4.25149 -1.47224 26.15
      vertex 4.26118 -1.44648 26.1086
    endloop
  endfacet
  facet normal -0.935888 0.352297 0
    outer loop
      vertex 4.23175 -1.52468 20.7519
      vertex 4.25149 -1.47224 26.15
      vertex 4.25149 -1.47224 20.85
    endloop
  endfacet
  facet normal -0.935888 0.352297 0
    outer loop
      vertex 4.23175 -1.52468 20.7519
      vertex 4.23175 -1.52468 26.2481
      vertex 4.25149 -1.47224 26.15
    endloop
  endfacet
  facet normal -0.935901 0.352263 0
    outer loop
      vertex 4.21447 -1.57059 20.6506
      vertex 4.23175 -1.52468 26.2481
      vertex 4.23175 -1.52468 20.7519
    endloop
  endfacet
  facet normal -0.935901 0.352263 0
    outer loop
      vertex 4.21447 -1.57059 20.6506
      vertex 4.21447 -1.57059 26.3494
      vertex 4.23175 -1.52468 26.2481
    endloop
  endfacet
  facet normal -0.935906 0.352249 0
    outer loop
      vertex 4.19972 -1.60978 20.5464
      vertex 4.21447 -1.57059 26.3494
      vertex 4.21447 -1.57059 20.6506
    endloop
  endfacet
  facet normal -0.935906 0.352249 0
    outer loop
      vertex 4.19972 -1.60978 20.5464
      vertex 4.19972 -1.60978 26.4536
      vertex 4.21447 -1.57059 26.3494
    endloop
  endfacet
  facet normal -0.935936 0.352171 0
    outer loop
      vertex 4.18757 -1.64207 20.44
      vertex 4.19972 -1.60978 26.4536
      vertex 4.19972 -1.60978 20.5464
    endloop
  endfacet
  facet normal -0.935936 0.352171 0
    outer loop
      vertex 4.18757 -1.64207 20.44
      vertex 4.18757 -1.64207 26.56
      vertex 4.19972 -1.60978 26.4536
    endloop
  endfacet
  facet normal -0.935872 0.352341 0
    outer loop
      vertex 4.17806 -1.66733 20.3317
      vertex 4.18757 -1.64207 26.56
      vertex 4.18757 -1.64207 20.44
    endloop
  endfacet
  facet normal -0.935872 0.352341 0
    outer loop
      vertex 4.17806 -1.66733 20.3317
      vertex 4.17806 -1.66733 26.6683
      vertex 4.18757 -1.64207 26.56
    endloop
  endfacet
  facet normal -0.935968 0.352085 0
    outer loop
      vertex 4.17124 -1.68546 20.2219
      vertex 4.17806 -1.66733 26.6683
      vertex 4.17806 -1.66733 20.3317
    endloop
  endfacet
  facet normal -0.935968 0.352085 0
    outer loop
      vertex 4.17124 -1.68546 20.2219
      vertex 4.17124 -1.68546 26.7781
      vertex 4.17806 -1.66733 26.6683
    endloop
  endfacet
  facet normal -0.935976 0.352064 0
    outer loop
      vertex 4.16714 -1.69636 20.1112
      vertex 4.17124 -1.68546 26.7781
      vertex 4.17124 -1.68546 20.2219
    endloop
  endfacet
  facet normal -0.935976 0.352064 0
    outer loop
      vertex 4.16714 -1.69636 20.1112
      vertex 4.16714 -1.69636 26.8888
      vertex 4.17124 -1.68546 26.7781
    endloop
  endfacet
  facet normal -0.935906 0.35225 0
    outer loop
      vertex 4.16577 -1.7 20
      vertex 4.16714 -1.69636 26.8888
      vertex 4.16714 -1.69636 20.1112
    endloop
  endfacet
  facet normal -0.935906 0.35225 0
    outer loop
      vertex 4.16714 -1.69636 26.8888
      vertex 4.16577 -1.7 20
      vertex 4.16577 -1.7 27
    endloop
  endfacet
  facet normal -0.93597 0.35208 -7.53883e-07
    outer loop
      vertex 4.15746 -1.72207 93
      vertex 4.26118 -1.44648 27.8914
      vertex 4.25149 -1.47224 27.85
    endloop
  endfacet
  facet normal -0.935889 0.352296 1.9338e-07
    outer loop
      vertex 4.15746 -1.72207 93
      vertex 4.25149 -1.47224 27.85
      vertex 4.23175 -1.52468 27.7519
    endloop
  endfacet
  facet normal -0.935901 0.352262 7.61313e-08
    outer loop
      vertex 4.15746 -1.72207 93
      vertex 4.23175 -1.52468 27.7519
      vertex 4.21447 -1.57059 27.6506
    endloop
  endfacet
  facet normal -0.935907 0.352248 3.9262e-08
    outer loop
      vertex 4.15746 -1.72207 93
      vertex 4.21447 -1.57059 27.6506
      vertex 4.19972 -1.60978 27.5464
    endloop
  endfacet
  facet normal -0.935935 0.352172 -1.10924e-07
    outer loop
      vertex 4.15746 -1.72207 93
      vertex 4.19972 -1.60978 27.5464
      vertex 4.18757 -1.64207 27.44
    endloop
  endfacet
  facet normal -0.935872 0.352341 1.24467e-07
    outer loop
      vertex 4.15746 -1.72207 93
      vertex 4.18757 -1.64207 27.44
      vertex 4.17806 -1.66733 27.3317
    endloop
  endfacet
  facet normal -0.935968 0.352086 -1.18269e-07
    outer loop
      vertex 4.15746 -1.72207 93
      vertex 4.17806 -1.66733 27.3317
      vertex 4.17124 -1.68546 27.2219
    endloop
  endfacet
  facet normal -0.935975 0.352065 -1.31108e-07
    outer loop
      vertex 4.15746 -1.72207 93
      vertex 4.17124 -1.68546 27.2219
      vertex 4.16714 -1.69636 27.1112
    endloop
  endfacet
  facet normal -0.935905 0.352252 -4.82039e-08
    outer loop
      vertex 4.15746 -1.72207 93
      vertex 4.16714 -1.69636 27.1112
      vertex 4.16577 -1.7 27
    endloop
  endfacet
  facet normal -0.935911 0.352236 0
    outer loop
      vertex 4.26118 -1.44648 27.8914
      vertex 4.15746 -1.72207 93
      vertex 4.26118 -1.44648 93
    endloop
  endfacet
  facet normal -0.935858 0.352378 0
    outer loop
      vertex 4.15746 -1.72207 93
      vertex 4.16577 -1.7 27
      vertex 4.15746 -1.72207 0
    endloop
  endfacet
  facet normal -0.986652 0.162844 -2.64854e-07
    outer loop
      vertex 4.41353 -0.877906 93
      vertex 4.4615 -0.587367 28.5944
      vertex 4.45107 -0.650561 28.5706
    endloop
  endfacet
  facet normal -0.986643 0.1629 -6.16836e-08
    outer loop
      vertex 4.41353 -0.877906 93
      vertex 4.45107 -0.650561 28.5706
      vertex 4.43434 -0.75189 28.5247
    endloop
  endfacet
  facet normal -0.98664 0.162916 -2.94626e-08
    outer loop
      vertex 4.41353 -0.877906 93
      vertex 4.43434 -0.75189 28.5247
      vertex 4.41814 -0.849999 28.4722
    endloop
  endfacet
  facet normal -0.986629 0.162983 0
    outer loop
      vertex 4.41353 -0.877906 93
      vertex 4.41814 -0.849999 28.4722
      vertex 4.41353 -0.877906 28.4549
    endloop
  endfacet
  facet normal -0.986642 0.162901 0
    outer loop
      vertex 4.4615 -0.587367 28.5944
      vertex 4.41353 -0.877906 93
      vertex 4.4615 -0.587367 93
    endloop
  endfacet
  facet normal -0.986642 0.162901 0
    outer loop
      vertex 4.41353 -0.877906 0
      vertex 4.4615 -0.587367 4.40562
      vertex 4.4615 -0.587367 0
    endloop
  endfacet
  facet normal -0.986652 0.162846 3.78456e-06
    outer loop
      vertex 4.4615 -0.587367 4.40562
      vertex 4.41353 -0.877906 0
      vertex 4.45107 -0.650561 4.4294
    endloop
  endfacet
  facet normal -0.986642 0.162901 8.78247e-07
    outer loop
      vertex 4.45107 -0.650561 4.4294
      vertex 4.41353 -0.877906 0
      vertex 4.43434 -0.75189 4.47532
    endloop
  endfacet
  facet normal -0.98664 0.162917 4.18607e-07
    outer loop
      vertex 4.43434 -0.75189 4.47532
      vertex 4.41353 -0.877906 0
      vertex 4.41814 -0.849999 4.52776
    endloop
  endfacet
  facet normal -0.986629 0.162983 0
    outer loop
      vertex 4.41814 -0.849999 4.52776
      vertex 4.41353 -0.877906 0
      vertex 4.41353 -0.877906 4.54511
    endloop
  endfacet
  facet normal -0.986652 0.162844 0
    outer loop
      vertex 4.45107 -0.650561 7.57059
      vertex 4.4615 -0.587367 11.4056
      vertex 4.4615 -0.587367 7.59438
    endloop
  endfacet
  facet normal -0.986652 0.162844 0
    outer loop
      vertex 4.45107 -0.650561 7.57059
      vertex 4.45107 -0.650561 11.4294
      vertex 4.4615 -0.587367 11.4056
    endloop
  endfacet
  facet normal -0.986643 0.1629 0
    outer loop
      vertex 4.43434 -0.75189 7.52468
      vertex 4.45107 -0.650561 11.4294
      vertex 4.45107 -0.650561 7.57059
    endloop
  endfacet
  facet normal -0.986643 0.1629 0
    outer loop
      vertex 4.43434 -0.75189 7.52468
      vertex 4.43434 -0.75189 11.4753
      vertex 4.45107 -0.650561 11.4294
    endloop
  endfacet
  facet normal -0.98664 0.162916 0
    outer loop
      vertex 4.41814 -0.849999 7.47224
      vertex 4.43434 -0.75189 11.4753
      vertex 4.43434 -0.75189 7.52468
    endloop
  endfacet
  facet normal -0.98664 0.162916 0
    outer loop
      vertex 4.41814 -0.849999 7.47224
      vertex 4.41814 -0.849999 11.5278
      vertex 4.43434 -0.75189 11.4753
    endloop
  endfacet
  facet normal -0.986629 0.162983 0
    outer loop
      vertex 4.41353 -0.877906 7.45489
      vertex 4.41814 -0.849999 11.5278
      vertex 4.41814 -0.849999 7.47224
    endloop
  endfacet
  facet normal -0.986629 0.162983 0
    outer loop
      vertex 4.41814 -0.849999 11.5278
      vertex 4.41353 -0.877906 7.45489
      vertex 4.41353 -0.877906 11.5451
    endloop
  endfacet
  facet normal -0.986652 0.162844 0
    outer loop
      vertex 4.45107 -0.650561 14.5706
      vertex 4.4615 -0.587367 18.4056
      vertex 4.4615 -0.587367 14.5944
    endloop
  endfacet
  facet normal -0.986652 0.162844 0
    outer loop
      vertex 4.45107 -0.650561 14.5706
      vertex 4.45107 -0.650561 18.4294
      vertex 4.4615 -0.587367 18.4056
    endloop
  endfacet
  facet normal -0.986643 0.1629 0
    outer loop
      vertex 4.43434 -0.75189 14.5247
      vertex 4.45107 -0.650561 18.4294
      vertex 4.45107 -0.650561 14.5706
    endloop
  endfacet
  facet normal -0.986643 0.1629 0
    outer loop
      vertex 4.43434 -0.75189 14.5247
      vertex 4.43434 -0.75189 18.4753
      vertex 4.45107 -0.650561 18.4294
    endloop
  endfacet
  facet normal -0.98664 0.162916 0
    outer loop
      vertex 4.41814 -0.849999 14.4722
      vertex 4.43434 -0.75189 18.4753
      vertex 4.43434 -0.75189 14.5247
    endloop
  endfacet
  facet normal -0.98664 0.162916 0
    outer loop
      vertex 4.41814 -0.849999 14.4722
      vertex 4.41814 -0.849999 18.5278
      vertex 4.43434 -0.75189 18.4753
    endloop
  endfacet
  facet normal -0.986629 0.162983 0
    outer loop
      vertex 4.41353 -0.877906 14.4549
      vertex 4.41814 -0.849999 18.5278
      vertex 4.41814 -0.849999 14.4722
    endloop
  endfacet
  facet normal -0.986629 0.162983 0
    outer loop
      vertex 4.41814 -0.849999 18.5278
      vertex 4.41353 -0.877906 14.4549
      vertex 4.41353 -0.877906 18.5451
    endloop
  endfacet
  facet normal -0.986652 0.162844 0
    outer loop
      vertex 4.45107 -0.650561 21.5706
      vertex 4.4615 -0.587367 25.4056
      vertex 4.4615 -0.587367 21.5944
    endloop
  endfacet
  facet normal -0.986652 0.162844 0
    outer loop
      vertex 4.45107 -0.650561 21.5706
      vertex 4.45107 -0.650561 25.4294
      vertex 4.4615 -0.587367 25.4056
    endloop
  endfacet
  facet normal -0.986643 0.1629 0
    outer loop
      vertex 4.43434 -0.75189 21.5247
      vertex 4.45107 -0.650561 25.4294
      vertex 4.45107 -0.650561 21.5706
    endloop
  endfacet
  facet normal -0.986643 0.1629 0
    outer loop
      vertex 4.43434 -0.75189 21.5247
      vertex 4.43434 -0.75189 25.4753
      vertex 4.45107 -0.650561 25.4294
    endloop
  endfacet
  facet normal -0.98664 0.162916 0
    outer loop
      vertex 4.41814 -0.849999 21.4722
      vertex 4.43434 -0.75189 25.4753
      vertex 4.43434 -0.75189 21.5247
    endloop
  endfacet
  facet normal -0.98664 0.162916 0
    outer loop
      vertex 4.41814 -0.849999 21.4722
      vertex 4.41814 -0.849999 25.5278
      vertex 4.43434 -0.75189 25.4753
    endloop
  endfacet
  facet normal -0.986629 0.162983 0
    outer loop
      vertex 4.41353 -0.877906 21.4549
      vertex 4.41814 -0.849999 25.5278
      vertex 4.41814 -0.849999 21.4722
    endloop
  endfacet
  facet normal -0.986629 0.162983 0
    outer loop
      vertex 4.41814 -0.849999 25.5278
      vertex 4.41353 -0.877906 21.4549
      vertex 4.41353 -0.877906 25.5451
    endloop
  endfacet
  facet normal -0.973877 0.227075 1.24864e-07
    outer loop
      vertex 4.34667 -1.16469 93
      vertex 4.41353 -0.877906 28.4549
      vertex 4.39801 -0.944468 28.4135
    endloop
  endfacet
  facet normal -0.973885 0.227041 2.37553e-09
    outer loop
      vertex 4.34667 -1.16469 93
      vertex 4.39801 -0.944468 28.4135
      vertex 4.37693 -1.03489 28.3487
    endloop
  endfacet
  facet normal -0.973883 0.227051 2.27331e-08
    outer loop
      vertex 4.34667 -1.16469 93
      vertex 4.37693 -1.03489 28.3487
      vertex 4.35688 -1.12089 28.2781
    endloop
  endfacet
  facet normal -0.97389 0.227019 0
    outer loop
      vertex 4.34667 -1.16469 93
      vertex 4.35688 -1.12089 28.2781
      vertex 4.34667 -1.16469 28.2371
    endloop
  endfacet
  facet normal -0.973883 0.227048 0
    outer loop
      vertex 4.41353 -0.877906 28.4549
      vertex 4.34667 -1.16469 93
      vertex 4.41353 -0.877906 93
    endloop
  endfacet
  facet normal -0.973883 0.227048 0
    outer loop
      vertex 4.34667 -1.16469 0
      vertex 4.41353 -0.877906 4.54511
      vertex 4.41353 -0.877906 0
    endloop
  endfacet
  facet normal -0.973877 0.227074 -1.71097e-06
    outer loop
      vertex 4.41353 -0.877906 4.54511
      vertex 4.34667 -1.16469 0
      vertex 4.39801 -0.944468 4.5865
    endloop
  endfacet
  facet normal -0.973885 0.227041 -3.24181e-08
    outer loop
      vertex 4.39801 -0.944468 4.5865
      vertex 4.34667 -1.16469 0
      vertex 4.37693 -1.03489 4.6513
    endloop
  endfacet
  facet normal -0.973883 0.22705 -3.09417e-07
    outer loop
      vertex 4.37693 -1.03489 4.6513
      vertex 4.34667 -1.16469 0
      vertex 4.35688 -1.12089 4.72187
    endloop
  endfacet
  facet normal -0.97389 0.227019 0
    outer loop
      vertex 4.35688 -1.12089 4.72187
      vertex 4.34667 -1.16469 0
      vertex 4.34667 -1.16469 4.76289
    endloop
  endfacet
  facet normal -0.973877 0.227075 0
    outer loop
      vertex 4.39801 -0.944468 7.4135
      vertex 4.41353 -0.877906 11.5451
      vertex 4.41353 -0.877906 7.45489
    endloop
  endfacet
  facet normal -0.973877 0.227075 0
    outer loop
      vertex 4.39801 -0.944468 7.4135
      vertex 4.39801 -0.944468 11.5865
      vertex 4.41353 -0.877906 11.5451
    endloop
  endfacet
  facet normal -0.973885 0.227041 0
    outer loop
      vertex 4.37693 -1.03489 7.3487
      vertex 4.39801 -0.944468 11.5865
      vertex 4.39801 -0.944468 7.4135
    endloop
  endfacet
  facet normal -0.973885 0.227041 0
    outer loop
      vertex 4.37693 -1.03489 7.3487
      vertex 4.37693 -1.03489 11.6513
      vertex 4.39801 -0.944468 11.5865
    endloop
  endfacet
  facet normal -0.973883 0.227051 0
    outer loop
      vertex 4.35688 -1.12089 7.27813
      vertex 4.37693 -1.03489 11.6513
      vertex 4.37693 -1.03489 7.3487
    endloop
  endfacet
  facet normal -0.973883 0.227051 0
    outer loop
      vertex 4.35688 -1.12089 7.27813
      vertex 4.35688 -1.12089 11.7219
      vertex 4.37693 -1.03489 11.6513
    endloop
  endfacet
  facet normal -0.97389 0.227019 0
    outer loop
      vertex 4.34667 -1.16469 7.23711
      vertex 4.35688 -1.12089 11.7219
      vertex 4.35688 -1.12089 7.27813
    endloop
  endfacet
  facet normal -0.97389 0.227019 0
    outer loop
      vertex 4.35688 -1.12089 11.7219
      vertex 4.34667 -1.16469 7.23711
      vertex 4.34667 -1.16469 11.7629
    endloop
  endfacet
  facet normal -0.973877 0.227075 0
    outer loop
      vertex 4.39801 -0.944468 14.4135
      vertex 4.41353 -0.877906 18.5451
      vertex 4.41353 -0.877906 14.4549
    endloop
  endfacet
  facet normal -0.973877 0.227075 0
    outer loop
      vertex 4.39801 -0.944468 14.4135
      vertex 4.39801 -0.944468 18.5865
      vertex 4.41353 -0.877906 18.5451
    endloop
  endfacet
  facet normal -0.973885 0.227041 0
    outer loop
      vertex 4.37693 -1.03489 14.3487
      vertex 4.39801 -0.944468 18.5865
      vertex 4.39801 -0.944468 14.4135
    endloop
  endfacet
  facet normal -0.973885 0.227041 0
    outer loop
      vertex 4.37693 -1.03489 14.3487
      vertex 4.37693 -1.03489 18.6513
      vertex 4.39801 -0.944468 18.5865
    endloop
  endfacet
  facet normal -0.973883 0.227051 0
    outer loop
      vertex 4.35688 -1.12089 14.2781
      vertex 4.37693 -1.03489 18.6513
      vertex 4.37693 -1.03489 14.3487
    endloop
  endfacet
  facet normal -0.973883 0.227051 0
    outer loop
      vertex 4.35688 -1.12089 14.2781
      vertex 4.35688 -1.12089 18.7219
      vertex 4.37693 -1.03489 18.6513
    endloop
  endfacet
  facet normal -0.97389 0.227019 0
    outer loop
      vertex 4.34667 -1.16469 14.2371
      vertex 4.35688 -1.12089 18.7219
      vertex 4.35688 -1.12089 14.2781
    endloop
  endfacet
  facet normal -0.97389 0.227019 0
    outer loop
      vertex 4.35688 -1.12089 18.7219
      vertex 4.34667 -1.16469 14.2371
      vertex 4.34667 -1.16469 18.7629
    endloop
  endfacet
  facet normal -0.973877 0.227075 0
    outer loop
      vertex 4.39801 -0.944468 21.4135
      vertex 4.41353 -0.877906 25.5451
      vertex 4.41353 -0.877906 21.4549
    endloop
  endfacet
  facet normal -0.973877 0.227075 0
    outer loop
      vertex 4.39801 -0.944468 21.4135
      vertex 4.39801 -0.944468 25.5865
      vertex 4.41353 -0.877906 25.5451
    endloop
  endfacet
  facet normal -0.973885 0.227041 0
    outer loop
      vertex 4.37693 -1.03489 21.3487
      vertex 4.39801 -0.944468 25.5865
      vertex 4.39801 -0.944468 21.4135
    endloop
  endfacet
  facet normal -0.973885 0.227041 0
    outer loop
      vertex 4.37693 -1.03489 21.3487
      vertex 4.37693 -1.03489 25.6513
      vertex 4.39801 -0.944468 25.5865
    endloop
  endfacet
  facet normal -0.973883 0.227051 0
    outer loop
      vertex 4.35688 -1.12089 21.2781
      vertex 4.37693 -1.03489 25.6513
      vertex 4.37693 -1.03489 21.3487
    endloop
  endfacet
  facet normal -0.973883 0.227051 0
    outer loop
      vertex 4.35688 -1.12089 21.2781
      vertex 4.35688 -1.12089 25.7219
      vertex 4.37693 -1.03489 25.6513
    endloop
  endfacet
  facet normal -0.97389 0.227019 0
    outer loop
      vertex 4.34667 -1.16469 21.2371
      vertex 4.35688 -1.12089 25.7219
      vertex 4.35688 -1.12089 21.2781
    endloop
  endfacet
  facet normal -0.97389 0.227019 0
    outer loop
      vertex 4.35688 -1.12089 25.7219
      vertex 4.34667 -1.16469 21.2371
      vertex 4.34667 -1.16469 25.7629
    endloop
  endfacet
  facet normal -0.0980397 0.995183 0
    outer loop
      vertex 0.587367 -4.4615 0
      vertex 0.294313 -4.49037 93
      vertex 0.587367 -4.4615 93
    endloop
  endfacet
  facet normal -0.0980397 0.995183 0
    outer loop
      vertex 0.294313 -4.49037 93
      vertex 0.587367 -4.4615 0
      vertex 0.294313 -4.49037 0
    endloop
  endfacet
  facet normal -0.290316 0.956931 0
    outer loop
      vertex 1.44648 -4.26118 0
      vertex 1.16469 -4.34667 93
      vertex 1.44648 -4.26118 93
    endloop
  endfacet
  facet normal -0.290316 0.956931 0
    outer loop
      vertex 1.16469 -4.34667 93
      vertex 1.44648 -4.26118 0
      vertex 1.16469 -4.34667 0
    endloop
  endfacet
  facet normal -0.582471 0.812851 0
    outer loop
      vertex 2.73943 -3.57009 0
      vertex 2.50007 -3.74161 93
      vertex 2.73943 -3.57009 93
    endloop
  endfacet
  facet normal -0.582471 0.812851 0
    outer loop
      vertex 2.50007 -3.74161 93
      vertex 2.73943 -3.57009 0
      vertex 2.50007 -3.74161 0
    endloop
  endfacet
  facet normal -0.683602 0.729855 0
    outer loop
      vertex 3.18198 -3.18198 0
      vertex 2.96706 -3.38328 93
      vertex 3.18198 -3.18198 93
    endloop
  endfacet
  facet normal -0.683602 0.729855 0
    outer loop
      vertex 2.96706 -3.38328 93
      vertex 3.18198 -3.18198 0
      vertex 2.96706 -3.38328 0
    endloop
  endfacet
  facet normal -0.528059 0.849208 0
    outer loop
      vertex 2.50007 -3.74161 0
      vertex 2.25 -3.89711 93
      vertex 2.50007 -3.74161 93
    endloop
  endfacet
  facet normal -0.528059 0.849208 0
    outer loop
      vertex 2.25 -3.89711 93
      vertex 2.50007 -3.74161 0
      vertex 2.25 -3.89711 0
    endloop
  endfacet
  facet normal -0.412697 0.910868 0
    outer loop
      vertex 1.9903 -4.03593 0
      vertex 1.72207 -4.15746 93
      vertex 1.9903 -4.03593 93
    endloop
  endfacet
  facet normal -0.412697 0.910868 0
    outer loop
      vertex 1.72207 -4.15746 93
      vertex 1.9903 -4.03593 0
      vertex 1.72207 -4.15746 0
    endloop
  endfacet
  facet normal -0.881911 0.471416 0
    outer loop
      vertex 3.89711 -2.25 0
      vertex 4.03593 -1.9903 93
      vertex 4.03593 -1.9903 0
    endloop
  endfacet
  facet normal -0.881911 0.471416 0
    outer loop
      vertex 4.03593 -1.9903 93
      vertex 3.89711 -2.25 0
      vertex 3.89711 -2.25 93
    endloop
  endfacet
  facet normal -0.773012 0.634391 0
    outer loop
      vertex 3.38328 -2.96706 0
      vertex 3.57009 -2.73943 93
      vertex 3.57009 -2.73943 0
    endloop
  endfacet
  facet normal -0.773012 0.634391 0
    outer loop
      vertex 3.57009 -2.73943 93
      vertex 3.38328 -2.96706 0
      vertex 3.38328 -2.96706 93
    endloop
  endfacet
  facet normal 0.352236 0.935911 -0
    outer loop
      vertex -1.44648 -4.26118 0
      vertex -1.72207 -4.15746 93
      vertex -1.44648 -4.26118 93
    endloop
  endfacet
  facet normal 0.352236 0.935911 0
    outer loop
      vertex -1.72207 -4.15746 93
      vertex -1.44648 -4.26118 0
      vertex -1.72207 -4.15746 0
    endloop
  endfacet
  facet normal 0.162901 0.986642 -0
    outer loop
      vertex -0.587367 -4.4615 0
      vertex -0.877906 -4.41353 93
      vertex -0.587367 -4.4615 93
    endloop
  endfacet
  facet normal 0.162901 0.986642 0
    outer loop
      vertex -0.877906 -4.41353 93
      vertex -0.587367 -4.4615 0
      vertex -0.877906 -4.41353 0
    endloop
  endfacet
  facet normal 0.0327028 0.999465 -0
    outer loop
      vertex 0 -4.5 0
      vertex -0.294313 -4.49037 93
      vertex 0 -4.5 93
    endloop
  endfacet
  facet normal 0.0327028 0.999465 0
    outer loop
      vertex -0.294313 -4.49037 93
      vertex 0 -4.5 0
      vertex -0.294313 -4.49037 0
    endloop
  endfacet
  facet normal 0.227048 0.973883 -0
    outer loop
      vertex -0.877906 -4.41353 0
      vertex -1.16469 -4.34667 93
      vertex -0.877906 -4.41353 93
    endloop
  endfacet
  facet normal 0.227048 0.973883 0
    outer loop
      vertex -1.16469 -4.34667 93
      vertex -0.877906 -4.41353 0
      vertex -1.16469 -4.34667 0
    endloop
  endfacet
  facet normal 0.471416 0.881911 -0
    outer loop
      vertex -1.9903 -4.03593 0
      vertex -2.25 -3.89711 93
      vertex -1.9903 -4.03593 93
    endloop
  endfacet
  facet normal 0.471416 0.881911 0
    outer loop
      vertex -2.25 -3.89711 93
      vertex -1.9903 -4.03593 0
      vertex -2.25 -3.89711 0
    endloop
  endfacet
  facet normal 0.634391 0.773012 -0
    outer loop
      vertex -2.73943 -3.57009 0
      vertex -2.96706 -3.38328 93
      vertex -2.73943 -3.57009 93
    endloop
  endfacet
  facet normal 0.634391 0.773012 0
    outer loop
      vertex -2.96706 -3.38328 93
      vertex -2.73943 -3.57009 0
      vertex -2.96706 -3.38328 0
    endloop
  endfacet
  facet normal 0.956931 0.290316 0
    outer loop
      vertex -4.26118 -1.44648 93
      vertex -4.34667 -1.16469 28.2371
      vertex -4.34667 -1.16469 93
    endloop
  endfacet
  facet normal 0.956885 0.290468 7.26278e-07
    outer loop
      vertex -4.34667 -1.16469 28.2371
      vertex -4.26118 -1.44648 93
      vertex -4.33532 -1.20208 28.2021
    endloop
  endfacet
  facet normal 0.956939 0.29029 -7.54298e-09
    outer loop
      vertex -4.33532 -1.20208 28.2021
      vertex -4.26118 -1.44648 93
      vertex -4.31225 -1.27813 28.1209
    endloop
  endfacet
  facet normal 0.95693 0.29032 7.57544e-08
    outer loop
      vertex -4.31225 -1.27813 28.1209
      vertex -4.26118 -1.44648 93
      vertex -4.29084 -1.3487 28.0349
    endloop
  endfacet
  facet normal 0.956968 0.290192 -1.34066e-07
    outer loop
      vertex -4.29084 -1.3487 28.0349
      vertex -4.26118 -1.44648 93
      vertex -4.27119 -1.4135 27.9445
    endloop
  endfacet
  facet normal 0.956895 0.290434 0
    outer loop
      vertex -4.27119 -1.4135 27.9445
      vertex -4.26118 -1.44648 93
      vertex -4.26118 -1.44648 27.8914
    endloop
  endfacet
  facet normal 0.956887 0.290461 -9.39498e-06
    outer loop
      vertex -4.26118 -1.44648 0
      vertex -4.34667 -1.16469 4.76289
      vertex -4.33532 -1.20208 4.79792
    endloop
  endfacet
  facet normal 0.956939 0.29029 9.7006e-08
    outer loop
      vertex -4.26118 -1.44648 0
      vertex -4.33532 -1.20208 4.79792
      vertex -4.31225 -1.27813 4.87911
    endloop
  endfacet
  facet normal 0.95693 0.290319 -9.6974e-07
    outer loop
      vertex -4.26118 -1.44648 0
      vertex -4.31225 -1.27813 4.87911
      vertex -4.29084 -1.3487 4.96511
    endloop
  endfacet
  facet normal 0.956968 0.290194 1.71083e-06
    outer loop
      vertex -4.26118 -1.44648 0
      vertex -4.29084 -1.3487 4.96511
      vertex -4.27119 -1.4135 5.05553
    endloop
  endfacet
  facet normal 0.956895 0.290434 -0
    outer loop
      vertex -4.26118 -1.44648 0
      vertex -4.27119 -1.4135 5.05553
      vertex -4.26118 -1.44648 5.10857
    endloop
  endfacet
  facet normal 0.956931 0.290316 0
    outer loop
      vertex -4.34667 -1.16469 4.76289
      vertex -4.26118 -1.44648 0
      vertex -4.34667 -1.16469 0
    endloop
  endfacet
  facet normal 0.956884 0.290469 0
    outer loop
      vertex -4.33532 -1.20208 11.7979
      vertex -4.34667 -1.16469 7.23711
      vertex -4.34667 -1.16469 11.7629
    endloop
  endfacet
  facet normal 0.956884 0.290469 0
    outer loop
      vertex -4.33532 -1.20208 11.7979
      vertex -4.33532 -1.20208 7.20208
      vertex -4.34667 -1.16469 7.23711
    endloop
  endfacet
  facet normal 0.956939 0.29029 0
    outer loop
      vertex -4.31225 -1.27813 11.8791
      vertex -4.33532 -1.20208 7.20208
      vertex -4.33532 -1.20208 11.7979
    endloop
  endfacet
  facet normal 0.956939 0.29029 0
    outer loop
      vertex -4.31225 -1.27813 11.8791
      vertex -4.31225 -1.27813 7.12089
      vertex -4.33532 -1.20208 7.20208
    endloop
  endfacet
  facet normal 0.95693 0.29032 0
    outer loop
      vertex -4.29084 -1.3487 11.9651
      vertex -4.31225 -1.27813 7.12089
      vertex -4.31225 -1.27813 11.8791
    endloop
  endfacet
  facet normal 0.95693 0.29032 0
    outer loop
      vertex -4.29084 -1.3487 11.9651
      vertex -4.29084 -1.3487 7.03489
      vertex -4.31225 -1.27813 7.12089
    endloop
  endfacet
  facet normal 0.956968 0.290192 0
    outer loop
      vertex -4.27119 -1.4135 12.0555
      vertex -4.29084 -1.3487 7.03489
      vertex -4.29084 -1.3487 11.9651
    endloop
  endfacet
  facet normal 0.956968 0.290192 0
    outer loop
      vertex -4.27119 -1.4135 12.0555
      vertex -4.27119 -1.4135 6.94447
      vertex -4.29084 -1.3487 7.03489
    endloop
  endfacet
  facet normal 0.956895 0.290434 0
    outer loop
      vertex -4.26118 -1.44648 12.1086
      vertex -4.27119 -1.4135 6.94447
      vertex -4.27119 -1.4135 12.0555
    endloop
  endfacet
  facet normal 0.956895 0.290434 0
    outer loop
      vertex -4.27119 -1.4135 6.94447
      vertex -4.26118 -1.44648 12.1086
      vertex -4.26118 -1.44648 6.89143
    endloop
  endfacet
  facet normal 0.956884 0.290469 0
    outer loop
      vertex -4.33532 -1.20208 18.7979
      vertex -4.34667 -1.16469 14.2371
      vertex -4.34667 -1.16469 18.7629
    endloop
  endfacet
  facet normal 0.956884 0.290469 0
    outer loop
      vertex -4.33532 -1.20208 18.7979
      vertex -4.33532 -1.20208 14.2021
      vertex -4.34667 -1.16469 14.2371
    endloop
  endfacet
  facet normal 0.956939 0.29029 0
    outer loop
      vertex -4.31225 -1.27813 18.8791
      vertex -4.33532 -1.20208 14.2021
      vertex -4.33532 -1.20208 18.7979
    endloop
  endfacet
  facet normal 0.956939 0.29029 0
    outer loop
      vertex -4.31225 -1.27813 18.8791
      vertex -4.31225 -1.27813 14.1209
      vertex -4.33532 -1.20208 14.2021
    endloop
  endfacet
  facet normal 0.95693 0.29032 0
    outer loop
      vertex -4.29084 -1.3487 18.9651
      vertex -4.31225 -1.27813 14.1209
      vertex -4.31225 -1.27813 18.8791
    endloop
  endfacet
  facet normal 0.95693 0.29032 0
    outer loop
      vertex -4.29084 -1.3487 18.9651
      vertex -4.29084 -1.3487 14.0349
      vertex -4.31225 -1.27813 14.1209
    endloop
  endfacet
  facet normal 0.956968 0.290192 0
    outer loop
      vertex -4.27119 -1.4135 19.0555
      vertex -4.29084 -1.3487 14.0349
      vertex -4.29084 -1.3487 18.9651
    endloop
  endfacet
  facet normal 0.956968 0.290192 0
    outer loop
      vertex -4.27119 -1.4135 19.0555
      vertex -4.27119 -1.4135 13.9445
      vertex -4.29084 -1.3487 14.0349
    endloop
  endfacet
  facet normal 0.956895 0.290434 0
    outer loop
      vertex -4.26118 -1.44648 19.1086
      vertex -4.27119 -1.4135 13.9445
      vertex -4.27119 -1.4135 19.0555
    endloop
  endfacet
  facet normal 0.956895 0.290434 0
    outer loop
      vertex -4.27119 -1.4135 13.9445
      vertex -4.26118 -1.44648 19.1086
      vertex -4.26118 -1.44648 13.8914
    endloop
  endfacet
  facet normal 0.956884 0.290469 0
    outer loop
      vertex -4.33532 -1.20208 25.7979
      vertex -4.34667 -1.16469 21.2371
      vertex -4.34667 -1.16469 25.7629
    endloop
  endfacet
  facet normal 0.956884 0.290469 0
    outer loop
      vertex -4.33532 -1.20208 25.7979
      vertex -4.33532 -1.20208 21.2021
      vertex -4.34667 -1.16469 21.2371
    endloop
  endfacet
  facet normal 0.956939 0.29029 0
    outer loop
      vertex -4.31225 -1.27813 25.8791
      vertex -4.33532 -1.20208 21.2021
      vertex -4.33532 -1.20208 25.7979
    endloop
  endfacet
  facet normal 0.956939 0.29029 0
    outer loop
      vertex -4.31225 -1.27813 25.8791
      vertex -4.31225 -1.27813 21.1209
      vertex -4.33532 -1.20208 21.2021
    endloop
  endfacet
  facet normal 0.95693 0.29032 0
    outer loop
      vertex -4.29084 -1.3487 25.9651
      vertex -4.31225 -1.27813 21.1209
      vertex -4.31225 -1.27813 25.8791
    endloop
  endfacet
  facet normal 0.95693 0.29032 0
    outer loop
      vertex -4.29084 -1.3487 25.9651
      vertex -4.29084 -1.3487 21.0349
      vertex -4.31225 -1.27813 21.1209
    endloop
  endfacet
  facet normal 0.956968 0.290192 0
    outer loop
      vertex -4.27119 -1.4135 26.0555
      vertex -4.29084 -1.3487 21.0349
      vertex -4.29084 -1.3487 25.9651
    endloop
  endfacet
  facet normal 0.956968 0.290192 0
    outer loop
      vertex -4.27119 -1.4135 26.0555
      vertex -4.27119 -1.4135 20.9445
      vertex -4.29084 -1.3487 21.0349
    endloop
  endfacet
  facet normal 0.956895 0.290434 0
    outer loop
      vertex -4.26118 -1.44648 26.1086
      vertex -4.27119 -1.4135 20.9445
      vertex -4.27119 -1.4135 26.0555
    endloop
  endfacet
  facet normal 0.956895 0.290434 0
    outer loop
      vertex -4.27119 -1.4135 20.9445
      vertex -4.26118 -1.44648 26.1086
      vertex -4.26118 -1.44648 20.8914
    endloop
  endfacet
  facet normal 0.995183 0.0980397 0
    outer loop
      vertex -4.4615 -0.587367 93
      vertex -4.49037 -0.294313 28.6735
      vertex -4.49037 -0.294313 93
    endloop
  endfacet
  facet normal 0.995179 0.0980786 1.79232e-07
    outer loop
      vertex -4.49037 -0.294313 28.6735
      vertex -4.4615 -0.587367 93
      vertex -4.48669 -0.331653 28.6673
    endloop
  endfacet
  facet normal 0.995185 0.098013 -8.43132e-08
    outer loop
      vertex -4.48669 -0.331653 28.6673
      vertex -4.4615 -0.587367 93
      vertex -4.47602 -0.439992 28.6421
    endloop
  endfacet
  facet normal 0.99518 0.0980643 3.44235e-08
    outer loop
      vertex -4.47602 -0.439992 28.6421
      vertex -4.4615 -0.587367 93
      vertex -4.46553 -0.546447 28.6098
    endloop
  endfacet
  facet normal 0.995185 0.0980107 0
    outer loop
      vertex -4.46553 -0.546447 28.6098
      vertex -4.4615 -0.587367 93
      vertex -4.4615 -0.587367 28.5944
    endloop
  endfacet
  facet normal 0.995179 0.0980782 -2.63737e-06
    outer loop
      vertex -4.4615 -0.587367 0
      vertex -4.49037 -0.294313 4.3265
      vertex -4.48669 -0.331653 4.33266
    endloop
  endfacet
  facet normal 0.995185 0.0980132 1.23605e-06
    outer loop
      vertex -4.4615 -0.587367 0
      vertex -4.48669 -0.331653 4.33266
      vertex -4.47602 -0.439992 4.35793
    endloop
  endfacet
  facet normal 0.99518 0.0980642 -5.03554e-07
    outer loop
      vertex -4.4615 -0.587367 0
      vertex -4.47602 -0.439992 4.35793
      vertex -4.46553 -0.546447 4.39022
    endloop
  endfacet
  facet normal 0.995185 0.0980107 -0
    outer loop
      vertex -4.4615 -0.587367 0
      vertex -4.46553 -0.546447 4.39022
      vertex -4.4615 -0.587367 4.40562
    endloop
  endfacet
  facet normal 0.995183 0.0980397 0
    outer loop
      vertex -4.49037 -0.294313 4.3265
      vertex -4.4615 -0.587367 0
      vertex -4.49037 -0.294313 0
    endloop
  endfacet
  facet normal 0.995179 0.0980787 0
    outer loop
      vertex -4.48669 -0.331653 11.3327
      vertex -4.49037 -0.294313 7.6735
      vertex -4.49037 -0.294313 11.3265
    endloop
  endfacet
  facet normal 0.995179 0.0980787 0
    outer loop
      vertex -4.48669 -0.331653 11.3327
      vertex -4.48669 -0.331653 7.66733
      vertex -4.49037 -0.294313 7.6735
    endloop
  endfacet
  facet normal 0.995185 0.098013 0
    outer loop
      vertex -4.47602 -0.439992 11.3579
      vertex -4.48669 -0.331653 7.66733
      vertex -4.48669 -0.331653 11.3327
    endloop
  endfacet
  facet normal 0.995185 0.098013 0
    outer loop
      vertex -4.47602 -0.439992 11.3579
      vertex -4.47602 -0.439992 7.64207
      vertex -4.48669 -0.331653 7.66733
    endloop
  endfacet
  facet normal 0.99518 0.0980643 0
    outer loop
      vertex -4.46553 -0.546447 11.3902
      vertex -4.47602 -0.439992 7.64207
      vertex -4.47602 -0.439992 11.3579
    endloop
  endfacet
  facet normal 0.99518 0.0980643 0
    outer loop
      vertex -4.46553 -0.546447 11.3902
      vertex -4.46553 -0.546447 7.60978
      vertex -4.47602 -0.439992 7.64207
    endloop
  endfacet
  facet normal 0.995185 0.0980107 0
    outer loop
      vertex -4.4615 -0.587367 11.4056
      vertex -4.46553 -0.546447 7.60978
      vertex -4.46553 -0.546447 11.3902
    endloop
  endfacet
  facet normal 0.995185 0.0980107 0
    outer loop
      vertex -4.46553 -0.546447 7.60978
      vertex -4.4615 -0.587367 11.4056
      vertex -4.4615 -0.587367 7.59438
    endloop
  endfacet
  facet normal 0.995179 0.0980787 0
    outer loop
      vertex -4.48669 -0.331653 18.3327
      vertex -4.49037 -0.294313 14.6735
      vertex -4.49037 -0.294313 18.3265
    endloop
  endfacet
  facet normal 0.995179 0.0980787 0
    outer loop
      vertex -4.48669 -0.331653 18.3327
      vertex -4.48669 -0.331653 14.6673
      vertex -4.49037 -0.294313 14.6735
    endloop
  endfacet
  facet normal 0.995185 0.098013 0
    outer loop
      vertex -4.47602 -0.439992 18.3579
      vertex -4.48669 -0.331653 14.6673
      vertex -4.48669 -0.331653 18.3327
    endloop
  endfacet
  facet normal 0.995185 0.098013 0
    outer loop
      vertex -4.47602 -0.439992 18.3579
      vertex -4.47602 -0.439992 14.6421
      vertex -4.48669 -0.331653 14.6673
    endloop
  endfacet
  facet normal 0.99518 0.0980643 0
    outer loop
      vertex -4.46553 -0.546447 18.3902
      vertex -4.47602 -0.439992 14.6421
      vertex -4.47602 -0.439992 18.3579
    endloop
  endfacet
  facet normal 0.99518 0.0980643 0
    outer loop
      vertex -4.46553 -0.546447 18.3902
      vertex -4.46553 -0.546447 14.6098
      vertex -4.47602 -0.439992 14.6421
    endloop
  endfacet
  facet normal 0.995185 0.0980107 0
    outer loop
      vertex -4.4615 -0.587367 18.4056
      vertex -4.46553 -0.546447 14.6098
      vertex -4.46553 -0.546447 18.3902
    endloop
  endfacet
  facet normal 0.995185 0.0980107 0
    outer loop
      vertex -4.46553 -0.546447 14.6098
      vertex -4.4615 -0.587367 18.4056
      vertex -4.4615 -0.587367 14.5944
    endloop
  endfacet
  facet normal 0.995179 0.0980787 0
    outer loop
      vertex -4.48669 -0.331653 25.3327
      vertex -4.49037 -0.294313 21.6735
      vertex -4.49037 -0.294313 25.3265
    endloop
  endfacet
  facet normal 0.995179 0.0980787 0
    outer loop
      vertex -4.48669 -0.331653 25.3327
      vertex -4.48669 -0.331653 21.6673
      vertex -4.49037 -0.294313 21.6735
    endloop
  endfacet
  facet normal 0.995185 0.098013 0
    outer loop
      vertex -4.47602 -0.439992 25.3579
      vertex -4.48669 -0.331653 21.6673
      vertex -4.48669 -0.331653 25.3327
    endloop
  endfacet
  facet normal 0.995185 0.098013 0
    outer loop
      vertex -4.47602 -0.439992 25.3579
      vertex -4.47602 -0.439992 21.6421
      vertex -4.48669 -0.331653 21.6673
    endloop
  endfacet
  facet normal 0.99518 0.0980643 0
    outer loop
      vertex -4.46553 -0.546447 25.3902
      vertex -4.47602 -0.439992 21.6421
      vertex -4.47602 -0.439992 25.3579
    endloop
  endfacet
  facet normal 0.99518 0.0980643 0
    outer loop
      vertex -4.46553 -0.546447 25.3902
      vertex -4.46553 -0.546447 21.6098
      vertex -4.47602 -0.439992 21.6421
    endloop
  endfacet
  facet normal 0.995185 0.0980107 0
    outer loop
      vertex -4.4615 -0.587367 25.4056
      vertex -4.46553 -0.546447 21.6098
      vertex -4.46553 -0.546447 25.3902
    endloop
  endfacet
  facet normal 0.995185 0.0980107 0
    outer loop
      vertex -4.46553 -0.546447 21.6098
      vertex -4.4615 -0.587367 25.4056
      vertex -4.4615 -0.587367 21.5944
    endloop
  endfacet
  facet normal 0.849208 0.528059 0
    outer loop
      vertex -3.74161 -2.50007 93
      vertex -3.89711 -2.25 0
      vertex -3.89711 -2.25 93
    endloop
  endfacet
  facet normal 0.849208 0.528059 0
    outer loop
      vertex -3.89711 -2.25 0
      vertex -3.74161 -2.50007 93
      vertex -3.74161 -2.50007 0
    endloop
  endfacet
  facet normal 0.910868 0.412697 0
    outer loop
      vertex -4.03593 -1.9903 93
      vertex -4.15746 -1.72207 0
      vertex -4.15746 -1.72207 93
    endloop
  endfacet
  facet normal 0.910868 0.412697 0
    outer loop
      vertex -4.15746 -1.72207 0
      vertex -4.03593 -1.9903 93
      vertex -4.03593 -1.9903 0
    endloop
  endfacet
  facet normal 0.729855 0.683602 0
    outer loop
      vertex -3.18198 -3.18198 93
      vertex -3.38328 -2.96706 0
      vertex -3.38328 -2.96706 93
    endloop
  endfacet
  facet normal 0.729855 0.683602 0
    outer loop
      vertex -3.38328 -2.96706 0
      vertex -3.18198 -3.18198 93
      vertex -3.18198 -3.18198 0
    endloop
  endfacet
  facet normal 0.812851 0.582471 0
    outer loop
      vertex -3.57009 -2.73943 93
      vertex -3.74161 -2.50007 0
      vertex -3.74161 -2.50007 93
    endloop
  endfacet
  facet normal 0.812851 0.582471 0
    outer loop
      vertex -3.74161 -2.50007 0
      vertex -3.57009 -2.73943 93
      vertex -3.57009 -2.73943 0
    endloop
  endfacet
  facet normal -0.995179 0.0980786 1.79232e-07
    outer loop
      vertex 4.4615 -0.587367 93
      vertex 4.49037 -0.294313 28.6735
      vertex 4.48669 -0.331653 28.6673
    endloop
  endfacet
  facet normal -0.995185 0.098013 -8.43132e-08
    outer loop
      vertex 4.4615 -0.587367 93
      vertex 4.48669 -0.331653 28.6673
      vertex 4.47602 -0.439992 28.6421
    endloop
  endfacet
  facet normal -0.99518 0.0980643 3.44235e-08
    outer loop
      vertex 4.4615 -0.587367 93
      vertex 4.47602 -0.439992 28.6421
      vertex 4.46553 -0.546447 28.6098
    endloop
  endfacet
  facet normal -0.995185 0.0980107 0
    outer loop
      vertex 4.4615 -0.587367 93
      vertex 4.46553 -0.546447 28.6098
      vertex 4.4615 -0.587367 28.5944
    endloop
  endfacet
  facet normal -0.995183 0.0980397 0
    outer loop
      vertex 4.49037 -0.294313 28.6735
      vertex 4.4615 -0.587367 93
      vertex 4.49037 -0.294313 93
    endloop
  endfacet
  facet normal -0.995183 0.0980397 0
    outer loop
      vertex 4.4615 -0.587367 0
      vertex 4.49037 -0.294313 4.3265
      vertex 4.49037 -0.294313 0
    endloop
  endfacet
  facet normal -0.995179 0.0980782 -2.63737e-06
    outer loop
      vertex 4.49037 -0.294313 4.3265
      vertex 4.4615 -0.587367 0
      vertex 4.48669 -0.331653 4.33266
    endloop
  endfacet
  facet normal -0.995185 0.0980132 1.23605e-06
    outer loop
      vertex 4.48669 -0.331653 4.33266
      vertex 4.4615 -0.587367 0
      vertex 4.47602 -0.439992 4.35793
    endloop
  endfacet
  facet normal -0.99518 0.0980642 -5.03554e-07
    outer loop
      vertex 4.47602 -0.439992 4.35793
      vertex 4.4615 -0.587367 0
      vertex 4.46553 -0.546447 4.39022
    endloop
  endfacet
  facet normal -0.995185 0.0980107 0
    outer loop
      vertex 4.46553 -0.546447 4.39022
      vertex 4.4615 -0.587367 0
      vertex 4.4615 -0.587367 4.40562
    endloop
  endfacet
  facet normal -0.995179 0.0980787 0
    outer loop
      vertex 4.48669 -0.331653 7.66733
      vertex 4.49037 -0.294313 11.3265
      vertex 4.49037 -0.294313 7.6735
    endloop
  endfacet
  facet normal -0.995179 0.0980787 0
    outer loop
      vertex 4.48669 -0.331653 7.66733
      vertex 4.48669 -0.331653 11.3327
      vertex 4.49037 -0.294313 11.3265
    endloop
  endfacet
  facet normal -0.995185 0.098013 0
    outer loop
      vertex 4.47602 -0.439992 7.64207
      vertex 4.48669 -0.331653 11.3327
      vertex 4.48669 -0.331653 7.66733
    endloop
  endfacet
  facet normal -0.995185 0.098013 0
    outer loop
      vertex 4.47602 -0.439992 7.64207
      vertex 4.47602 -0.439992 11.3579
      vertex 4.48669 -0.331653 11.3327
    endloop
  endfacet
  facet normal -0.99518 0.0980643 0
    outer loop
      vertex 4.46553 -0.546447 7.60978
      vertex 4.47602 -0.439992 11.3579
      vertex 4.47602 -0.439992 7.64207
    endloop
  endfacet
  facet normal -0.99518 0.0980643 0
    outer loop
      vertex 4.46553 -0.546447 7.60978
      vertex 4.46553 -0.546447 11.3902
      vertex 4.47602 -0.439992 11.3579
    endloop
  endfacet
  facet normal -0.995185 0.0980107 0
    outer loop
      vertex 4.4615 -0.587367 7.59438
      vertex 4.46553 -0.546447 11.3902
      vertex 4.46553 -0.546447 7.60978
    endloop
  endfacet
  facet normal -0.995185 0.0980107 0
    outer loop
      vertex 4.46553 -0.546447 11.3902
      vertex 4.4615 -0.587367 7.59438
      vertex 4.4615 -0.587367 11.4056
    endloop
  endfacet
  facet normal -0.995179 0.0980787 0
    outer loop
      vertex 4.48669 -0.331653 14.6673
      vertex 4.49037 -0.294313 18.3265
      vertex 4.49037 -0.294313 14.6735
    endloop
  endfacet
  facet normal -0.995179 0.0980787 0
    outer loop
      vertex 4.48669 -0.331653 14.6673
      vertex 4.48669 -0.331653 18.3327
      vertex 4.49037 -0.294313 18.3265
    endloop
  endfacet
  facet normal -0.995185 0.098013 0
    outer loop
      vertex 4.47602 -0.439992 14.6421
      vertex 4.48669 -0.331653 18.3327
      vertex 4.48669 -0.331653 14.6673
    endloop
  endfacet
  facet normal -0.995185 0.098013 0
    outer loop
      vertex 4.47602 -0.439992 14.6421
      vertex 4.47602 -0.439992 18.3579
      vertex 4.48669 -0.331653 18.3327
    endloop
  endfacet
  facet normal -0.99518 0.0980643 0
    outer loop
      vertex 4.46553 -0.546447 14.6098
      vertex 4.47602 -0.439992 18.3579
      vertex 4.47602 -0.439992 14.6421
    endloop
  endfacet
  facet normal -0.99518 0.0980643 0
    outer loop
      vertex 4.46553 -0.546447 14.6098
      vertex 4.46553 -0.546447 18.3902
      vertex 4.47602 -0.439992 18.3579
    endloop
  endfacet
  facet normal -0.995185 0.0980107 0
    outer loop
      vertex 4.4615 -0.587367 14.5944
      vertex 4.46553 -0.546447 18.3902
      vertex 4.46553 -0.546447 14.6098
    endloop
  endfacet
  facet normal -0.995185 0.0980107 0
    outer loop
      vertex 4.46553 -0.546447 18.3902
      vertex 4.4615 -0.587367 14.5944
      vertex 4.4615 -0.587367 18.4056
    endloop
  endfacet
  facet normal -0.995179 0.0980787 0
    outer loop
      vertex 4.48669 -0.331653 21.6673
      vertex 4.49037 -0.294313 25.3265
      vertex 4.49037 -0.294313 21.6735
    endloop
  endfacet
  facet normal -0.995179 0.0980787 0
    outer loop
      vertex 4.48669 -0.331653 21.6673
      vertex 4.48669 -0.331653 25.3327
      vertex 4.49037 -0.294313 25.3265
    endloop
  endfacet
  facet normal -0.995185 0.098013 0
    outer loop
      vertex 4.47602 -0.439992 21.6421
      vertex 4.48669 -0.331653 25.3327
      vertex 4.48669 -0.331653 21.6673
    endloop
  endfacet
  facet normal -0.995185 0.098013 0
    outer loop
      vertex 4.47602 -0.439992 21.6421
      vertex 4.47602 -0.439992 25.3579
      vertex 4.48669 -0.331653 25.3327
    endloop
  endfacet
  facet normal -0.99518 0.0980643 0
    outer loop
      vertex 4.46553 -0.546447 21.6098
      vertex 4.47602 -0.439992 25.3579
      vertex 4.47602 -0.439992 21.6421
    endloop
  endfacet
  facet normal -0.99518 0.0980643 0
    outer loop
      vertex 4.46553 -0.546447 21.6098
      vertex 4.46553 -0.546447 25.3902
      vertex 4.47602 -0.439992 25.3579
    endloop
  endfacet
  facet normal -0.995185 0.0980107 0
    outer loop
      vertex 4.4615 -0.587367 21.5944
      vertex 4.46553 -0.546447 25.3902
      vertex 4.46553 -0.546447 21.6098
    endloop
  endfacet
  facet normal -0.995185 0.0980107 0
    outer loop
      vertex 4.46553 -0.546447 25.3902
      vertex 4.4615 -0.587367 21.5944
      vertex 4.4615 -0.587367 25.4056
    endloop
  endfacet
  facet normal -0.999465 0.0327207 8.21586e-08
    outer loop
      vertex 4.49037 -0.294313 93
      vertex 4.5 0 28.7
      vertex 4.49636 -0.111185 28.6964
    endloop
  endfacet
  facet normal -0.999466 0.0326809 -3.13764e-08
    outer loop
      vertex 4.49037 -0.294313 93
      vertex 4.49636 -0.111185 28.6964
      vertex 4.49274 -0.221894 28.6855
    endloop
  endfacet
  facet normal -0.999465 0.0327087 0
    outer loop
      vertex 4.49037 -0.294313 93
      vertex 4.49274 -0.221894 28.6855
      vertex 4.49037 -0.294313 28.6735
    endloop
  endfacet
  facet normal -0.999465 0.0327028 0
    outer loop
      vertex 4.5 0 28.7
      vertex 4.49037 -0.294313 93
      vertex 4.5 0 93
    endloop
  endfacet
  facet normal -0.999465 0.0327207 0
    outer loop
      vertex 4.5 0 0
      vertex 4.49636 -0.111185 4.30364
      vertex 4.5 0 4.3
    endloop
  endfacet
  facet normal -0.999465 0.0327028 -4.63799e-07
    outer loop
      vertex 4.49037 -0.294313 0
      vertex 4.49636 -0.111185 4.30364
      vertex 4.5 0 0
    endloop
  endfacet
  facet normal -0.999466 0.0326809 4.66991e-07
    outer loop
      vertex 4.49636 -0.111185 4.30364
      vertex 4.49037 -0.294313 0
      vertex 4.49274 -0.221894 4.31454
    endloop
  endfacet
  facet normal -0.999465 0.0327087 0
    outer loop
      vertex 4.49274 -0.221894 4.31454
      vertex 4.49037 -0.294313 0
      vertex 4.49037 -0.294313 4.3265
    endloop
  endfacet
  facet normal -0.999465 0.0327207 0
    outer loop
      vertex 4.49636 -0.111185 7.69636
      vertex 4.5 0 11.3
      vertex 4.5 0 7.7
    endloop
  endfacet
  facet normal -0.999465 0.0327207 0
    outer loop
      vertex 4.49636 -0.111185 7.69636
      vertex 4.49636 -0.111185 11.3036
      vertex 4.5 0 11.3
    endloop
  endfacet
  facet normal -0.999466 0.0326809 0
    outer loop
      vertex 4.49274 -0.221894 7.68546
      vertex 4.49636 -0.111185 11.3036
      vertex 4.49636 -0.111185 7.69636
    endloop
  endfacet
  facet normal -0.999466 0.0326809 0
    outer loop
      vertex 4.49274 -0.221894 7.68546
      vertex 4.49274 -0.221894 11.3145
      vertex 4.49636 -0.111185 11.3036
    endloop
  endfacet
  facet normal -0.999465 0.0327087 0
    outer loop
      vertex 4.49037 -0.294313 7.6735
      vertex 4.49274 -0.221894 11.3145
      vertex 4.49274 -0.221894 7.68546
    endloop
  endfacet
  facet normal -0.999465 0.0327087 0
    outer loop
      vertex 4.49274 -0.221894 11.3145
      vertex 4.49037 -0.294313 7.6735
      vertex 4.49037 -0.294313 11.3265
    endloop
  endfacet
  facet normal -0.999465 0.0327207 0
    outer loop
      vertex 4.49636 -0.111185 14.6964
      vertex 4.5 0 18.3
      vertex 4.5 0 14.7
    endloop
  endfacet
  facet normal -0.999465 0.0327207 0
    outer loop
      vertex 4.49636 -0.111185 14.6964
      vertex 4.49636 -0.111185 18.3036
      vertex 4.5 0 18.3
    endloop
  endfacet
  facet normal -0.999466 0.0326809 0
    outer loop
      vertex 4.49274 -0.221894 14.6855
      vertex 4.49636 -0.111185 18.3036
      vertex 4.49636 -0.111185 14.6964
    endloop
  endfacet
  facet normal -0.999466 0.0326809 0
    outer loop
      vertex 4.49274 -0.221894 14.6855
      vertex 4.49274 -0.221894 18.3145
      vertex 4.49636 -0.111185 18.3036
    endloop
  endfacet
  facet normal -0.999465 0.0327087 0
    outer loop
      vertex 4.49037 -0.294313 14.6735
      vertex 4.49274 -0.221894 18.3145
      vertex 4.49274 -0.221894 14.6855
    endloop
  endfacet
  facet normal -0.999465 0.0327087 0
    outer loop
      vertex 4.49274 -0.221894 18.3145
      vertex 4.49037 -0.294313 14.6735
      vertex 4.49037 -0.294313 18.3265
    endloop
  endfacet
  facet normal -0.999465 0.0327207 0
    outer loop
      vertex 4.49636 -0.111185 21.6964
      vertex 4.5 0 25.3
      vertex 4.5 0 21.7
    endloop
  endfacet
  facet normal -0.999465 0.0327207 0
    outer loop
      vertex 4.49636 -0.111185 21.6964
      vertex 4.49636 -0.111185 25.3036
      vertex 4.5 0 25.3
    endloop
  endfacet
  facet normal -0.999466 0.0326809 0
    outer loop
      vertex 4.49274 -0.221894 21.6855
      vertex 4.49636 -0.111185 25.3036
      vertex 4.49636 -0.111185 21.6964
    endloop
  endfacet
  facet normal -0.999466 0.0326809 0
    outer loop
      vertex 4.49274 -0.221894 21.6855
      vertex 4.49274 -0.221894 25.3145
      vertex 4.49636 -0.111185 25.3036
    endloop
  endfacet
  facet normal -0.999465 0.0327087 0
    outer loop
      vertex 4.49037 -0.294313 21.6735
      vertex 4.49274 -0.221894 25.3145
      vertex 4.49274 -0.221894 21.6855
    endloop
  endfacet
  facet normal -0.999465 0.0327087 0
    outer loop
      vertex 4.49274 -0.221894 25.3145
      vertex 4.49037 -0.294313 21.6735
      vertex 4.49037 -0.294313 25.3265
    endloop
  endfacet
  facet normal -0.956885 0.290468 7.26278e-07
    outer loop
      vertex 4.26118 -1.44648 93
      vertex 4.34667 -1.16469 28.2371
      vertex 4.33532 -1.20208 28.2021
    endloop
  endfacet
  facet normal -0.956939 0.29029 -7.54298e-09
    outer loop
      vertex 4.26118 -1.44648 93
      vertex 4.33532 -1.20208 28.2021
      vertex 4.31225 -1.27813 28.1209
    endloop
  endfacet
  facet normal -0.95693 0.29032 7.57544e-08
    outer loop
      vertex 4.26118 -1.44648 93
      vertex 4.31225 -1.27813 28.1209
      vertex 4.29084 -1.3487 28.0349
    endloop
  endfacet
  facet normal -0.956968 0.290192 -1.34066e-07
    outer loop
      vertex 4.26118 -1.44648 93
      vertex 4.29084 -1.3487 28.0349
      vertex 4.27119 -1.4135 27.9445
    endloop
  endfacet
  facet normal -0.956895 0.290434 0
    outer loop
      vertex 4.26118 -1.44648 93
      vertex 4.27119 -1.4135 27.9445
      vertex 4.26118 -1.44648 27.8914
    endloop
  endfacet
  facet normal -0.956931 0.290316 0
    outer loop
      vertex 4.34667 -1.16469 28.2371
      vertex 4.26118 -1.44648 93
      vertex 4.34667 -1.16469 93
    endloop
  endfacet
  facet normal -0.956931 0.290316 0
    outer loop
      vertex 4.26118 -1.44648 0
      vertex 4.34667 -1.16469 4.76289
      vertex 4.34667 -1.16469 0
    endloop
  endfacet
  facet normal -0.956887 0.290461 -9.39498e-06
    outer loop
      vertex 4.34667 -1.16469 4.76289
      vertex 4.26118 -1.44648 0
      vertex 4.33532 -1.20208 4.79792
    endloop
  endfacet
  facet normal -0.956939 0.29029 9.7006e-08
    outer loop
      vertex 4.33532 -1.20208 4.79792
      vertex 4.26118 -1.44648 0
      vertex 4.31225 -1.27813 4.87911
    endloop
  endfacet
  facet normal -0.95693 0.290319 -9.6974e-07
    outer loop
      vertex 4.31225 -1.27813 4.87911
      vertex 4.26118 -1.44648 0
      vertex 4.29084 -1.3487 4.96511
    endloop
  endfacet
  facet normal -0.956968 0.290194 1.71083e-06
    outer loop
      vertex 4.29084 -1.3487 4.96511
      vertex 4.26118 -1.44648 0
      vertex 4.27119 -1.4135 5.05553
    endloop
  endfacet
  facet normal -0.956895 0.290434 0
    outer loop
      vertex 4.27119 -1.4135 5.05553
      vertex 4.26118 -1.44648 0
      vertex 4.26118 -1.44648 5.10857
    endloop
  endfacet
  facet normal -0.956884 0.290469 0
    outer loop
      vertex 4.33532 -1.20208 7.20208
      vertex 4.34667 -1.16469 11.7629
      vertex 4.34667 -1.16469 7.23711
    endloop
  endfacet
  facet normal -0.956884 0.290469 0
    outer loop
      vertex 4.33532 -1.20208 7.20208
      vertex 4.33532 -1.20208 11.7979
      vertex 4.34667 -1.16469 11.7629
    endloop
  endfacet
  facet normal -0.956939 0.29029 0
    outer loop
      vertex 4.31225 -1.27813 7.12089
      vertex 4.33532 -1.20208 11.7979
      vertex 4.33532 -1.20208 7.20208
    endloop
  endfacet
  facet normal -0.956939 0.29029 0
    outer loop
      vertex 4.31225 -1.27813 7.12089
      vertex 4.31225 -1.27813 11.8791
      vertex 4.33532 -1.20208 11.7979
    endloop
  endfacet
  facet normal -0.95693 0.29032 0
    outer loop
      vertex 4.29084 -1.3487 7.03489
      vertex 4.31225 -1.27813 11.8791
      vertex 4.31225 -1.27813 7.12089
    endloop
  endfacet
  facet normal -0.95693 0.29032 0
    outer loop
      vertex 4.29084 -1.3487 7.03489
      vertex 4.29084 -1.3487 11.9651
      vertex 4.31225 -1.27813 11.8791
    endloop
  endfacet
  facet normal -0.956968 0.290192 0
    outer loop
      vertex 4.27119 -1.4135 6.94447
      vertex 4.29084 -1.3487 11.9651
      vertex 4.29084 -1.3487 7.03489
    endloop
  endfacet
  facet normal -0.956968 0.290192 0
    outer loop
      vertex 4.27119 -1.4135 6.94447
      vertex 4.27119 -1.4135 12.0555
      vertex 4.29084 -1.3487 11.9651
    endloop
  endfacet
  facet normal -0.956895 0.290434 0
    outer loop
      vertex 4.26118 -1.44648 6.89143
      vertex 4.27119 -1.4135 12.0555
      vertex 4.27119 -1.4135 6.94447
    endloop
  endfacet
  facet normal -0.956895 0.290434 0
    outer loop
      vertex 4.27119 -1.4135 12.0555
      vertex 4.26118 -1.44648 6.89143
      vertex 4.26118 -1.44648 12.1086
    endloop
  endfacet
  facet normal -0.956884 0.290469 0
    outer loop
      vertex 4.33532 -1.20208 14.2021
      vertex 4.34667 -1.16469 18.7629
      vertex 4.34667 -1.16469 14.2371
    endloop
  endfacet
  facet normal -0.956884 0.290469 0
    outer loop
      vertex 4.33532 -1.20208 14.2021
      vertex 4.33532 -1.20208 18.7979
      vertex 4.34667 -1.16469 18.7629
    endloop
  endfacet
  facet normal -0.956939 0.29029 0
    outer loop
      vertex 4.31225 -1.27813 14.1209
      vertex 4.33532 -1.20208 18.7979
      vertex 4.33532 -1.20208 14.2021
    endloop
  endfacet
  facet normal -0.956939 0.29029 0
    outer loop
      vertex 4.31225 -1.27813 14.1209
      vertex 4.31225 -1.27813 18.8791
      vertex 4.33532 -1.20208 18.7979
    endloop
  endfacet
  facet normal -0.95693 0.29032 0
    outer loop
      vertex 4.29084 -1.3487 14.0349
      vertex 4.31225 -1.27813 18.8791
      vertex 4.31225 -1.27813 14.1209
    endloop
  endfacet
  facet normal -0.95693 0.29032 0
    outer loop
      vertex 4.29084 -1.3487 14.0349
      vertex 4.29084 -1.3487 18.9651
      vertex 4.31225 -1.27813 18.8791
    endloop
  endfacet
  facet normal -0.956968 0.290192 0
    outer loop
      vertex 4.27119 -1.4135 13.9445
      vertex 4.29084 -1.3487 18.9651
      vertex 4.29084 -1.3487 14.0349
    endloop
  endfacet
  facet normal -0.956968 0.290192 0
    outer loop
      vertex 4.27119 -1.4135 13.9445
      vertex 4.27119 -1.4135 19.0555
      vertex 4.29084 -1.3487 18.9651
    endloop
  endfacet
  facet normal -0.956895 0.290434 0
    outer loop
      vertex 4.26118 -1.44648 13.8914
      vertex 4.27119 -1.4135 19.0555
      vertex 4.27119 -1.4135 13.9445
    endloop
  endfacet
  facet normal -0.956895 0.290434 0
    outer loop
      vertex 4.27119 -1.4135 19.0555
      vertex 4.26118 -1.44648 13.8914
      vertex 4.26118 -1.44648 19.1086
    endloop
  endfacet
  facet normal -0.956884 0.290469 0
    outer loop
      vertex 4.33532 -1.20208 21.2021
      vertex 4.34667 -1.16469 25.7629
      vertex 4.34667 -1.16469 21.2371
    endloop
  endfacet
  facet normal -0.956884 0.290469 0
    outer loop
      vertex 4.33532 -1.20208 21.2021
      vertex 4.33532 -1.20208 25.7979
      vertex 4.34667 -1.16469 25.7629
    endloop
  endfacet
  facet normal -0.956939 0.29029 0
    outer loop
      vertex 4.31225 -1.27813 21.1209
      vertex 4.33532 -1.20208 25.7979
      vertex 4.33532 -1.20208 21.2021
    endloop
  endfacet
  facet normal -0.956939 0.29029 0
    outer loop
      vertex 4.31225 -1.27813 21.1209
      vertex 4.31225 -1.27813 25.8791
      vertex 4.33532 -1.20208 25.7979
    endloop
  endfacet
  facet normal -0.95693 0.29032 0
    outer loop
      vertex 4.29084 -1.3487 21.0349
      vertex 4.31225 -1.27813 25.8791
      vertex 4.31225 -1.27813 21.1209
    endloop
  endfacet
  facet normal -0.95693 0.29032 0
    outer loop
      vertex 4.29084 -1.3487 21.0349
      vertex 4.29084 -1.3487 25.9651
      vertex 4.31225 -1.27813 25.8791
    endloop
  endfacet
  facet normal -0.956968 0.290192 0
    outer loop
      vertex 4.27119 -1.4135 20.9445
      vertex 4.29084 -1.3487 25.9651
      vertex 4.29084 -1.3487 21.0349
    endloop
  endfacet
  facet normal -0.956968 0.290192 0
    outer loop
      vertex 4.27119 -1.4135 20.9445
      vertex 4.27119 -1.4135 26.0555
      vertex 4.29084 -1.3487 25.9651
    endloop
  endfacet
  facet normal -0.956895 0.290434 0
    outer loop
      vertex 4.26118 -1.44648 20.8914
      vertex 4.27119 -1.4135 26.0555
      vertex 4.27119 -1.4135 20.9445
    endloop
  endfacet
  facet normal -0.956895 0.290434 0
    outer loop
      vertex 4.27119 -1.4135 26.0555
      vertex 4.26118 -1.44648 20.8914
      vertex 4.26118 -1.44648 26.1086
    endloop
  endfacet
  facet normal -0.162901 0.986642 0
    outer loop
      vertex 0.877906 -4.41353 0
      vertex 0.587367 -4.4615 93
      vertex 0.877906 -4.41353 93
    endloop
  endfacet
  facet normal -0.162901 0.986642 0
    outer loop
      vertex 0.587367 -4.4615 93
      vertex 0.877906 -4.41353 0
      vertex 0.587367 -4.4615 0
    endloop
  endfacet
  facet normal -0.352236 0.935911 0
    outer loop
      vertex 1.72207 -4.15746 0
      vertex 1.44648 -4.26118 93
      vertex 1.72207 -4.15746 93
    endloop
  endfacet
  facet normal -0.352236 0.935911 0
    outer loop
      vertex 1.44648 -4.26118 93
      vertex 1.72207 -4.15746 0
      vertex 1.44648 -4.26118 0
    endloop
  endfacet
  facet normal -0.634391 0.773012 0
    outer loop
      vertex 2.96706 -3.38328 0
      vertex 2.73943 -3.57009 93
      vertex 2.96706 -3.38328 93
    endloop
  endfacet
  facet normal -0.634391 0.773012 0
    outer loop
      vertex 2.73943 -3.57009 93
      vertex 2.96706 -3.38328 0
      vertex 2.73943 -3.57009 0
    endloop
  endfacet
  facet normal -0.471416 0.881911 0
    outer loop
      vertex 2.25 -3.89711 0
      vertex 1.9903 -4.03593 93
      vertex 2.25 -3.89711 93
    endloop
  endfacet
  facet normal -0.471416 0.881911 0
    outer loop
      vertex 1.9903 -4.03593 93
      vertex 2.25 -3.89711 0
      vertex 1.9903 -4.03593 0
    endloop
  endfacet
  facet normal -0.910868 0.412697 0
    outer loop
      vertex 4.03593 -1.9903 0
      vertex 4.15746 -1.72207 93
      vertex 4.15746 -1.72207 0
    endloop
  endfacet
  facet normal -0.910868 0.412697 0
    outer loop
      vertex 4.15746 -1.72207 93
      vertex 4.03593 -1.9903 0
      vertex 4.03593 -1.9903 93
    endloop
  endfacet
  facet normal -0.812851 0.582471 0
    outer loop
      vertex 3.57009 -2.73943 0
      vertex 3.74161 -2.50007 93
      vertex 3.74161 -2.50007 0
    endloop
  endfacet
  facet normal -0.812851 0.582471 0
    outer loop
      vertex 3.74161 -2.50007 93
      vertex 3.57009 -2.73943 0
      vertex 3.57009 -2.73943 93
    endloop
  endfacet
  facet normal 0.0980397 0.995183 -0
    outer loop
      vertex -0.294313 -4.49037 0
      vertex -0.587367 -4.4615 93
      vertex -0.294313 -4.49037 93
    endloop
  endfacet
  facet normal 0.0980397 0.995183 0
    outer loop
      vertex -0.587367 -4.4615 93
      vertex -0.294313 -4.49037 0
      vertex -0.587367 -4.4615 0
    endloop
  endfacet
  facet normal 0.290316 0.956931 -0
    outer loop
      vertex -1.16469 -4.34667 0
      vertex -1.44648 -4.26118 93
      vertex -1.16469 -4.34667 93
    endloop
  endfacet
  facet normal 0.290316 0.956931 0
    outer loop
      vertex -1.44648 -4.26118 93
      vertex -1.16469 -4.34667 0
      vertex -1.44648 -4.26118 0
    endloop
  endfacet
  facet normal 0.412697 0.910868 -0
    outer loop
      vertex -1.72207 -4.15746 0
      vertex -1.9903 -4.03593 93
      vertex -1.72207 -4.15746 93
    endloop
  endfacet
  facet normal 0.412697 0.910868 0
    outer loop
      vertex -1.9903 -4.03593 93
      vertex -1.72207 -4.15746 0
      vertex -1.9903 -4.03593 0
    endloop
  endfacet
  facet normal 0.582471 0.812851 -0
    outer loop
      vertex -2.50007 -3.74161 0
      vertex -2.73943 -3.57009 93
      vertex -2.50007 -3.74161 93
    endloop
  endfacet
  facet normal 0.582471 0.812851 0
    outer loop
      vertex -2.73943 -3.57009 93
      vertex -2.50007 -3.74161 0
      vertex -2.73943 -3.57009 0
    endloop
  endfacet
  facet normal 0.935911 0.352236 0
    outer loop
      vertex -4.15746 -1.72207 93
      vertex -4.26118 -1.44648 27.8914
      vertex -4.26118 -1.44648 93
    endloop
  endfacet
  facet normal 0.93597 0.35208 -7.53883e-07
    outer loop
      vertex -4.26118 -1.44648 27.8914
      vertex -4.15746 -1.72207 93
      vertex -4.25149 -1.47224 27.85
    endloop
  endfacet
  facet normal 0.935889 0.352296 1.9338e-07
    outer loop
      vertex -4.25149 -1.47224 27.85
      vertex -4.15746 -1.72207 93
      vertex -4.23175 -1.52468 27.7519
    endloop
  endfacet
  facet normal 0.935901 0.352262 7.61313e-08
    outer loop
      vertex -4.23175 -1.52468 27.7519
      vertex -4.15746 -1.72207 93
      vertex -4.21447 -1.57059 27.6506
    endloop
  endfacet
  facet normal 0.935907 0.352248 3.9262e-08
    outer loop
      vertex -4.21447 -1.57059 27.6506
      vertex -4.15746 -1.72207 93
      vertex -4.19972 -1.60978 27.5464
    endloop
  endfacet
  facet normal 0.935935 0.352172 -1.10924e-07
    outer loop
      vertex -4.19972 -1.60978 27.5464
      vertex -4.15746 -1.72207 93
      vertex -4.18757 -1.64207 27.44
    endloop
  endfacet
  facet normal 0.935872 0.352341 1.24467e-07
    outer loop
      vertex -4.18757 -1.64207 27.44
      vertex -4.15746 -1.72207 93
      vertex -4.17806 -1.66733 27.3317
    endloop
  endfacet
  facet normal 0.935968 0.352086 -1.18269e-07
    outer loop
      vertex -4.17806 -1.66733 27.3317
      vertex -4.15746 -1.72207 93
      vertex -4.17124 -1.68546 27.2219
    endloop
  endfacet
  facet normal 0.935975 0.352065 -1.31108e-07
    outer loop
      vertex -4.17124 -1.68546 27.2219
      vertex -4.15746 -1.72207 93
      vertex -4.16714 -1.69636 27.1112
    endloop
  endfacet
  facet normal 0 0 0
    outer loop
      vertex -4.16577 -1.7 27
      vertex -4.16577 -1.7 13
      vertex -4.16577 -1.7 20
    endloop
  endfacet
  facet normal 0 0 0
    outer loop
      vertex -4.16577 -1.7 27
      vertex -4.16577 -1.7 6
      vertex -4.16577 -1.7 13
    endloop
  endfacet
  facet normal 0.935858 0.352378 0
    outer loop
      vertex -4.16577 -1.7 27
      vertex -4.15746 -1.72207 93
      vertex -4.16577 -1.7 6
    endloop
  endfacet
  facet normal 0.935905 0.352252 -4.82039e-08
    outer loop
      vertex -4.16714 -1.69636 27.1112
      vertex -4.15746 -1.72207 93
      vertex -4.16577 -1.7 27
    endloop
  endfacet
  facet normal 0.93597 0.352079 0
    outer loop
      vertex -4.25149 -1.47224 26.15
      vertex -4.26118 -1.44648 20.8914
      vertex -4.26118 -1.44648 26.1086
    endloop
  endfacet
  facet normal 0.93597 0.352079 0
    outer loop
      vertex -4.25149 -1.47224 26.15
      vertex -4.25149 -1.47224 20.85
      vertex -4.26118 -1.44648 20.8914
    endloop
  endfacet
  facet normal 0.935888 0.352297 0
    outer loop
      vertex -4.23175 -1.52468 26.2481
      vertex -4.25149 -1.47224 20.85
      vertex -4.25149 -1.47224 26.15
    endloop
  endfacet
  facet normal 0.935888 0.352297 0
    outer loop
      vertex -4.23175 -1.52468 26.2481
      vertex -4.23175 -1.52468 20.7519
      vertex -4.25149 -1.47224 20.85
    endloop
  endfacet
  facet normal 0.935901 0.352263 0
    outer loop
      vertex -4.21447 -1.57059 26.3494
      vertex -4.23175 -1.52468 20.7519
      vertex -4.23175 -1.52468 26.2481
    endloop
  endfacet
  facet normal 0.935901 0.352263 0
    outer loop
      vertex -4.21447 -1.57059 26.3494
      vertex -4.21447 -1.57059 20.6506
      vertex -4.23175 -1.52468 20.7519
    endloop
  endfacet
  facet normal 0.935906 0.352249 0
    outer loop
      vertex -4.19972 -1.60978 26.4536
      vertex -4.21447 -1.57059 20.6506
      vertex -4.21447 -1.57059 26.3494
    endloop
  endfacet
  facet normal 0.935906 0.352249 0
    outer loop
      vertex -4.19972 -1.60978 26.4536
      vertex -4.19972 -1.60978 20.5464
      vertex -4.21447 -1.57059 20.6506
    endloop
  endfacet
  facet normal 0.935936 0.352171 0
    outer loop
      vertex -4.18757 -1.64207 26.56
      vertex -4.19972 -1.60978 20.5464
      vertex -4.19972 -1.60978 26.4536
    endloop
  endfacet
  facet normal 0.935936 0.352171 0
    outer loop
      vertex -4.18757 -1.64207 26.56
      vertex -4.18757 -1.64207 20.44
      vertex -4.19972 -1.60978 20.5464
    endloop
  endfacet
  facet normal 0.935872 0.352341 0
    outer loop
      vertex -4.17806 -1.66733 26.6683
      vertex -4.18757 -1.64207 20.44
      vertex -4.18757 -1.64207 26.56
    endloop
  endfacet
  facet normal 0.935872 0.352341 0
    outer loop
      vertex -4.17806 -1.66733 26.6683
      vertex -4.17806 -1.66733 20.3317
      vertex -4.18757 -1.64207 20.44
    endloop
  endfacet
  facet normal 0.935968 0.352085 0
    outer loop
      vertex -4.17124 -1.68546 26.7781
      vertex -4.17806 -1.66733 20.3317
      vertex -4.17806 -1.66733 26.6683
    endloop
  endfacet
  facet normal 0.935968 0.352085 0
    outer loop
      vertex -4.17124 -1.68546 26.7781
      vertex -4.17124 -1.68546 20.2219
      vertex -4.17806 -1.66733 20.3317
    endloop
  endfacet
  facet normal 0.935976 0.352064 0
    outer loop
      vertex -4.16714 -1.69636 26.8888
      vertex -4.17124 -1.68546 20.2219
      vertex -4.17124 -1.68546 26.7781
    endloop
  endfacet
  facet normal 0.935976 0.352064 0
    outer loop
      vertex -4.16714 -1.69636 26.8888
      vertex -4.16714 -1.69636 20.1112
      vertex -4.17124 -1.68546 20.2219
    endloop
  endfacet
  facet normal 0.935906 0.35225 0
    outer loop
      vertex -4.16577 -1.7 27
      vertex -4.16714 -1.69636 20.1112
      vertex -4.16714 -1.69636 26.8888
    endloop
  endfacet
  facet normal 0.935906 0.35225 0
    outer loop
      vertex -4.16714 -1.69636 20.1112
      vertex -4.16577 -1.7 27
      vertex -4.16577 -1.7 20
    endloop
  endfacet
  facet normal 0.93597 0.352079 0
    outer loop
      vertex -4.25149 -1.47224 19.15
      vertex -4.26118 -1.44648 13.8914
      vertex -4.26118 -1.44648 19.1086
    endloop
  endfacet
  facet normal 0.93597 0.352079 0
    outer loop
      vertex -4.25149 -1.47224 19.15
      vertex -4.25149 -1.47224 13.85
      vertex -4.26118 -1.44648 13.8914
    endloop
  endfacet
  facet normal 0.935888 0.352297 0
    outer loop
      vertex -4.23175 -1.52468 19.2481
      vertex -4.25149 -1.47224 13.85
      vertex -4.25149 -1.47224 19.15
    endloop
  endfacet
  facet normal 0.935888 0.352297 0
    outer loop
      vertex -4.23175 -1.52468 19.2481
      vertex -4.23175 -1.52468 13.7519
      vertex -4.25149 -1.47224 13.85
    endloop
  endfacet
  facet normal 0.935901 0.352263 0
    outer loop
      vertex -4.21447 -1.57059 19.3494
      vertex -4.23175 -1.52468 13.7519
      vertex -4.23175 -1.52468 19.2481
    endloop
  endfacet
  facet normal 0.935901 0.352263 0
    outer loop
      vertex -4.21447 -1.57059 19.3494
      vertex -4.21447 -1.57059 13.6506
      vertex -4.23175 -1.52468 13.7519
    endloop
  endfacet
  facet normal 0.935906 0.352249 0
    outer loop
      vertex -4.19972 -1.60978 19.4536
      vertex -4.21447 -1.57059 13.6506
      vertex -4.21447 -1.57059 19.3494
    endloop
  endfacet
  facet normal 0.935906 0.352249 0
    outer loop
      vertex -4.19972 -1.60978 19.4536
      vertex -4.19972 -1.60978 13.5464
      vertex -4.21447 -1.57059 13.6506
    endloop
  endfacet
  facet normal 0.935936 0.352171 0
    outer loop
      vertex -4.18757 -1.64207 19.56
      vertex -4.19972 -1.60978 13.5464
      vertex -4.19972 -1.60978 19.4536
    endloop
  endfacet
  facet normal 0.935936 0.352171 0
    outer loop
      vertex -4.18757 -1.64207 19.56
      vertex -4.18757 -1.64207 13.44
      vertex -4.19972 -1.60978 13.5464
    endloop
  endfacet
  facet normal 0.935872 0.352341 0
    outer loop
      vertex -4.17806 -1.66733 19.6683
      vertex -4.18757 -1.64207 13.44
      vertex -4.18757 -1.64207 19.56
    endloop
  endfacet
  facet normal 0.935872 0.352341 0
    outer loop
      vertex -4.17806 -1.66733 19.6683
      vertex -4.17806 -1.66733 13.3317
      vertex -4.18757 -1.64207 13.44
    endloop
  endfacet
  facet normal 0.935968 0.352085 0
    outer loop
      vertex -4.17124 -1.68546 19.7781
      vertex -4.17806 -1.66733 13.3317
      vertex -4.17806 -1.66733 19.6683
    endloop
  endfacet
  facet normal 0.935968 0.352085 0
    outer loop
      vertex -4.17124 -1.68546 19.7781
      vertex -4.17124 -1.68546 13.2219
      vertex -4.17806 -1.66733 13.3317
    endloop
  endfacet
  facet normal 0.935976 0.352064 0
    outer loop
      vertex -4.16714 -1.69636 19.8888
      vertex -4.17124 -1.68546 13.2219
      vertex -4.17124 -1.68546 19.7781
    endloop
  endfacet
  facet normal 0.935976 0.352064 0
    outer loop
      vertex -4.16714 -1.69636 19.8888
      vertex -4.16714 -1.69636 13.1112
      vertex -4.17124 -1.68546 13.2219
    endloop
  endfacet
  facet normal 0.935906 0.35225 0
    outer loop
      vertex -4.16577 -1.7 20
      vertex -4.16714 -1.69636 13.1112
      vertex -4.16714 -1.69636 19.8888
    endloop
  endfacet
  facet normal 0.935906 0.35225 0
    outer loop
      vertex -4.16714 -1.69636 13.1112
      vertex -4.16577 -1.7 20
      vertex -4.16577 -1.7 13
    endloop
  endfacet
  facet normal 0.93597 0.352079 0
    outer loop
      vertex -4.25149 -1.47224 12.15
      vertex -4.26118 -1.44648 6.89143
      vertex -4.26118 -1.44648 12.1086
    endloop
  endfacet
  facet normal 0.93597 0.352079 0
    outer loop
      vertex -4.25149 -1.47224 12.15
      vertex -4.25149 -1.47224 6.85
      vertex -4.26118 -1.44648 6.89143
    endloop
  endfacet
  facet normal 0.935888 0.352297 0
    outer loop
      vertex -4.23175 -1.52468 12.2481
      vertex -4.25149 -1.47224 6.85
      vertex -4.25149 -1.47224 12.15
    endloop
  endfacet
  facet normal 0.935888 0.352297 0
    outer loop
      vertex -4.23175 -1.52468 12.2481
      vertex -4.23175 -1.52468 6.75189
      vertex -4.25149 -1.47224 6.85
    endloop
  endfacet
  facet normal 0.935901 0.352263 0
    outer loop
      vertex -4.21447 -1.57059 12.3494
      vertex -4.23175 -1.52468 6.75189
      vertex -4.23175 -1.52468 12.2481
    endloop
  endfacet
  facet normal 0.935901 0.352263 0
    outer loop
      vertex -4.21447 -1.57059 12.3494
      vertex -4.21447 -1.57059 6.65056
      vertex -4.23175 -1.52468 6.75189
    endloop
  endfacet
  facet normal 0.935906 0.352249 0
    outer loop
      vertex -4.19972 -1.60978 12.4536
      vertex -4.21447 -1.57059 6.65056
      vertex -4.21447 -1.57059 12.3494
    endloop
  endfacet
  facet normal 0.935906 0.352249 0
    outer loop
      vertex -4.19972 -1.60978 12.4536
      vertex -4.19972 -1.60978 6.54645
      vertex -4.21447 -1.57059 6.65056
    endloop
  endfacet
  facet normal 0.935936 0.352171 0
    outer loop
      vertex -4.18757 -1.64207 12.56
      vertex -4.19972 -1.60978 6.54645
      vertex -4.19972 -1.60978 12.4536
    endloop
  endfacet
  facet normal 0.935936 0.352171 0
    outer loop
      vertex -4.18757 -1.64207 12.56
      vertex -4.18757 -1.64207 6.43999
      vertex -4.19972 -1.60978 6.54645
    endloop
  endfacet
  facet normal 0.935872 0.352341 0
    outer loop
      vertex -4.17806 -1.66733 12.6683
      vertex -4.18757 -1.64207 6.43999
      vertex -4.18757 -1.64207 12.56
    endloop
  endfacet
  facet normal 0.935872 0.352341 0
    outer loop
      vertex -4.17806 -1.66733 12.6683
      vertex -4.17806 -1.66733 6.33165
      vertex -4.18757 -1.64207 6.43999
    endloop
  endfacet
  facet normal 0.935968 0.352085 0
    outer loop
      vertex -4.17124 -1.68546 12.7781
      vertex -4.17806 -1.66733 6.33165
      vertex -4.17806 -1.66733 12.6683
    endloop
  endfacet
  facet normal 0.935968 0.352085 0
    outer loop
      vertex -4.17124 -1.68546 12.7781
      vertex -4.17124 -1.68546 6.22189
      vertex -4.17806 -1.66733 6.33165
    endloop
  endfacet
  facet normal 0.935976 0.352064 0
    outer loop
      vertex -4.16714 -1.69636 12.8888
      vertex -4.17124 -1.68546 6.22189
      vertex -4.17124 -1.68546 12.7781
    endloop
  endfacet
  facet normal 0.935976 0.352064 0
    outer loop
      vertex -4.16714 -1.69636 12.8888
      vertex -4.16714 -1.69636 6.11119
      vertex -4.17124 -1.68546 6.22189
    endloop
  endfacet
  facet normal 0.935906 0.35225 0
    outer loop
      vertex -4.16577 -1.7 13
      vertex -4.16714 -1.69636 6.11119
      vertex -4.16714 -1.69636 12.8888
    endloop
  endfacet
  facet normal 0.935906 0.35225 0
    outer loop
      vertex -4.16714 -1.69636 6.11119
      vertex -4.16577 -1.7 13
      vertex -4.16577 -1.7 6
    endloop
  endfacet
  facet normal 0.935966 0.352091 8.90125e-06
    outer loop
      vertex -4.15746 -1.72207 0
      vertex -4.26118 -1.44648 5.10857
      vertex -4.25149 -1.47224 5.15
    endloop
  endfacet
  facet normal 0.93589 0.352293 -2.25889e-06
    outer loop
      vertex -4.15746 -1.72207 0
      vertex -4.25149 -1.47224 5.15
      vertex -4.23175 -1.52468 5.24811
    endloop
  endfacet
  facet normal 0.935902 0.352261 -8.79799e-07
    outer loop
      vertex -4.15746 -1.72207 0
      vertex -4.23175 -1.52468 5.24811
      vertex -4.21447 -1.57059 5.34944
    endloop
  endfacet
  facet normal 0.935907 0.352248 -4.48823e-07
    outer loop
      vertex -4.15746 -1.72207 0
      vertex -4.21447 -1.57059 5.34944
      vertex -4.19972 -1.60978 5.45355
    endloop
  endfacet
  facet normal 0.935934 0.352175 1.25372e-06
    outer loop
      vertex -4.15746 -1.72207 0
      vertex -4.19972 -1.60978 5.45355
      vertex -4.18757 -1.64207 5.56001
    endloop
  endfacet
  facet normal 0.935874 0.352336 -1.38957e-06
    outer loop
      vertex -4.15746 -1.72207 0
      vertex -4.18757 -1.64207 5.56001
      vertex -4.17806 -1.66733 5.66835
    endloop
  endfacet
  facet normal 0.935965 0.352092 1.30102e-06
    outer loop
      vertex -4.15746 -1.72207 0
      vertex -4.17806 -1.66733 5.66835
      vertex -4.17124 -1.68546 5.7781
    endloop
  endfacet
  facet normal 0.935971 0.352077 1.41022e-06
    outer loop
      vertex -4.15746 -1.72207 0
      vertex -4.17124 -1.68546 5.7781
      vertex -4.16714 -1.69636 5.88881
    endloop
  endfacet
  facet normal 0.935911 0.352236 0
    outer loop
      vertex -4.26118 -1.44648 5.10857
      vertex -4.15746 -1.72207 0
      vertex -4.26118 -1.44648 0
    endloop
  endfacet
  facet normal 0.935901 0.352263 4.8155e-07
    outer loop
      vertex -4.16577 -1.7 6
      vertex -4.15746 -1.72207 0
      vertex -4.16714 -1.69636 5.88881
    endloop
  endfacet
  facet normal 0.935858 0.352378 -0
    outer loop
      vertex -4.15746 -1.72207 0
      vertex -4.16577 -1.7 6
      vertex -4.15746 -1.72207 93
    endloop
  endfacet
  facet normal 0.881911 0.471416 0
    outer loop
      vertex -3.89711 -2.25 93
      vertex -4.03593 -1.9903 0
      vertex -4.03593 -1.9903 93
    endloop
  endfacet
  facet normal 0.881911 0.471416 0
    outer loop
      vertex -4.03593 -1.9903 0
      vertex -3.89711 -2.25 93
      vertex -3.89711 -2.25 0
    endloop
  endfacet
  facet normal 0.773012 0.634391 0
    outer loop
      vertex -3.38328 -2.96706 93
      vertex -3.57009 -2.73943 0
      vertex -3.57009 -2.73943 93
    endloop
  endfacet
  facet normal 0.773012 0.634391 0
    outer loop
      vertex -3.57009 -2.73943 0
      vertex -3.38328 -2.96706 93
      vertex -3.38328 -2.96706 0
    endloop
  endfacet
endsolid OpenSCAD_Model
