solid OpenSCAD_Model
  facet normal -1 0 0
    outer loop
      vertex -99 -99 -74
      vertex -99 99 3
      vertex -99 99 -74
    endloop
  endfacet
  facet normal -1 -0 0
    outer loop
      vertex -99 99 3
      vertex -99 -99 -74
      vertex -99 -99 3
    endloop
  endfacet
  facet normal 1 -0 0
    outer loop
      vertex 99 -99 3
      vertex 99 99 -74
      vertex 99 99 3
    endloop
  endfacet
  facet normal 1 0 0
    outer loop
      vertex 99 99 -74
      vertex 99 -99 3
      vertex 99 -99 -74
    endloop
  endfacet
  facet normal 0 0 -1
    outer loop
      vertex 99 -99 -74
      vertex 96 -96 -74
      vertex 99 99 -74
    endloop
  endfacet
  facet normal 0 0 -1
    outer loop
      vertex 99 -99 -74
      vertex -96 -96 -74
      vertex 96 -96 -74
    endloop
  endfacet
  facet normal -0 0 -1
    outer loop
      vertex -96 -96 -74
      vertex -99 -99 -74
      vertex -96 96 -74
    endloop
  endfacet
  facet normal 0 0 -1
    outer loop
      vertex -99 -99 -74
      vertex -96 -96 -74
      vertex 99 -99 -74
    endloop
  endfacet
  facet normal 0 0 -1
    outer loop
      vertex 96 96 -74
      vertex 99 99 -74
      vertex 96 -96 -74
    endloop
  endfacet
  facet normal 0 0 -1
    outer loop
      vertex -96 96 -74
      vertex 99 99 -74
      vertex 96 96 -74
    endloop
  endfacet
  facet normal 0 0 -1
    outer loop
      vertex -96 96 -74
      vertex -99 99 -74
      vertex 99 99 -74
    endloop
  endfacet
  facet normal 0 0 -1
    outer loop
      vertex -99 99 -74
      vertex -96 96 -74
      vertex -99 -99 -74
    endloop
  endfacet
  facet normal 0 -1 0
    outer loop
      vertex -99 -99 -74
      vertex 99 -99 3
      vertex -99 -99 3
    endloop
  endfacet
  facet normal 0 -1 -0
    outer loop
      vertex 99 -99 3
      vertex -99 -99 -74
      vertex 99 -99 -74
    endloop
  endfacet
  facet normal 0 1 -0
    outer loop
      vertex 99 99 -74
      vertex -99 99 3
      vertex 99 99 3
    endloop
  endfacet
  facet normal 0 1 0
    outer loop
      vertex -99 99 3
      vertex 99 99 -74
      vertex -99 99 -74
    endloop
  endfacet
  facet normal 1 -0 0
    outer loop
      vertex -96 -96 0
      vertex -96 96 -74
      vertex -96 96 0
    endloop
  endfacet
  facet normal 1 0 0
    outer loop
      vertex -96 96 -74
      vertex -96 -96 0
      vertex -96 -96 -74
    endloop
  endfacet
  facet normal -1 0 0
    outer loop
      vertex 96 -96 -74
      vertex 96 96 0
      vertex 96 96 -74
    endloop
  endfacet
  facet normal -1 -0 0
    outer loop
      vertex 96 96 0
      vertex 96 -96 -74
      vertex 96 -96 0
    endloop
  endfacet
  facet normal 0 -1 0
    outer loop
      vertex -96 96 -74
      vertex 96 96 0
      vertex -96 96 0
    endloop
  endfacet
  facet normal 0 -1 -0
    outer loop
      vertex 96 96 0
      vertex -96 96 -74
      vertex 96 96 -74
    endloop
  endfacet
  facet normal 0 1 -0
    outer loop
      vertex 96 -96 -74
      vertex -96 -96 0
      vertex 96 -96 0
    endloop
  endfacet
  facet normal 0 1 0
    outer loop
      vertex -96 -96 0
      vertex 96 -96 -74
      vertex -96 -96 -74
    endloop
  endfacet
  facet normal 0 0 1
    outer loop
      vertex 20.6949 -8.57211 3
      vertex 17.6964 -27.6016 3
      vertex 17.7 -27.7128 3
    endloop
  endfacet
  facet normal 0 0 1
    outer loop
      vertex 18.6249 -12.4448 3
      vertex 17.6855 -27.4909 3
      vertex 17.6964 -27.6016 3
    endloop
  endfacet
  facet normal 0 0 1
    outer loop
      vertex 18.6249 -12.4448 3
      vertex 17.6673 -27.3812 3
      vertex 17.6855 -27.4909 3
    endloop
  endfacet
  facet normal 0 0 1
    outer loop
      vertex 18.6249 -12.4448 3
      vertex 17.6421 -27.2728 3
      vertex 17.6673 -27.3812 3
    endloop
  endfacet
  facet normal 0 0 1
    outer loop
      vertex 18.6249 -12.4448 3
      vertex 17.6098 -27.1664 3
      vertex 17.6421 -27.2728 3
    endloop
  endfacet
  facet normal 0 0 1
    outer loop
      vertex 18.6249 -12.4448 3
      vertex 17.5706 -27.0623 3
      vertex 17.6098 -27.1664 3
    endloop
  endfacet
  facet normal 0 0 1
    outer loop
      vertex 18.6249 -12.4448 3
      vertex 17.5247 -26.9609 3
      vertex 17.5706 -27.0623 3
    endloop
  endfacet
  facet normal 0 0 1
    outer loop
      vertex 18.6249 -12.4448 3
      vertex 17.4722 -26.8628 3
      vertex 17.5247 -26.9609 3
    endloop
  endfacet
  facet normal 0 0 1
    outer loop
      vertex 17.7711 -13.6363 3
      vertex 17.4135 -26.7683 3
      vertex 17.4722 -26.8628 3
    endloop
  endfacet
  facet normal 0 0 1
    outer loop
      vertex 17.7711 -13.6363 3
      vertex 17.3487 -26.6779 3
      vertex 17.4135 -26.7683 3
    endloop
  endfacet
  facet normal 0 0 1
    outer loop
      vertex 17.7711 -13.6363 3
      vertex 17.2781 -26.5919 3
      vertex 17.3487 -26.6779 3
    endloop
  endfacet
  facet normal -0 0 1
    outer loop
      vertex 16.8412 -14.7693 3
      vertex 17.2781 -26.5919 3
      vertex 17.7711 -13.6363 3
    endloop
  endfacet
  facet normal 0 0 1
    outer loop
      vertex 17.2781 -26.5919 3
      vertex 16.8412 -14.7693 3
      vertex 17.2021 -26.5107 3
    endloop
  endfacet
  facet normal 0 0 1
    outer loop
      vertex 17.2021 -26.5107 3
      vertex 16.8412 -14.7693 3
      vertex 17.1209 -26.4347 3
    endloop
  endfacet
  facet normal 0 0 1
    outer loop
      vertex 17.1209 -26.4347 3
      vertex 16.8412 -14.7693 3
      vertex 17.0349 -26.3641 3
    endloop
  endfacet
  facet normal -0 0 1
    outer loop
      vertex 15.8392 -15.8392 3
      vertex 17.0349 -26.3641 3
      vertex 16.8412 -14.7693 3
    endloop
  endfacet
  facet normal 0 0 1
    outer loop
      vertex 17.0349 -26.3641 3
      vertex 15.8392 -15.8392 3
      vertex 16.9445 -26.2993 3
    endloop
  endfacet
  facet normal 0 0 1
    outer loop
      vertex 16.9445 -26.2993 3
      vertex 15.8392 -15.8392 3
      vertex 16.85 -26.2406 3
    endloop
  endfacet
  facet normal 0 0 1
    outer loop
      vertex 16.85 -26.2406 3
      vertex 15.8392 -15.8392 3
      vertex 16.7519 -26.1881 3
    endloop
  endfacet
  facet normal -0 0 1
    outer loop
      vertex 14.7693 -16.8412 3
      vertex 16.7519 -26.1881 3
      vertex 15.8392 -15.8392 3
    endloop
  endfacet
  facet normal 0 0 1
    outer loop
      vertex 16.7519 -26.1881 3
      vertex 14.7693 -16.8412 3
      vertex 16.6506 -26.1422 3
    endloop
  endfacet
  facet normal 0 0 1
    outer loop
      vertex 16.6506 -26.1422 3
      vertex 14.7693 -16.8412 3
      vertex 16.5464 -26.103 3
    endloop
  endfacet
  facet normal 0 0 1
    outer loop
      vertex 16.5464 -26.103 3
      vertex 14.7693 -16.8412 3
      vertex 16.44 -26.0707 3
    endloop
  endfacet
  facet normal 0 0 1
    outer loop
      vertex 16.44 -26.0707 3
      vertex 14.7693 -16.8412 3
      vertex 16.3317 -26.0455 3
    endloop
  endfacet
  facet normal -0 0 1
    outer loop
      vertex 13.6363 -17.7711 3
      vertex 16.3317 -26.0455 3
      vertex 14.7693 -16.8412 3
    endloop
  endfacet
  facet normal 0 0 1
    outer loop
      vertex 16.3317 -26.0455 3
      vertex 13.6363 -17.7711 3
      vertex 16.2219 -26.0274 3
    endloop
  endfacet
  facet normal 0 0 1
    outer loop
      vertex 16.2219 -26.0274 3
      vertex 13.6363 -17.7711 3
      vertex 16.1112 -26.0165 3
    endloop
  endfacet
  facet normal 0 0 1
    outer loop
      vertex 16.1112 -26.0165 3
      vertex 13.6363 -17.7711 3
      vertex 16 -26.0128 3
    endloop
  endfacet
  facet normal 0 0 1
    outer loop
      vertex 16 -26.0128 3
      vertex 13.6363 -17.7711 3
      vertex 15.8888 -26.0165 3
    endloop
  endfacet
  facet normal -0 0 1
    outer loop
      vertex 12.4448 -18.6249 3
      vertex 15.8888 -26.0165 3
      vertex 13.6363 -17.7711 3
    endloop
  endfacet
  facet normal 0 0 1
    outer loop
      vertex 15.8888 -26.0165 3
      vertex 12.4448 -18.6249 3
      vertex 15.7781 -26.0274 3
    endloop
  endfacet
  facet normal 0 0 1
    outer loop
      vertex 15.7781 -26.0274 3
      vertex 12.4448 -18.6249 3
      vertex 15.6683 -26.0455 3
    endloop
  endfacet
  facet normal 0 0 1
    outer loop
      vertex 15.6683 -26.0455 3
      vertex 12.4448 -18.6249 3
      vertex 15.56 -26.0707 3
    endloop
  endfacet
  facet normal 0 0 1
    outer loop
      vertex 15.56 -26.0707 3
      vertex 12.4448 -18.6249 3
      vertex 15.4536 -26.103 3
    endloop
  endfacet
  facet normal 0 0 1
    outer loop
      vertex 15.4536 -26.103 3
      vertex 12.4448 -18.6249 3
      vertex 15.3494 -26.1422 3
    endloop
  endfacet
  facet normal -0 0 1
    outer loop
      vertex 11.2 -19.399 3
      vertex 15.3494 -26.1422 3
      vertex 12.4448 -18.6249 3
    endloop
  endfacet
  facet normal 0 0 1
    outer loop
      vertex 15.3494 -26.1422 3
      vertex 11.2 -19.399 3
      vertex 15.2481 -26.1881 3
    endloop
  endfacet
  facet normal 0 0 1
    outer loop
      vertex 15.2481 -26.1881 3
      vertex 11.2 -19.399 3
      vertex 15.15 -26.2406 3
    endloop
  endfacet
  facet normal 0 0 1
    outer loop
      vertex 15.15 -26.2406 3
      vertex 11.2 -19.399 3
      vertex 15.0555 -26.2993 3
    endloop
  endfacet
  facet normal 0 0 1
    outer loop
      vertex 15.0555 -26.2993 3
      vertex 11.2 -19.399 3
      vertex 14.9651 -26.3641 3
    endloop
  endfacet
  facet normal -0 0 1
    outer loop
      vertex 9.90727 -20.0899 3
      vertex 14.9651 -26.3641 3
      vertex 11.2 -19.399 3
    endloop
  endfacet
  facet normal 0 0 1
    outer loop
      vertex 14.9651 -26.3641 3
      vertex 9.90727 -20.0899 3
      vertex 14.8791 -26.4347 3
    endloop
  endfacet
  facet normal 0 0 1
    outer loop
      vertex 14.8791 -26.4347 3
      vertex 9.90727 -20.0899 3
      vertex 14.7979 -26.5107 3
    endloop
  endfacet
  facet normal 0 0 1
    outer loop
      vertex 14.7979 -26.5107 3
      vertex 9.90727 -20.0899 3
      vertex 14.7219 -26.5919 3
    endloop
  endfacet
  facet normal 0 0 1
    outer loop
      vertex 14.7219 -26.5919 3
      vertex 9.90727 -20.0899 3
      vertex 14.6513 -26.6779 3
    endloop
  endfacet
  facet normal 0 0 1
    outer loop
      vertex 14.6513 -26.6779 3
      vertex 9.90727 -20.0899 3
      vertex 14.5865 -26.7683 3
    endloop
  endfacet
  facet normal -0 0 1
    outer loop
      vertex 8.57211 -20.6949 3
      vertex 14.5865 -26.7683 3
      vertex 9.90727 -20.0899 3
    endloop
  endfacet
  facet normal 0 0 1
    outer loop
      vertex 14.5865 -26.7683 3
      vertex 8.57211 -20.6949 3
      vertex 14.5278 -26.8628 3
    endloop
  endfacet
  facet normal 0 0 1
    outer loop
      vertex 14.5278 -26.8628 3
      vertex 8.57211 -20.6949 3
      vertex 14.4753 -26.9609 3
    endloop
  endfacet
  facet normal 0 0 1
    outer loop
      vertex 14.4753 -26.9609 3
      vertex 8.57211 -20.6949 3
      vertex 14.4294 -27.0623 3
    endloop
  endfacet
  facet normal -0 0 1
    outer loop
      vertex 7.20024 -21.2112 3
      vertex 14.3902 -27.1664 3
      vertex 8.57211 -20.6949 3
    endloop
  endfacet
  facet normal 0 0 1
    outer loop
      vertex 14.4294 -27.0623 3
      vertex 8.57211 -20.6949 3
      vertex 14.3902 -27.1664 3
    endloop
  endfacet
  facet normal 0 0 1
    outer loop
      vertex 99 99 3
      vertex 22.4 0 3
      vertex 99 -99 3
    endloop
  endfacet
  facet normal 0 0 1
    outer loop
      vertex 99 99 3
      vertex 22.352 1.46503 3
      vertex 22.4 0 3
    endloop
  endfacet
  facet normal 0 0 1
    outer loop
      vertex 99 99 3
      vertex 22.2084 2.92379 3
      vertex 22.352 1.46503 3
    endloop
  endfacet
  facet normal 0 0 1
    outer loop
      vertex 99 99 3
      vertex 21.9696 4.37002 3
      vertex 22.2084 2.92379 3
    endloop
  endfacet
  facet normal 0 0 1
    outer loop
      vertex 99 99 3
      vertex 21.6367 5.79755 3
      vertex 21.9696 4.37002 3
    endloop
  endfacet
  facet normal 0 0 1
    outer loop
      vertex 99 99 3
      vertex 21.2112 7.20024 3
      vertex 21.6367 5.79755 3
    endloop
  endfacet
  facet normal -0 0 1
    outer loop
      vertex 17.7 27.7128 3
      vertex 21.2112 7.20024 3
      vertex 99 99 3
    endloop
  endfacet
  facet normal 0 0 1
    outer loop
      vertex 21.2112 7.20024 3
      vertex 17.7 27.7128 3
      vertex 20.6949 8.57211 3
    endloop
  endfacet
  facet normal -0 0 1
    outer loop
      vertex 17.6964 27.6016 3
      vertex 20.6949 8.57211 3
      vertex 17.7 27.7128 3
    endloop
  endfacet
  facet normal -0 0 1
    outer loop
      vertex 17.6855 27.4909 3
      vertex 20.6949 8.57211 3
      vertex 17.6964 27.6016 3
    endloop
  endfacet
  facet normal -0 0 1
    outer loop
      vertex 17.6673 27.3812 3
      vertex 20.0899 9.90727 3
      vertex 17.6855 27.4909 3
    endloop
  endfacet
  facet normal 0 0 1
    outer loop
      vertex 20.6949 8.57211 3
      vertex 17.6855 27.4909 3
      vertex 20.0899 9.90727 3
    endloop
  endfacet
  facet normal 0 0 1
    outer loop
      vertex 99 99 3
      vertex 17.6964 27.824 3
      vertex 17.7 27.7128 3
    endloop
  endfacet
  facet normal 0 0 1
    outer loop
      vertex 99 99 3
      vertex 17.6855 27.9347 3
      vertex 17.6964 27.824 3
    endloop
  endfacet
  facet normal 0 0 1
    outer loop
      vertex 99 99 3
      vertex 17.6673 28.0445 3
      vertex 17.6855 27.9347 3
    endloop
  endfacet
  facet normal 0 0 1
    outer loop
      vertex 99 99 3
      vertex 17.6421 28.1528 3
      vertex 17.6673 28.0445 3
    endloop
  endfacet
  facet normal 0 0 1
    outer loop
      vertex 99 99 3
      vertex 17.6098 28.2593 3
      vertex 17.6421 28.1528 3
    endloop
  endfacet
  facet normal 0 0 1
    outer loop
      vertex 99 99 3
      vertex 17.5706 28.3634 3
      vertex 17.6098 28.2593 3
    endloop
  endfacet
  facet normal 0 0 1
    outer loop
      vertex 99 99 3
      vertex 17.5247 28.4647 3
      vertex 17.5706 28.3634 3
    endloop
  endfacet
  facet normal 0 0 1
    outer loop
      vertex 99 99 3
      vertex 17.4722 28.5628 3
      vertex 17.5247 28.4647 3
    endloop
  endfacet
  facet normal 0 0 1
    outer loop
      vertex 99 99 3
      vertex 17.4135 28.6573 3
      vertex 17.4722 28.5628 3
    endloop
  endfacet
  facet normal 0 0 1
    outer loop
      vertex 99 99 3
      vertex 17.3487 28.7477 3
      vertex 17.4135 28.6573 3
    endloop
  endfacet
  facet normal 0 0 1
    outer loop
      vertex 99 99 3
      vertex 17.2781 28.8337 3
      vertex 17.3487 28.7477 3
    endloop
  endfacet
  facet normal 0 0 1
    outer loop
      vertex 99 99 3
      vertex 17.2021 28.9149 3
      vertex 17.2781 28.8337 3
    endloop
  endfacet
  facet normal 0 0 1
    outer loop
      vertex 99 99 3
      vertex 17.1209 28.9909 3
      vertex 17.2021 28.9149 3
    endloop
  endfacet
  facet normal 0 0 1
    outer loop
      vertex 99 99 3
      vertex 17.0349 29.0615 3
      vertex 17.1209 28.9909 3
    endloop
  endfacet
  facet normal 0 0 1
    outer loop
      vertex 99 99 3
      vertex 16.9445 29.1263 3
      vertex 17.0349 29.0615 3
    endloop
  endfacet
  facet normal 0 0 1
    outer loop
      vertex 99 99 3
      vertex 16.85 29.1851 3
      vertex 16.9445 29.1263 3
    endloop
  endfacet
  facet normal 0 0 1
    outer loop
      vertex 99 99 3
      vertex 16.7519 29.2375 3
      vertex 16.85 29.1851 3
    endloop
  endfacet
  facet normal 0 0 1
    outer loop
      vertex 99 99 3
      vertex 16.6506 29.2834 3
      vertex 16.7519 29.2375 3
    endloop
  endfacet
  facet normal 0 0 1
    outer loop
      vertex 99 99 3
      vertex 16.5464 29.3226 3
      vertex 16.6506 29.2834 3
    endloop
  endfacet
  facet normal 0 0 1
    outer loop
      vertex 99 99 3
      vertex 16.44 29.3549 3
      vertex 16.5464 29.3226 3
    endloop
  endfacet
  facet normal 0 0 1
    outer loop
      vertex 99 99 3
      vertex 16.3317 29.3801 3
      vertex 16.44 29.3549 3
    endloop
  endfacet
  facet normal 0 0 1
    outer loop
      vertex 99 99 3
      vertex 16.2219 29.3983 3
      vertex 16.3317 29.3801 3
    endloop
  endfacet
  facet normal 0 0 1
    outer loop
      vertex 99 99 3
      vertex 16.1112 29.4092 3
      vertex 16.2219 29.3983 3
    endloop
  endfacet
  facet normal 0 0 1
    outer loop
      vertex 99 99 3
      vertex 16 29.4128 3
      vertex 16.1112 29.4092 3
    endloop
  endfacet
  facet normal 0 0 1
    outer loop
      vertex 99 99 3
      vertex 15.8888 29.4092 3
      vertex 16 29.4128 3
    endloop
  endfacet
  facet normal 0 0 1
    outer loop
      vertex 99 99 3
      vertex 15.7781 29.3983 3
      vertex 15.8888 29.4092 3
    endloop
  endfacet
  facet normal -0 0 1
    outer loop
      vertex -99 99 3
      vertex 15.7781 29.3983 3
      vertex 99 99 3
    endloop
  endfacet
  facet normal 0 0 1
    outer loop
      vertex 15.7781 29.3983 3
      vertex -99 99 3
      vertex 15.6683 29.3801 3
    endloop
  endfacet
  facet normal 0 0 1
    outer loop
      vertex 15.6683 29.3801 3
      vertex -99 99 3
      vertex 15.56 29.3549 3
    endloop
  endfacet
  facet normal 0 0 1
    outer loop
      vertex 15.56 29.3549 3
      vertex -99 99 3
      vertex 15.4536 29.3226 3
    endloop
  endfacet
  facet normal 0 0 1
    outer loop
      vertex 15.4536 29.3226 3
      vertex -99 99 3
      vertex 15.3494 29.2834 3
    endloop
  endfacet
  facet normal 0 0 1
    outer loop
      vertex 15.3494 29.2834 3
      vertex -99 99 3
      vertex 15.2481 29.2375 3
    endloop
  endfacet
  facet normal 0 0 1
    outer loop
      vertex 15.2481 29.2375 3
      vertex -99 99 3
      vertex 15.15 29.1851 3
    endloop
  endfacet
  facet normal 0 -0 1
    outer loop
      vertex -4.37002 21.9696 3
      vertex 15.15 29.1851 3
      vertex -99 99 3
    endloop
  endfacet
  facet normal 0 0 1
    outer loop
      vertex 15.15 29.1851 3
      vertex -4.37002 21.9696 3
      vertex 15.0555 29.1263 3
    endloop
  endfacet
  facet normal 0 0 1
    outer loop
      vertex 5.79755 21.6367 3
      vertex 14.3 27.7128 3
      vertex 14.3036 27.824 3
    endloop
  endfacet
  facet normal 0 0 1
    outer loop
      vertex 14.3 27.7128 3
      vertex 12.4448 18.6249 3
      vertex 13.6363 17.7711 3
    endloop
  endfacet
  facet normal 0 0 1
    outer loop
      vertex 5.79755 21.6367 3
      vertex 14.3036 27.824 3
      vertex 14.3145 27.9347 3
    endloop
  endfacet
  facet normal 0 0 1
    outer loop
      vertex 5.79755 21.6367 3
      vertex 14.3145 27.9347 3
      vertex 14.3327 28.0445 3
    endloop
  endfacet
  facet normal 0 0 1
    outer loop
      vertex 14.3 27.7128 3
      vertex 11.2 19.399 3
      vertex 12.4448 18.6249 3
    endloop
  endfacet
  facet normal 0 0 1
    outer loop
      vertex 4.37002 21.9696 3
      vertex 14.3327 28.0445 3
      vertex 14.3579 28.1528 3
    endloop
  endfacet
  facet normal 0 0 1
    outer loop
      vertex 4.37002 21.9696 3
      vertex 14.3579 28.1528 3
      vertex 14.3902 28.2593 3
    endloop
  endfacet
  facet normal 0 0 1
    outer loop
      vertex 14.3 27.7128 3
      vertex 9.90727 20.0899 3
      vertex 11.2 19.399 3
    endloop
  endfacet
  facet normal 0 0 1
    outer loop
      vertex 4.37002 21.9696 3
      vertex 14.3902 28.2593 3
      vertex 14.4294 28.3634 3
    endloop
  endfacet
  facet normal 0 0 1
    outer loop
      vertex 2.92379 22.2084 3
      vertex 14.4294 28.3634 3
      vertex 14.4753 28.4647 3
    endloop
  endfacet
  facet normal 0 0 1
    outer loop
      vertex 2.92379 22.2084 3
      vertex 14.4753 28.4647 3
      vertex 14.5278 28.5628 3
    endloop
  endfacet
  facet normal 0 0 1
    outer loop
      vertex 14.3 27.7128 3
      vertex 8.57211 20.6949 3
      vertex 9.90727 20.0899 3
    endloop
  endfacet
  facet normal 0 0 1
    outer loop
      vertex 1.46503 22.352 3
      vertex 14.5278 28.5628 3
      vertex 14.5865 28.6573 3
    endloop
  endfacet
  facet normal 0 0 1
    outer loop
      vertex 1.46503 22.352 3
      vertex 14.5865 28.6573 3
      vertex 14.6513 28.7477 3
    endloop
  endfacet
  facet normal 0 0 1
    outer loop
      vertex 14.3 27.7128 3
      vertex 7.20024 21.2112 3
      vertex 8.57211 20.6949 3
    endloop
  endfacet
  facet normal 0 0 1
    outer loop
      vertex 0 22.4 3
      vertex 14.6513 28.7477 3
      vertex 14.7219 28.8337 3
    endloop
  endfacet
  facet normal 0 0 1
    outer loop
      vertex 0 22.4 3
      vertex 14.7219 28.8337 3
      vertex 14.7979 28.9149 3
    endloop
  endfacet
  facet normal 0 0 1
    outer loop
      vertex 14.3 27.7128 3
      vertex 5.79755 21.6367 3
      vertex 7.20024 21.2112 3
    endloop
  endfacet
  facet normal 0 0 1
    outer loop
      vertex -1.46503 22.352 3
      vertex 14.7979 28.9149 3
      vertex 14.8791 28.9909 3
    endloop
  endfacet
  facet normal 0 -0 1
    outer loop
      vertex -2.92379 22.2084 3
      vertex 15.0555 29.1263 3
      vertex -4.37002 21.9696 3
    endloop
  endfacet
  facet normal 0 0 1
    outer loop
      vertex 14.3327 28.0445 3
      vertex 4.37002 21.9696 3
      vertex 5.79755 21.6367 3
    endloop
  endfacet
  facet normal 0 0 1
    outer loop
      vertex 14.4294 28.3634 3
      vertex 2.92379 22.2084 3
      vertex 4.37002 21.9696 3
    endloop
  endfacet
  facet normal 0 0 1
    outer loop
      vertex 14.5278 28.5628 3
      vertex 1.46503 22.352 3
      vertex 2.92379 22.2084 3
    endloop
  endfacet
  facet normal 0 0 1
    outer loop
      vertex 14.6513 28.7477 3
      vertex 0 22.4 3
      vertex 1.46503 22.352 3
    endloop
  endfacet
  facet normal 0 0 1
    outer loop
      vertex 15.0555 29.1263 3
      vertex -2.92379 22.2084 3
      vertex 14.9651 29.0615 3
    endloop
  endfacet
  facet normal 0 0 1
    outer loop
      vertex 14.7979 28.9149 3
      vertex -1.46503 22.352 3
      vertex 0 22.4 3
    endloop
  endfacet
  facet normal 0 0 1
    outer loop
      vertex 14.9651 29.0615 3
      vertex -1.46503 22.352 3
      vertex 14.8791 28.9909 3
    endloop
  endfacet
  facet normal 0 -0 1
    outer loop
      vertex -1.46503 22.352 3
      vertex 14.9651 29.0615 3
      vertex -2.92379 22.2084 3
    endloop
  endfacet
  facet normal 0 0 1
    outer loop
      vertex -4.37002 21.9696 3
      vertex -99 99 3
      vertex -5.79755 21.6367 3
    endloop
  endfacet
  facet normal 0 0 1
    outer loop
      vertex -5.79755 21.6367 3
      vertex -99 99 3
      vertex -7.20024 21.2112 3
    endloop
  endfacet
  facet normal 0 0 1
    outer loop
      vertex -7.20024 21.2112 3
      vertex -99 99 3
      vertex -8.57211 20.6949 3
    endloop
  endfacet
  facet normal 0 0 1
    outer loop
      vertex -8.57211 20.6949 3
      vertex -99 99 3
      vertex -9.90727 20.0899 3
    endloop
  endfacet
  facet normal 0 0 1
    outer loop
      vertex -9.90727 20.0899 3
      vertex -99 99 3
      vertex -11.2 19.399 3
    endloop
  endfacet
  facet normal 0 0 1
    outer loop
      vertex -11.2 19.399 3
      vertex -99 99 3
      vertex -12.4448 18.6249 3
    endloop
  endfacet
  facet normal -0 0 1
    outer loop
      vertex -30.3145 0.221894 3
      vertex -22.4 0 3
      vertex -22.352 1.46503 3
    endloop
  endfacet
  facet normal 0 0 1
    outer loop
      vertex -30.4753 0.75189 3
      vertex -22.352 1.46503 3
      vertex -22.2084 2.92379 3
    endloop
  endfacet
  facet normal 0 0 1
    outer loop
      vertex -30.7219 1.12089 3
      vertex -22.2084 2.92379 3
      vertex -21.9696 4.37002 3
    endloop
  endfacet
  facet normal 0 0 1
    outer loop
      vertex -31.0555 1.4135 3
      vertex -21.9696 4.37002 3
      vertex -21.6367 5.79755 3
    endloop
  endfacet
  facet normal 0 0 1
    outer loop
      vertex -31.3494 1.57059 3
      vertex -21.6367 5.79755 3
      vertex -21.2112 7.20024 3
    endloop
  endfacet
  facet normal 0 0 1
    outer loop
      vertex -31.6683 1.66733 3
      vertex -21.2112 7.20024 3
      vertex -20.6949 8.57211 3
    endloop
  endfacet
  facet normal 0 0 1
    outer loop
      vertex -32 1.7 3
      vertex -20.6949 8.57211 3
      vertex -20.0899 9.90727 3
    endloop
  endfacet
  facet normal 0 0 1
    outer loop
      vertex -32.2219 1.68546 3
      vertex -20.0899 9.90727 3
      vertex -19.399 11.2 3
    endloop
  endfacet
  facet normal 0 0 1
    outer loop
      vertex -32.44 1.64207 3
      vertex -19.399 11.2 3
      vertex -18.6249 12.4448 3
    endloop
  endfacet
  facet normal 0 0 1
    outer loop
      vertex -32.6506 1.57059 3
      vertex -18.6249 12.4448 3
      vertex -17.7711 13.6363 3
    endloop
  endfacet
  facet normal 0 0 1
    outer loop
      vertex -32.7519 1.52468 3
      vertex -17.7711 13.6363 3
      vertex -16.8412 14.7693 3
    endloop
  endfacet
  facet normal 0 0 1
    outer loop
      vertex -22.4 0 3
      vertex -30.3036 0.111185 3
      vertex -30.3 0 3
    endloop
  endfacet
  facet normal 0 0 1
    outer loop
      vertex -22.4 0 3
      vertex -30.3145 0.221894 3
      vertex -30.3036 0.111185 3
    endloop
  endfacet
  facet normal 0 0 1
    outer loop
      vertex -22.352 1.46503 3
      vertex -30.3327 0.331653 3
      vertex -30.3145 0.221894 3
    endloop
  endfacet
  facet normal 0 0 1
    outer loop
      vertex -22.352 1.46503 3
      vertex -30.3579 0.439992 3
      vertex -30.3327 0.331653 3
    endloop
  endfacet
  facet normal 0 0 1
    outer loop
      vertex -99 99 3
      vertex -16.8412 14.7693 3
      vertex -15.8392 15.8392 3
    endloop
  endfacet
  facet normal 0 0 1
    outer loop
      vertex -22.352 1.46503 3
      vertex -30.3902 0.546447 3
      vertex -30.3579 0.439992 3
    endloop
  endfacet
  facet normal 0 0 1
    outer loop
      vertex -22.352 1.46503 3
      vertex -30.4294 0.650561 3
      vertex -30.3902 0.546447 3
    endloop
  endfacet
  facet normal 0 0 1
    outer loop
      vertex -22.352 1.46503 3
      vertex -30.4753 0.75189 3
      vertex -30.4294 0.650561 3
    endloop
  endfacet
  facet normal 0 0 1
    outer loop
      vertex -22.2084 2.92379 3
      vertex -30.5278 0.849999 3
      vertex -30.4753 0.75189 3
    endloop
  endfacet
  facet normal 0 0 1
    outer loop
      vertex -22.2084 2.92379 3
      vertex -30.5865 0.944468 3
      vertex -30.5278 0.849999 3
    endloop
  endfacet
  facet normal 0 0 1
    outer loop
      vertex -22.2084 2.92379 3
      vertex -30.6513 1.03489 3
      vertex -30.5865 0.944468 3
    endloop
  endfacet
  facet normal 0 0 1
    outer loop
      vertex -22.2084 2.92379 3
      vertex -30.7219 1.12089 3
      vertex -30.6513 1.03489 3
    endloop
  endfacet
  facet normal 0 0 1
    outer loop
      vertex -21.9696 4.37002 3
      vertex -30.7979 1.20208 3
      vertex -30.7219 1.12089 3
    endloop
  endfacet
  facet normal 0 0 1
    outer loop
      vertex -21.9696 4.37002 3
      vertex -30.8791 1.27813 3
      vertex -30.7979 1.20208 3
    endloop
  endfacet
  facet normal 0 0 1
    outer loop
      vertex -21.9696 4.37002 3
      vertex -30.9651 1.3487 3
      vertex -30.8791 1.27813 3
    endloop
  endfacet
  facet normal 0 0 1
    outer loop
      vertex -21.9696 4.37002 3
      vertex -31.0555 1.4135 3
      vertex -30.9651 1.3487 3
    endloop
  endfacet
  facet normal 0 0 1
    outer loop
      vertex -21.6367 5.79755 3
      vertex -31.15 1.47224 3
      vertex -31.0555 1.4135 3
    endloop
  endfacet
  facet normal 0 0 1
    outer loop
      vertex -21.6367 5.79755 3
      vertex -31.2481 1.52468 3
      vertex -31.15 1.47224 3
    endloop
  endfacet
  facet normal 0 0 1
    outer loop
      vertex -99 99 3
      vertex -15.8392 15.8392 3
      vertex -14.7693 16.8412 3
    endloop
  endfacet
  facet normal 0 0 1
    outer loop
      vertex -21.6367 5.79755 3
      vertex -31.3494 1.57059 3
      vertex -31.2481 1.52468 3
    endloop
  endfacet
  facet normal 0 0 1
    outer loop
      vertex -21.2112 7.20024 3
      vertex -31.4536 1.60978 3
      vertex -31.3494 1.57059 3
    endloop
  endfacet
  facet normal 0 0 1
    outer loop
      vertex -21.2112 7.20024 3
      vertex -31.56 1.64207 3
      vertex -31.4536 1.60978 3
    endloop
  endfacet
  facet normal 0 0 1
    outer loop
      vertex -21.2112 7.20024 3
      vertex -31.6683 1.66733 3
      vertex -31.56 1.64207 3
    endloop
  endfacet
  facet normal 0 0 1
    outer loop
      vertex -20.6949 8.57211 3
      vertex -31.7781 1.68546 3
      vertex -31.6683 1.66733 3
    endloop
  endfacet
  facet normal 0 0 1
    outer loop
      vertex -20.6949 8.57211 3
      vertex -31.8888 1.69636 3
      vertex -31.7781 1.68546 3
    endloop
  endfacet
  facet normal 0 0 1
    outer loop
      vertex -20.6949 8.57211 3
      vertex -32 1.7 3
      vertex -31.8888 1.69636 3
    endloop
  endfacet
  facet normal 0 0 1
    outer loop
      vertex -20.0899 9.90727 3
      vertex -32.1112 1.69636 3
      vertex -32 1.7 3
    endloop
  endfacet
  facet normal 0 0 1
    outer loop
      vertex -20.0899 9.90727 3
      vertex -32.2219 1.68546 3
      vertex -32.1112 1.69636 3
    endloop
  endfacet
  facet normal 0 0 1
    outer loop
      vertex -19.399 11.2 3
      vertex -32.3317 1.66733 3
      vertex -32.2219 1.68546 3
    endloop
  endfacet
  facet normal 0 0 1
    outer loop
      vertex -19.399 11.2 3
      vertex -32.44 1.64207 3
      vertex -32.3317 1.66733 3
    endloop
  endfacet
  facet normal 0 0 1
    outer loop
      vertex -18.6249 12.4448 3
      vertex -32.5464 1.60978 3
      vertex -32.44 1.64207 3
    endloop
  endfacet
  facet normal 0 0 1
    outer loop
      vertex -18.6249 12.4448 3
      vertex -32.6506 1.57059 3
      vertex -32.5464 1.60978 3
    endloop
  endfacet
  facet normal 0 0 1
    outer loop
      vertex -17.7711 13.6363 3
      vertex -32.7519 1.52468 3
      vertex -32.6506 1.57059 3
    endloop
  endfacet
  facet normal 0 0 1
    outer loop
      vertex -16.8412 14.7693 3
      vertex -32.85 1.47224 3
      vertex -32.7519 1.52468 3
    endloop
  endfacet
  facet normal 0 0 1
    outer loop
      vertex -16.8412 14.7693 3
      vertex -99 99 3
      vertex -32.85 1.47224 3
    endloop
  endfacet
  facet normal 0 0 1
    outer loop
      vertex -32.85 1.47224 3
      vertex -99 99 3
      vertex -32.9445 1.4135 3
    endloop
  endfacet
  facet normal 0 0 1
    outer loop
      vertex -32.9445 1.4135 3
      vertex -99 99 3
      vertex -33.0349 1.3487 3
    endloop
  endfacet
  facet normal 0 0 1
    outer loop
      vertex -33.6964 0.111185 3
      vertex -99 99 3
      vertex -33.7 0 3
    endloop
  endfacet
  facet normal 0 0 1
    outer loop
      vertex -33.6855 0.221894 3
      vertex -99 99 3
      vertex -33.6964 0.111185 3
    endloop
  endfacet
  facet normal 0 0 1
    outer loop
      vertex -33.6673 0.331653 3
      vertex -99 99 3
      vertex -33.6855 0.221894 3
    endloop
  endfacet
  facet normal 0 0 1
    outer loop
      vertex -33.6421 0.439992 3
      vertex -99 99 3
      vertex -33.6673 0.331653 3
    endloop
  endfacet
  facet normal 0 0 1
    outer loop
      vertex -33.6098 0.546447 3
      vertex -99 99 3
      vertex -33.6421 0.439992 3
    endloop
  endfacet
  facet normal 0 0 1
    outer loop
      vertex -33.5706 0.650561 3
      vertex -99 99 3
      vertex -33.6098 0.546447 3
    endloop
  endfacet
  facet normal 0 0 1
    outer loop
      vertex -33.5247 0.75189 3
      vertex -99 99 3
      vertex -33.5706 0.650561 3
    endloop
  endfacet
  facet normal 0 0 1
    outer loop
      vertex -33.4722 0.849999 3
      vertex -99 99 3
      vertex -33.5247 0.75189 3
    endloop
  endfacet
  facet normal 0 0 1
    outer loop
      vertex -33.4135 0.944468 3
      vertex -99 99 3
      vertex -33.4722 0.849999 3
    endloop
  endfacet
  facet normal 0 0 1
    outer loop
      vertex -33.3487 1.03489 3
      vertex -99 99 3
      vertex -33.4135 0.944468 3
    endloop
  endfacet
  facet normal 0 0 1
    outer loop
      vertex -33.2781 1.12089 3
      vertex -99 99 3
      vertex -33.3487 1.03489 3
    endloop
  endfacet
  facet normal 0 0 1
    outer loop
      vertex -33.2021 1.20208 3
      vertex -99 99 3
      vertex -33.2781 1.12089 3
    endloop
  endfacet
  facet normal 0 0 1
    outer loop
      vertex -33.1209 1.27813 3
      vertex -99 99 3
      vertex -33.2021 1.20208 3
    endloop
  endfacet
  facet normal 0 0 1
    outer loop
      vertex -33.0349 1.3487 3
      vertex -99 99 3
      vertex -33.1209 1.27813 3
    endloop
  endfacet
  facet normal 0 0 1
    outer loop
      vertex -13.6363 17.7711 3
      vertex -99 99 3
      vertex -14.7693 16.8412 3
    endloop
  endfacet
  facet normal 0 0 1
    outer loop
      vertex -12.4448 18.6249 3
      vertex -99 99 3
      vertex -13.6363 17.7711 3
    endloop
  endfacet
  facet normal -0 0 1
    outer loop
      vertex 22.352 -1.46503 3
      vertex 99 -99 3
      vertex 22.4 0 3
    endloop
  endfacet
  facet normal -0 0 1
    outer loop
      vertex 22.2084 -2.92379 3
      vertex 99 -99 3
      vertex 22.352 -1.46503 3
    endloop
  endfacet
  facet normal -0 0 1
    outer loop
      vertex 21.9696 -4.37002 3
      vertex 99 -99 3
      vertex 22.2084 -2.92379 3
    endloop
  endfacet
  facet normal -0 0 1
    outer loop
      vertex 21.6367 -5.79755 3
      vertex 99 -99 3
      vertex 21.9696 -4.37002 3
    endloop
  endfacet
  facet normal -0 0 1
    outer loop
      vertex 21.2112 -7.20024 3
      vertex 99 -99 3
      vertex 21.6367 -5.79755 3
    endloop
  endfacet
  facet normal 0 0 1
    outer loop
      vertex 17.7 -27.7128 3
      vertex 21.2112 -7.20024 3
      vertex 20.6949 -8.57211 3
    endloop
  endfacet
  facet normal 0 0 1
    outer loop
      vertex 17.6964 -27.6016 3
      vertex 20.6949 -8.57211 3
      vertex 20.0899 -9.90727 3
    endloop
  endfacet
  facet normal 0 0 1
    outer loop
      vertex 17.6964 -27.6016 3
      vertex 20.0899 -9.90727 3
      vertex 19.399 -11.2 3
    endloop
  endfacet
  facet normal 0 0 1
    outer loop
      vertex 17.6964 -27.6016 3
      vertex 19.399 -11.2 3
      vertex 18.6249 -12.4448 3
    endloop
  endfacet
  facet normal 0 0 1
    outer loop
      vertex 17.4722 -26.8628 3
      vertex 18.6249 -12.4448 3
      vertex 17.7711 -13.6363 3
    endloop
  endfacet
  facet normal 0 0 1
    outer loop
      vertex 21.2112 -7.20024 3
      vertex 17.7 -27.7128 3
      vertex 99 -99 3
    endloop
  endfacet
  facet normal -0 0 1
    outer loop
      vertex 17.6964 -27.824 3
      vertex 99 -99 3
      vertex 17.7 -27.7128 3
    endloop
  endfacet
  facet normal -0 0 1
    outer loop
      vertex 17.6855 -27.9347 3
      vertex 99 -99 3
      vertex 17.6964 -27.824 3
    endloop
  endfacet
  facet normal -0 0 1
    outer loop
      vertex 17.6673 -28.0445 3
      vertex 99 -99 3
      vertex 17.6855 -27.9347 3
    endloop
  endfacet
  facet normal -0 0 1
    outer loop
      vertex 17.6421 -28.1528 3
      vertex 99 -99 3
      vertex 17.6673 -28.0445 3
    endloop
  endfacet
  facet normal -0 0 1
    outer loop
      vertex 17.6098 -28.2593 3
      vertex 99 -99 3
      vertex 17.6421 -28.1528 3
    endloop
  endfacet
  facet normal -0 0 1
    outer loop
      vertex 17.5706 -28.3634 3
      vertex 99 -99 3
      vertex 17.6098 -28.2593 3
    endloop
  endfacet
  facet normal -0 0 1
    outer loop
      vertex 17.5247 -28.4647 3
      vertex 99 -99 3
      vertex 17.5706 -28.3634 3
    endloop
  endfacet
  facet normal -0 0 1
    outer loop
      vertex 17.4722 -28.5628 3
      vertex 99 -99 3
      vertex 17.5247 -28.4647 3
    endloop
  endfacet
  facet normal -0 0 1
    outer loop
      vertex 17.4135 -28.6573 3
      vertex 99 -99 3
      vertex 17.4722 -28.5628 3
    endloop
  endfacet
  facet normal -0 0 1
    outer loop
      vertex 17.3487 -28.7477 3
      vertex 99 -99 3
      vertex 17.4135 -28.6573 3
    endloop
  endfacet
  facet normal -0 0 1
    outer loop
      vertex 17.2781 -28.8337 3
      vertex 99 -99 3
      vertex 17.3487 -28.7477 3
    endloop
  endfacet
  facet normal -0 0 1
    outer loop
      vertex 17.2021 -28.9149 3
      vertex 99 -99 3
      vertex 17.2781 -28.8337 3
    endloop
  endfacet
  facet normal -0 0 1
    outer loop
      vertex 17.1209 -28.9909 3
      vertex 99 -99 3
      vertex 17.2021 -28.9149 3
    endloop
  endfacet
  facet normal -0 0 1
    outer loop
      vertex 17.0349 -29.0615 3
      vertex 99 -99 3
      vertex 17.1209 -28.9909 3
    endloop
  endfacet
  facet normal -0 0 1
    outer loop
      vertex 16.9445 -29.1263 3
      vertex 99 -99 3
      vertex 17.0349 -29.0615 3
    endloop
  endfacet
  facet normal -0 0 1
    outer loop
      vertex 16.85 -29.1851 3
      vertex 99 -99 3
      vertex 16.9445 -29.1263 3
    endloop
  endfacet
  facet normal -0 0 1
    outer loop
      vertex 16.7519 -29.2375 3
      vertex 99 -99 3
      vertex 16.85 -29.1851 3
    endloop
  endfacet
  facet normal -0 0 1
    outer loop
      vertex 16.6506 -29.2834 3
      vertex 99 -99 3
      vertex 16.7519 -29.2375 3
    endloop
  endfacet
  facet normal -0 0 1
    outer loop
      vertex 16.5464 -29.3226 3
      vertex 99 -99 3
      vertex 16.6506 -29.2834 3
    endloop
  endfacet
  facet normal -0 0 1
    outer loop
      vertex 16.44 -29.3549 3
      vertex 99 -99 3
      vertex 16.5464 -29.3226 3
    endloop
  endfacet
  facet normal -0 0 1
    outer loop
      vertex 16.3317 -29.3801 3
      vertex 99 -99 3
      vertex 16.44 -29.3549 3
    endloop
  endfacet
  facet normal -0 0 1
    outer loop
      vertex 16.2219 -29.3983 3
      vertex 99 -99 3
      vertex 16.3317 -29.3801 3
    endloop
  endfacet
  facet normal -0 0 1
    outer loop
      vertex 16.1112 -29.4092 3
      vertex 99 -99 3
      vertex 16.2219 -29.3983 3
    endloop
  endfacet
  facet normal -0 0 1
    outer loop
      vertex 16 -29.4128 3
      vertex 99 -99 3
      vertex 16.1112 -29.4092 3
    endloop
  endfacet
  facet normal 0 0 1
    outer loop
      vertex 15.8888 -29.4092 3
      vertex 99 -99 3
      vertex 16 -29.4128 3
    endloop
  endfacet
  facet normal 0 0 1
    outer loop
      vertex 15.7781 -29.3983 3
      vertex 99 -99 3
      vertex 15.8888 -29.4092 3
    endloop
  endfacet
  facet normal 0 0 1
    outer loop
      vertex -99 -99 3
      vertex 15.7781 -29.3983 3
      vertex 15.6683 -29.3801 3
    endloop
  endfacet
  facet normal 0 0 1
    outer loop
      vertex -99 -99 3
      vertex 15.6683 -29.3801 3
      vertex 15.56 -29.3549 3
    endloop
  endfacet
  facet normal 0 0 1
    outer loop
      vertex -99 -99 3
      vertex 15.56 -29.3549 3
      vertex 15.4536 -29.3226 3
    endloop
  endfacet
  facet normal 0 0 1
    outer loop
      vertex -99 -99 3
      vertex 15.4536 -29.3226 3
      vertex 15.3494 -29.2834 3
    endloop
  endfacet
  facet normal 0 0 1
    outer loop
      vertex -99 -99 3
      vertex 15.3494 -29.2834 3
      vertex 15.2481 -29.2375 3
    endloop
  endfacet
  facet normal 0 0 1
    outer loop
      vertex -99 -99 3
      vertex 15.2481 -29.2375 3
      vertex 15.15 -29.1851 3
    endloop
  endfacet
  facet normal 0 0 1
    outer loop
      vertex -4.37002 -21.9696 3
      vertex 15.15 -29.1851 3
      vertex 15.0555 -29.1263 3
    endloop
  endfacet
  facet normal 0 0 1
    outer loop
      vertex -2.92379 -22.2084 3
      vertex 15.0555 -29.1263 3
      vertex 14.9651 -29.0615 3
    endloop
  endfacet
  facet normal 0 0 1
    outer loop
      vertex -1.46503 -22.352 3
      vertex 14.9651 -29.0615 3
      vertex 14.8791 -28.9909 3
    endloop
  endfacet
  facet normal 0 0 1
    outer loop
      vertex 14.3902 -27.1664 3
      vertex 7.20024 -21.2112 3
      vertex 14.3579 -27.2728 3
    endloop
  endfacet
  facet normal 0 0 1
    outer loop
      vertex 14.3579 -27.2728 3
      vertex 7.20024 -21.2112 3
      vertex 14.3327 -27.3812 3
    endloop
  endfacet
  facet normal 0 0 1
    outer loop
      vertex 14.3327 -27.3812 3
      vertex 7.20024 -21.2112 3
      vertex 14.3145 -27.4909 3
    endloop
  endfacet
  facet normal 0 0 1
    outer loop
      vertex 14.3145 -27.4909 3
      vertex 7.20024 -21.2112 3
      vertex 14.3036 -27.6016 3
    endloop
  endfacet
  facet normal -0 0 1
    outer loop
      vertex 5.79755 -21.6367 3
      vertex 14.3036 -27.6016 3
      vertex 7.20024 -21.2112 3
    endloop
  endfacet
  facet normal 0 0 1
    outer loop
      vertex 14.3036 -27.6016 3
      vertex 5.79755 -21.6367 3
      vertex 14.3 -27.7128 3
    endloop
  endfacet
  facet normal 0 0 1
    outer loop
      vertex 14.3 -27.7128 3
      vertex 5.79755 -21.6367 3
      vertex 14.3036 -27.824 3
    endloop
  endfacet
  facet normal 0 0 1
    outer loop
      vertex 14.3036 -27.824 3
      vertex 5.79755 -21.6367 3
      vertex 14.3145 -27.9347 3
    endloop
  endfacet
  facet normal 0 0 1
    outer loop
      vertex 14.3145 -27.9347 3
      vertex 5.79755 -21.6367 3
      vertex 14.3327 -28.0445 3
    endloop
  endfacet
  facet normal -0 0 1
    outer loop
      vertex 4.37002 -21.9696 3
      vertex 14.3327 -28.0445 3
      vertex 5.79755 -21.6367 3
    endloop
  endfacet
  facet normal 0 0 1
    outer loop
      vertex 14.3327 -28.0445 3
      vertex 4.37002 -21.9696 3
      vertex 14.3579 -28.1528 3
    endloop
  endfacet
  facet normal 0 0 1
    outer loop
      vertex 14.3579 -28.1528 3
      vertex 4.37002 -21.9696 3
      vertex 14.3902 -28.2593 3
    endloop
  endfacet
  facet normal 0 0 1
    outer loop
      vertex 14.3902 -28.2593 3
      vertex 4.37002 -21.9696 3
      vertex 14.4294 -28.3634 3
    endloop
  endfacet
  facet normal -0 0 1
    outer loop
      vertex 2.92379 -22.2084 3
      vertex 14.4294 -28.3634 3
      vertex 4.37002 -21.9696 3
    endloop
  endfacet
  facet normal 0 0 1
    outer loop
      vertex 14.4294 -28.3634 3
      vertex 2.92379 -22.2084 3
      vertex 14.4753 -28.4647 3
    endloop
  endfacet
  facet normal 0 0 1
    outer loop
      vertex 14.4753 -28.4647 3
      vertex 2.92379 -22.2084 3
      vertex 14.5278 -28.5628 3
    endloop
  endfacet
  facet normal -0 0 1
    outer loop
      vertex 1.46503 -22.352 3
      vertex 14.5278 -28.5628 3
      vertex 2.92379 -22.2084 3
    endloop
  endfacet
  facet normal 0 0 1
    outer loop
      vertex 14.5278 -28.5628 3
      vertex 1.46503 -22.352 3
      vertex 14.5865 -28.6573 3
    endloop
  endfacet
  facet normal 0 0 1
    outer loop
      vertex 14.5865 -28.6573 3
      vertex 1.46503 -22.352 3
      vertex 14.6513 -28.7477 3
    endloop
  endfacet
  facet normal -0 0 1
    outer loop
      vertex 0 -22.4 3
      vertex 14.6513 -28.7477 3
      vertex 1.46503 -22.352 3
    endloop
  endfacet
  facet normal 0 0 1
    outer loop
      vertex 14.6513 -28.7477 3
      vertex 0 -22.4 3
      vertex 14.7219 -28.8337 3
    endloop
  endfacet
  facet normal 0 0 1
    outer loop
      vertex 14.7219 -28.8337 3
      vertex 0 -22.4 3
      vertex 14.7979 -28.9149 3
    endloop
  endfacet
  facet normal 0 0 1
    outer loop
      vertex -1.46503 -22.352 3
      vertex 14.7979 -28.9149 3
      vertex 0 -22.4 3
    endloop
  endfacet
  facet normal 0 0 1
    outer loop
      vertex 14.7979 -28.9149 3
      vertex -1.46503 -22.352 3
      vertex 14.8791 -28.9909 3
    endloop
  endfacet
  facet normal 0 0 1
    outer loop
      vertex 14.9651 -29.0615 3
      vertex -1.46503 -22.352 3
      vertex -2.92379 -22.2084 3
    endloop
  endfacet
  facet normal 0 0 1
    outer loop
      vertex 15.0555 -29.1263 3
      vertex -2.92379 -22.2084 3
      vertex -4.37002 -21.9696 3
    endloop
  endfacet
  facet normal 0 0 1
    outer loop
      vertex 15.15 -29.1851 3
      vertex -4.37002 -21.9696 3
      vertex -99 -99 3
    endloop
  endfacet
  facet normal 0 0 1
    outer loop
      vertex -99 -99 3
      vertex -4.37002 -21.9696 3
      vertex -5.79755 -21.6367 3
    endloop
  endfacet
  facet normal 0 0 1
    outer loop
      vertex -99 -99 3
      vertex -5.79755 -21.6367 3
      vertex -7.20024 -21.2112 3
    endloop
  endfacet
  facet normal 0 0 1
    outer loop
      vertex -99 -99 3
      vertex -7.20024 -21.2112 3
      vertex -8.57211 -20.6949 3
    endloop
  endfacet
  facet normal 0 0 1
    outer loop
      vertex -99 -99 3
      vertex -8.57211 -20.6949 3
      vertex -9.90727 -20.0899 3
    endloop
  endfacet
  facet normal 0 0 1
    outer loop
      vertex -99 -99 3
      vertex -9.90727 -20.0899 3
      vertex -11.2 -19.399 3
    endloop
  endfacet
  facet normal 0 0 1
    outer loop
      vertex -99 -99 3
      vertex -11.2 -19.399 3
      vertex -12.4448 -18.6249 3
    endloop
  endfacet
  facet normal 0 0 1
    outer loop
      vertex -99 -99 3
      vertex -12.4448 -18.6249 3
      vertex -13.6363 -17.7711 3
    endloop
  endfacet
  facet normal 0 0 1
    outer loop
      vertex -30.3036 -0.111185 3
      vertex -22.4 0 3
      vertex -30.3 0 3
    endloop
  endfacet
  facet normal 0 0 1
    outer loop
      vertex -30.3145 -0.221894 3
      vertex -22.4 0 3
      vertex -30.3036 -0.111185 3
    endloop
  endfacet
  facet normal 0 0 1
    outer loop
      vertex -22.4 0 3
      vertex -30.3145 -0.221894 3
      vertex -22.352 -1.46503 3
    endloop
  endfacet
  facet normal -0 0 1
    outer loop
      vertex -30.3327 -0.331653 3
      vertex -22.352 -1.46503 3
      vertex -30.3145 -0.221894 3
    endloop
  endfacet
  facet normal -0 0 1
    outer loop
      vertex -30.3579 -0.439992 3
      vertex -22.352 -1.46503 3
      vertex -30.3327 -0.331653 3
    endloop
  endfacet
  facet normal -0 0 1
    outer loop
      vertex -30.3902 -0.546447 3
      vertex -22.352 -1.46503 3
      vertex -30.3579 -0.439992 3
    endloop
  endfacet
  facet normal -0 0 1
    outer loop
      vertex -30.4294 -0.650561 3
      vertex -22.352 -1.46503 3
      vertex -30.3902 -0.546447 3
    endloop
  endfacet
  facet normal -0 0 1
    outer loop
      vertex -30.4753 -0.75189 3
      vertex -22.352 -1.46503 3
      vertex -30.4294 -0.650561 3
    endloop
  endfacet
  facet normal 0 0 1
    outer loop
      vertex -22.352 -1.46503 3
      vertex -30.4753 -0.75189 3
      vertex -22.2084 -2.92379 3
    endloop
  endfacet
  facet normal -0 0 1
    outer loop
      vertex -30.5278 -0.849999 3
      vertex -22.2084 -2.92379 3
      vertex -30.4753 -0.75189 3
    endloop
  endfacet
  facet normal -0 0 1
    outer loop
      vertex -30.5865 -0.944468 3
      vertex -22.2084 -2.92379 3
      vertex -30.5278 -0.849999 3
    endloop
  endfacet
  facet normal -0 0 1
    outer loop
      vertex -30.6513 -1.03489 3
      vertex -22.2084 -2.92379 3
      vertex -30.5865 -0.944468 3
    endloop
  endfacet
  facet normal -0 0 1
    outer loop
      vertex -30.7219 -1.12089 3
      vertex -22.2084 -2.92379 3
      vertex -30.6513 -1.03489 3
    endloop
  endfacet
  facet normal 0 0 1
    outer loop
      vertex -22.2084 -2.92379 3
      vertex -30.7219 -1.12089 3
      vertex -21.9696 -4.37002 3
    endloop
  endfacet
  facet normal -0 0 1
    outer loop
      vertex -30.7979 -1.20208 3
      vertex -21.9696 -4.37002 3
      vertex -30.7219 -1.12089 3
    endloop
  endfacet
  facet normal -0 0 1
    outer loop
      vertex -30.8791 -1.27813 3
      vertex -21.9696 -4.37002 3
      vertex -30.7979 -1.20208 3
    endloop
  endfacet
  facet normal -0 0 1
    outer loop
      vertex -30.9651 -1.3487 3
      vertex -21.9696 -4.37002 3
      vertex -30.8791 -1.27813 3
    endloop
  endfacet
  facet normal -0 0 1
    outer loop
      vertex -31.0555 -1.4135 3
      vertex -21.9696 -4.37002 3
      vertex -30.9651 -1.3487 3
    endloop
  endfacet
  facet normal 0 0 1
    outer loop
      vertex -21.9696 -4.37002 3
      vertex -31.0555 -1.4135 3
      vertex -21.6367 -5.79755 3
    endloop
  endfacet
  facet normal -0 0 1
    outer loop
      vertex -31.15 -1.47224 3
      vertex -21.6367 -5.79755 3
      vertex -31.0555 -1.4135 3
    endloop
  endfacet
  facet normal -0 0 1
    outer loop
      vertex -31.2481 -1.52468 3
      vertex -21.6367 -5.79755 3
      vertex -31.15 -1.47224 3
    endloop
  endfacet
  facet normal -0 0 1
    outer loop
      vertex -31.3494 -1.57059 3
      vertex -21.6367 -5.79755 3
      vertex -31.2481 -1.52468 3
    endloop
  endfacet
  facet normal 0 0 1
    outer loop
      vertex -21.6367 -5.79755 3
      vertex -31.3494 -1.57059 3
      vertex -21.2112 -7.20024 3
    endloop
  endfacet
  facet normal -0 0 1
    outer loop
      vertex -31.4536 -1.60978 3
      vertex -21.2112 -7.20024 3
      vertex -31.3494 -1.57059 3
    endloop
  endfacet
  facet normal -0 0 1
    outer loop
      vertex -31.56 -1.64207 3
      vertex -21.2112 -7.20024 3
      vertex -31.4536 -1.60978 3
    endloop
  endfacet
  facet normal -0 0 1
    outer loop
      vertex -31.6683 -1.66733 3
      vertex -21.2112 -7.20024 3
      vertex -31.56 -1.64207 3
    endloop
  endfacet
  facet normal 0 0 1
    outer loop
      vertex -21.2112 -7.20024 3
      vertex -31.6683 -1.66733 3
      vertex -20.6949 -8.57211 3
    endloop
  endfacet
  facet normal -0 0 1
    outer loop
      vertex -31.7781 -1.68546 3
      vertex -20.6949 -8.57211 3
      vertex -31.6683 -1.66733 3
    endloop
  endfacet
  facet normal -0 0 1
    outer loop
      vertex -31.8888 -1.69636 3
      vertex -20.6949 -8.57211 3
      vertex -31.7781 -1.68546 3
    endloop
  endfacet
  facet normal -0 0 1
    outer loop
      vertex -32 -1.7 3
      vertex -20.6949 -8.57211 3
      vertex -31.8888 -1.69636 3
    endloop
  endfacet
  facet normal 0 0 1
    outer loop
      vertex -20.6949 -8.57211 3
      vertex -32 -1.7 3
      vertex -20.0899 -9.90727 3
    endloop
  endfacet
  facet normal 0 0 1
    outer loop
      vertex -32.1112 -1.69636 3
      vertex -20.0899 -9.90727 3
      vertex -32 -1.7 3
    endloop
  endfacet
  facet normal 0 0 1
    outer loop
      vertex -32.2219 -1.68546 3
      vertex -20.0899 -9.90727 3
      vertex -32.1112 -1.69636 3
    endloop
  endfacet
  facet normal 0 0 1
    outer loop
      vertex -20.0899 -9.90727 3
      vertex -32.2219 -1.68546 3
      vertex -19.399 -11.2 3
    endloop
  endfacet
  facet normal 0 0 1
    outer loop
      vertex -32.3317 -1.66733 3
      vertex -19.399 -11.2 3
      vertex -32.2219 -1.68546 3
    endloop
  endfacet
  facet normal 0 0 1
    outer loop
      vertex -32.44 -1.64207 3
      vertex -19.399 -11.2 3
      vertex -32.3317 -1.66733 3
    endloop
  endfacet
  facet normal 0 0 1
    outer loop
      vertex -19.399 -11.2 3
      vertex -32.44 -1.64207 3
      vertex -18.6249 -12.4448 3
    endloop
  endfacet
  facet normal 0 0 1
    outer loop
      vertex -32.5464 -1.60978 3
      vertex -18.6249 -12.4448 3
      vertex -32.44 -1.64207 3
    endloop
  endfacet
  facet normal 0 0 1
    outer loop
      vertex -32.6506 -1.57059 3
      vertex -18.6249 -12.4448 3
      vertex -32.5464 -1.60978 3
    endloop
  endfacet
  facet normal 0 0 1
    outer loop
      vertex -18.6249 -12.4448 3
      vertex -32.6506 -1.57059 3
      vertex -17.7711 -13.6363 3
    endloop
  endfacet
  facet normal 0 0 1
    outer loop
      vertex -32.7519 -1.52468 3
      vertex -17.7711 -13.6363 3
      vertex -32.6506 -1.57059 3
    endloop
  endfacet
  facet normal 0 0 1
    outer loop
      vertex -17.7711 -13.6363 3
      vertex -32.7519 -1.52468 3
      vertex -16.8412 -14.7693 3
    endloop
  endfacet
  facet normal 0 0 1
    outer loop
      vertex -32.85 -1.47224 3
      vertex -16.8412 -14.7693 3
      vertex -32.7519 -1.52468 3
    endloop
  endfacet
  facet normal 0 0 1
    outer loop
      vertex -99 -99 3
      vertex -16.8412 -14.7693 3
      vertex -32.85 -1.47224 3
    endloop
  endfacet
  facet normal 0 0 1
    outer loop
      vertex -16.8412 -14.7693 3
      vertex -99 -99 3
      vertex -15.8392 -15.8392 3
    endloop
  endfacet
  facet normal 0 0 1
    outer loop
      vertex -99 -99 3
      vertex -32.85 -1.47224 3
      vertex -32.9445 -1.4135 3
    endloop
  endfacet
  facet normal 0 0 1
    outer loop
      vertex -99 -99 3
      vertex -32.9445 -1.4135 3
      vertex -33.0349 -1.3487 3
    endloop
  endfacet
  facet normal 0 0 1
    outer loop
      vertex -99 -99 3
      vertex -33.0349 -1.3487 3
      vertex -33.1209 -1.27813 3
    endloop
  endfacet
  facet normal 0 0 1
    outer loop
      vertex -99 -99 3
      vertex -33.7 0 3
      vertex -99 99 3
    endloop
  endfacet
  facet normal 0 0 1
    outer loop
      vertex -33.7 0 3
      vertex -99 -99 3
      vertex -33.6964 -0.111185 3
    endloop
  endfacet
  facet normal 0 0 1
    outer loop
      vertex -33.6964 -0.111185 3
      vertex -99 -99 3
      vertex -33.6855 -0.221894 3
    endloop
  endfacet
  facet normal 0 0 1
    outer loop
      vertex -33.6855 -0.221894 3
      vertex -99 -99 3
      vertex -33.6673 -0.331653 3
    endloop
  endfacet
  facet normal 0 0 1
    outer loop
      vertex -33.6673 -0.331653 3
      vertex -99 -99 3
      vertex -33.6421 -0.439992 3
    endloop
  endfacet
  facet normal 0 0 1
    outer loop
      vertex -33.6421 -0.439992 3
      vertex -99 -99 3
      vertex -33.6098 -0.546447 3
    endloop
  endfacet
  facet normal 0 0 1
    outer loop
      vertex -33.6098 -0.546447 3
      vertex -99 -99 3
      vertex -33.5706 -0.650561 3
    endloop
  endfacet
  facet normal 0 0 1
    outer loop
      vertex -33.5706 -0.650561 3
      vertex -99 -99 3
      vertex -33.5247 -0.75189 3
    endloop
  endfacet
  facet normal 0 0 1
    outer loop
      vertex -33.5247 -0.75189 3
      vertex -99 -99 3
      vertex -33.4722 -0.849999 3
    endloop
  endfacet
  facet normal 0 0 1
    outer loop
      vertex 15.7781 -29.3983 3
      vertex -99 -99 3
      vertex 99 -99 3
    endloop
  endfacet
  facet normal 0 0 1
    outer loop
      vertex -14.7693 -16.8412 3
      vertex -99 -99 3
      vertex -13.6363 -17.7711 3
    endloop
  endfacet
  facet normal 0 0 1
    outer loop
      vertex -15.8392 -15.8392 3
      vertex -99 -99 3
      vertex -14.7693 -16.8412 3
    endloop
  endfacet
  facet normal 0 0 1
    outer loop
      vertex -33.2021 -1.20208 3
      vertex -99 -99 3
      vertex -33.1209 -1.27813 3
    endloop
  endfacet
  facet normal 0 0 1
    outer loop
      vertex -33.2781 -1.12089 3
      vertex -99 -99 3
      vertex -33.2021 -1.20208 3
    endloop
  endfacet
  facet normal 0 0 1
    outer loop
      vertex -33.3487 -1.03489 3
      vertex -99 -99 3
      vertex -33.2781 -1.12089 3
    endloop
  endfacet
  facet normal 0 0 1
    outer loop
      vertex -33.4135 -0.944468 3
      vertex -99 -99 3
      vertex -33.3487 -1.03489 3
    endloop
  endfacet
  facet normal 0 0 1
    outer loop
      vertex -33.4722 -0.849999 3
      vertex -99 -99 3
      vertex -33.4135 -0.944468 3
    endloop
  endfacet
  facet normal -0 0 1
    outer loop
      vertex 17.6421 27.2728 3
      vertex 20.0899 9.90727 3
      vertex 17.6673 27.3812 3
    endloop
  endfacet
  facet normal 0 0 1
    outer loop
      vertex 20.0899 9.90727 3
      vertex 17.6421 27.2728 3
      vertex 19.399 11.2 3
    endloop
  endfacet
  facet normal -0 0 1
    outer loop
      vertex 17.6098 27.1664 3
      vertex 19.399 11.2 3
      vertex 17.6421 27.2728 3
    endloop
  endfacet
  facet normal -0 0 1
    outer loop
      vertex 17.5706 27.0623 3
      vertex 19.399 11.2 3
      vertex 17.6098 27.1664 3
    endloop
  endfacet
  facet normal 0 0 1
    outer loop
      vertex 19.399 11.2 3
      vertex 17.5706 27.0623 3
      vertex 18.6249 12.4448 3
    endloop
  endfacet
  facet normal -0 0 1
    outer loop
      vertex 17.5247 26.9609 3
      vertex 18.6249 12.4448 3
      vertex 17.5706 27.0623 3
    endloop
  endfacet
  facet normal -0 0 1
    outer loop
      vertex 17.4722 26.8628 3
      vertex 18.6249 12.4448 3
      vertex 17.5247 26.9609 3
    endloop
  endfacet
  facet normal 0 0 1
    outer loop
      vertex 18.6249 12.4448 3
      vertex 17.4722 26.8628 3
      vertex 17.7711 13.6363 3
    endloop
  endfacet
  facet normal -0 0 1
    outer loop
      vertex 17.4135 26.7683 3
      vertex 17.7711 13.6363 3
      vertex 17.4722 26.8628 3
    endloop
  endfacet
  facet normal -0 0 1
    outer loop
      vertex 17.3487 26.6779 3
      vertex 17.7711 13.6363 3
      vertex 17.4135 26.7683 3
    endloop
  endfacet
  facet normal -0 0 1
    outer loop
      vertex 17.2781 26.5919 3
      vertex 17.7711 13.6363 3
      vertex 17.3487 26.6779 3
    endloop
  endfacet
  facet normal 0 0 1
    outer loop
      vertex 16.8412 14.7693 3
      vertex 17.2781 26.5919 3
      vertex 17.2021 26.5107 3
    endloop
  endfacet
  facet normal 0 0 1
    outer loop
      vertex 16.8412 14.7693 3
      vertex 17.2021 26.5107 3
      vertex 17.1209 26.4347 3
    endloop
  endfacet
  facet normal 0 0 1
    outer loop
      vertex 16.8412 14.7693 3
      vertex 17.1209 26.4347 3
      vertex 17.0349 26.3641 3
    endloop
  endfacet
  facet normal 0 0 1
    outer loop
      vertex 15.8392 15.8392 3
      vertex 17.0349 26.3641 3
      vertex 16.9445 26.2993 3
    endloop
  endfacet
  facet normal 0 0 1
    outer loop
      vertex 15.8392 15.8392 3
      vertex 16.9445 26.2993 3
      vertex 16.85 26.2406 3
    endloop
  endfacet
  facet normal 0 0 1
    outer loop
      vertex 17.2781 26.5919 3
      vertex 16.8412 14.7693 3
      vertex 17.7711 13.6363 3
    endloop
  endfacet
  facet normal 0 0 1
    outer loop
      vertex 15.8392 15.8392 3
      vertex 16.85 26.2406 3
      vertex 16.7519 26.1881 3
    endloop
  endfacet
  facet normal 0 0 1
    outer loop
      vertex 14.7693 16.8412 3
      vertex 16.7519 26.1881 3
      vertex 16.6506 26.1422 3
    endloop
  endfacet
  facet normal 0 0 1
    outer loop
      vertex 14.7693 16.8412 3
      vertex 16.6506 26.1422 3
      vertex 16.5464 26.103 3
    endloop
  endfacet
  facet normal 0 0 1
    outer loop
      vertex 14.7693 16.8412 3
      vertex 16.5464 26.103 3
      vertex 16.44 26.0707 3
    endloop
  endfacet
  facet normal 0 0 1
    outer loop
      vertex 14.7693 16.8412 3
      vertex 16.44 26.0707 3
      vertex 16.3317 26.0455 3
    endloop
  endfacet
  facet normal 0 0 1
    outer loop
      vertex 13.6363 17.7711 3
      vertex 16.3317 26.0455 3
      vertex 16.2219 26.0274 3
    endloop
  endfacet
  facet normal 0 0 1
    outer loop
      vertex 13.6363 17.7711 3
      vertex 16.2219 26.0274 3
      vertex 16.1112 26.0165 3
    endloop
  endfacet
  facet normal 0 0 1
    outer loop
      vertex 13.6363 17.7711 3
      vertex 16.1112 26.0165 3
      vertex 16 26.0128 3
    endloop
  endfacet
  facet normal 0 0 1
    outer loop
      vertex 13.6363 17.7711 3
      vertex 16 26.0128 3
      vertex 15.8888 26.0165 3
    endloop
  endfacet
  facet normal 0 0 1
    outer loop
      vertex 17.0349 26.3641 3
      vertex 15.8392 15.8392 3
      vertex 16.8412 14.7693 3
    endloop
  endfacet
  facet normal 0 0 1
    outer loop
      vertex 13.6363 17.7711 3
      vertex 15.8888 26.0165 3
      vertex 15.7781 26.0274 3
    endloop
  endfacet
  facet normal 0 0 1
    outer loop
      vertex 13.6363 17.7711 3
      vertex 15.7781 26.0274 3
      vertex 15.6683 26.0455 3
    endloop
  endfacet
  facet normal 0 0 1
    outer loop
      vertex 13.6363 17.7711 3
      vertex 15.6683 26.0455 3
      vertex 15.56 26.0707 3
    endloop
  endfacet
  facet normal 0 0 1
    outer loop
      vertex 13.6363 17.7711 3
      vertex 15.56 26.0707 3
      vertex 15.4536 26.103 3
    endloop
  endfacet
  facet normal 0 0 1
    outer loop
      vertex 13.6363 17.7711 3
      vertex 15.4536 26.103 3
      vertex 15.3494 26.1422 3
    endloop
  endfacet
  facet normal 0 0 1
    outer loop
      vertex 13.6363 17.7711 3
      vertex 15.3494 26.1422 3
      vertex 15.2481 26.1881 3
    endloop
  endfacet
  facet normal 0 0 1
    outer loop
      vertex 13.6363 17.7711 3
      vertex 15.2481 26.1881 3
      vertex 15.15 26.2406 3
    endloop
  endfacet
  facet normal 0 0 1
    outer loop
      vertex 13.6363 17.7711 3
      vertex 15.15 26.2406 3
      vertex 15.0555 26.2993 3
    endloop
  endfacet
  facet normal 0 0 1
    outer loop
      vertex 13.6363 17.7711 3
      vertex 15.0555 26.2993 3
      vertex 14.9651 26.3641 3
    endloop
  endfacet
  facet normal 0 0 1
    outer loop
      vertex 13.6363 17.7711 3
      vertex 14.9651 26.3641 3
      vertex 14.8791 26.4347 3
    endloop
  endfacet
  facet normal 0 0 1
    outer loop
      vertex 13.6363 17.7711 3
      vertex 14.8791 26.4347 3
      vertex 14.7979 26.5107 3
    endloop
  endfacet
  facet normal 0 0 1
    outer loop
      vertex 16.7519 26.1881 3
      vertex 14.7693 16.8412 3
      vertex 15.8392 15.8392 3
    endloop
  endfacet
  facet normal 0 0 1
    outer loop
      vertex 13.6363 17.7711 3
      vertex 14.7979 26.5107 3
      vertex 14.7219 26.5919 3
    endloop
  endfacet
  facet normal 0 0 1
    outer loop
      vertex 13.6363 17.7711 3
      vertex 14.7219 26.5919 3
      vertex 14.6513 26.6779 3
    endloop
  endfacet
  facet normal 0 0 1
    outer loop
      vertex 13.6363 17.7711 3
      vertex 14.6513 26.6779 3
      vertex 14.5865 26.7683 3
    endloop
  endfacet
  facet normal 0 0 1
    outer loop
      vertex 13.6363 17.7711 3
      vertex 14.5865 26.7683 3
      vertex 14.5278 26.8628 3
    endloop
  endfacet
  facet normal 0 0 1
    outer loop
      vertex 13.6363 17.7711 3
      vertex 14.5278 26.8628 3
      vertex 14.4753 26.9609 3
    endloop
  endfacet
  facet normal 0 0 1
    outer loop
      vertex 13.6363 17.7711 3
      vertex 14.4753 26.9609 3
      vertex 14.4294 27.0623 3
    endloop
  endfacet
  facet normal 0 0 1
    outer loop
      vertex 13.6363 17.7711 3
      vertex 14.4294 27.0623 3
      vertex 14.3902 27.1664 3
    endloop
  endfacet
  facet normal 0 0 1
    outer loop
      vertex 13.6363 17.7711 3
      vertex 14.3902 27.1664 3
      vertex 14.3579 27.2728 3
    endloop
  endfacet
  facet normal 0 0 1
    outer loop
      vertex 13.6363 17.7711 3
      vertex 14.3579 27.2728 3
      vertex 14.3327 27.3812 3
    endloop
  endfacet
  facet normal 0 0 1
    outer loop
      vertex 13.6363 17.7711 3
      vertex 14.3327 27.3812 3
      vertex 14.3145 27.4909 3
    endloop
  endfacet
  facet normal 0 0 1
    outer loop
      vertex 13.6363 17.7711 3
      vertex 14.3145 27.4909 3
      vertex 14.3036 27.6016 3
    endloop
  endfacet
  facet normal 0 0 1
    outer loop
      vertex 16.3317 26.0455 3
      vertex 13.6363 17.7711 3
      vertex 14.7693 16.8412 3
    endloop
  endfacet
  facet normal 0 0 1
    outer loop
      vertex 13.6363 17.7711 3
      vertex 14.3036 27.6016 3
      vertex 14.3 27.7128 3
    endloop
  endfacet
  facet normal 0 0 -1
    outer loop
      vertex 20.6949 8.57211 0
      vertex 17.6964 27.6016 0
      vertex 17.7 27.7128 0
    endloop
  endfacet
  facet normal 0 0 -1
    outer loop
      vertex 18.6249 12.4448 0
      vertex 17.6855 27.4909 0
      vertex 17.6964 27.6016 0
    endloop
  endfacet
  facet normal 0 0 -1
    outer loop
      vertex 18.6249 12.4448 0
      vertex 17.6673 27.3812 0
      vertex 17.6855 27.4909 0
    endloop
  endfacet
  facet normal 0 0 -1
    outer loop
      vertex 18.6249 12.4448 0
      vertex 17.6421 27.2728 0
      vertex 17.6673 27.3812 0
    endloop
  endfacet
  facet normal 0 0 -1
    outer loop
      vertex 18.6249 12.4448 0
      vertex 17.6098 27.1664 0
      vertex 17.6421 27.2728 0
    endloop
  endfacet
  facet normal 0 0 -1
    outer loop
      vertex 18.6249 12.4448 0
      vertex 17.5706 27.0623 0
      vertex 17.6098 27.1664 0
    endloop
  endfacet
  facet normal 0 0 -1
    outer loop
      vertex 18.6249 12.4448 0
      vertex 17.5247 26.9609 0
      vertex 17.5706 27.0623 0
    endloop
  endfacet
  facet normal 0 0 -1
    outer loop
      vertex 18.6249 12.4448 0
      vertex 17.4722 26.8628 0
      vertex 17.5247 26.9609 0
    endloop
  endfacet
  facet normal 0 0 -1
    outer loop
      vertex 17.7711 13.6363 0
      vertex 17.4135 26.7683 0
      vertex 17.4722 26.8628 0
    endloop
  endfacet
  facet normal 0 0 -1
    outer loop
      vertex 17.7711 13.6363 0
      vertex 17.3487 26.6779 0
      vertex 17.4135 26.7683 0
    endloop
  endfacet
  facet normal 0 0 -1
    outer loop
      vertex 17.7711 13.6363 0
      vertex 17.2781 26.5919 0
      vertex 17.3487 26.6779 0
    endloop
  endfacet
  facet normal 0 0 -1
    outer loop
      vertex 16.8412 14.7693 0
      vertex 17.2781 26.5919 0
      vertex 17.7711 13.6363 0
    endloop
  endfacet
  facet normal 0 0 -1
    outer loop
      vertex 17.2781 26.5919 0
      vertex 16.8412 14.7693 0
      vertex 17.2021 26.5107 0
    endloop
  endfacet
  facet normal 0 0 -1
    outer loop
      vertex 17.2021 26.5107 0
      vertex 16.8412 14.7693 0
      vertex 17.1209 26.4347 0
    endloop
  endfacet
  facet normal 0 0 -1
    outer loop
      vertex 17.1209 26.4347 0
      vertex 16.8412 14.7693 0
      vertex 17.0349 26.3641 0
    endloop
  endfacet
  facet normal 0 0 -1
    outer loop
      vertex 15.8392 15.8392 0
      vertex 17.0349 26.3641 0
      vertex 16.8412 14.7693 0
    endloop
  endfacet
  facet normal 0 0 -1
    outer loop
      vertex 17.0349 26.3641 0
      vertex 15.8392 15.8392 0
      vertex 16.9445 26.2993 0
    endloop
  endfacet
  facet normal 0 0 -1
    outer loop
      vertex 16.9445 26.2993 0
      vertex 15.8392 15.8392 0
      vertex 16.85 26.2406 0
    endloop
  endfacet
  facet normal 0 0 -1
    outer loop
      vertex 16.85 26.2406 0
      vertex 15.8392 15.8392 0
      vertex 16.7519 26.1881 0
    endloop
  endfacet
  facet normal 0 0 -1
    outer loop
      vertex 14.7693 16.8412 0
      vertex 16.7519 26.1881 0
      vertex 15.8392 15.8392 0
    endloop
  endfacet
  facet normal 0 0 -1
    outer loop
      vertex 16.7519 26.1881 0
      vertex 14.7693 16.8412 0
      vertex 16.6506 26.1422 0
    endloop
  endfacet
  facet normal 0 0 -1
    outer loop
      vertex 16.6506 26.1422 0
      vertex 14.7693 16.8412 0
      vertex 16.5464 26.103 0
    endloop
  endfacet
  facet normal 0 0 -1
    outer loop
      vertex 16.5464 26.103 0
      vertex 14.7693 16.8412 0
      vertex 16.44 26.0707 0
    endloop
  endfacet
  facet normal 0 0 -1
    outer loop
      vertex 16.44 26.0707 0
      vertex 14.7693 16.8412 0
      vertex 16.3317 26.0455 0
    endloop
  endfacet
  facet normal 0 0 -1
    outer loop
      vertex 13.6363 17.7711 0
      vertex 16.3317 26.0455 0
      vertex 14.7693 16.8412 0
    endloop
  endfacet
  facet normal 0 0 -1
    outer loop
      vertex 16.3317 26.0455 0
      vertex 13.6363 17.7711 0
      vertex 16.2219 26.0274 0
    endloop
  endfacet
  facet normal 0 0 -1
    outer loop
      vertex 16.2219 26.0274 0
      vertex 13.6363 17.7711 0
      vertex 16.1112 26.0165 0
    endloop
  endfacet
  facet normal 0 0 -1
    outer loop
      vertex 16.1112 26.0165 0
      vertex 13.6363 17.7711 0
      vertex 16 26.0128 0
    endloop
  endfacet
  facet normal -0 0 -1
    outer loop
      vertex 16 26.0128 0
      vertex 13.6363 17.7711 0
      vertex 15.8888 26.0165 0
    endloop
  endfacet
  facet normal 0 0 -1
    outer loop
      vertex 12.4448 18.6249 0
      vertex 15.8888 26.0165 0
      vertex 13.6363 17.7711 0
    endloop
  endfacet
  facet normal -0 0 -1
    outer loop
      vertex 15.8888 26.0165 0
      vertex 12.4448 18.6249 0
      vertex 15.7781 26.0274 0
    endloop
  endfacet
  facet normal -0 0 -1
    outer loop
      vertex 15.7781 26.0274 0
      vertex 12.4448 18.6249 0
      vertex 15.6683 26.0455 0
    endloop
  endfacet
  facet normal -0 0 -1
    outer loop
      vertex 15.6683 26.0455 0
      vertex 12.4448 18.6249 0
      vertex 15.56 26.0707 0
    endloop
  endfacet
  facet normal -0 0 -1
    outer loop
      vertex 15.56 26.0707 0
      vertex 12.4448 18.6249 0
      vertex 15.4536 26.103 0
    endloop
  endfacet
  facet normal -0 0 -1
    outer loop
      vertex 15.4536 26.103 0
      vertex 12.4448 18.6249 0
      vertex 15.3494 26.1422 0
    endloop
  endfacet
  facet normal 0 0 -1
    outer loop
      vertex 11.2 19.399 0
      vertex 15.3494 26.1422 0
      vertex 12.4448 18.6249 0
    endloop
  endfacet
  facet normal -0 0 -1
    outer loop
      vertex 15.3494 26.1422 0
      vertex 11.2 19.399 0
      vertex 15.2481 26.1881 0
    endloop
  endfacet
  facet normal -0 0 -1
    outer loop
      vertex 15.2481 26.1881 0
      vertex 11.2 19.399 0
      vertex 15.15 26.2406 0
    endloop
  endfacet
  facet normal -0 0 -1
    outer loop
      vertex 15.15 26.2406 0
      vertex 11.2 19.399 0
      vertex 15.0555 26.2993 0
    endloop
  endfacet
  facet normal -0 0 -1
    outer loop
      vertex 15.0555 26.2993 0
      vertex 11.2 19.399 0
      vertex 14.9651 26.3641 0
    endloop
  endfacet
  facet normal 0 0 -1
    outer loop
      vertex 9.90727 20.0899 0
      vertex 14.9651 26.3641 0
      vertex 11.2 19.399 0
    endloop
  endfacet
  facet normal -0 0 -1
    outer loop
      vertex 14.9651 26.3641 0
      vertex 9.90727 20.0899 0
      vertex 14.8791 26.4347 0
    endloop
  endfacet
  facet normal -0 0 -1
    outer loop
      vertex 14.8791 26.4347 0
      vertex 9.90727 20.0899 0
      vertex 14.7979 26.5107 0
    endloop
  endfacet
  facet normal -0 0 -1
    outer loop
      vertex 14.7979 26.5107 0
      vertex 9.90727 20.0899 0
      vertex 14.7219 26.5919 0
    endloop
  endfacet
  facet normal -0 0 -1
    outer loop
      vertex 14.7219 26.5919 0
      vertex 9.90727 20.0899 0
      vertex 14.6513 26.6779 0
    endloop
  endfacet
  facet normal -0 0 -1
    outer loop
      vertex 14.6513 26.6779 0
      vertex 9.90727 20.0899 0
      vertex 14.5865 26.7683 0
    endloop
  endfacet
  facet normal 0 0 -1
    outer loop
      vertex 8.57211 20.6949 0
      vertex 14.5865 26.7683 0
      vertex 9.90727 20.0899 0
    endloop
  endfacet
  facet normal -0 0 -1
    outer loop
      vertex 14.5865 26.7683 0
      vertex 8.57211 20.6949 0
      vertex 14.5278 26.8628 0
    endloop
  endfacet
  facet normal -0 0 -1
    outer loop
      vertex 14.5278 26.8628 0
      vertex 8.57211 20.6949 0
      vertex 14.4753 26.9609 0
    endloop
  endfacet
  facet normal -0 0 -1
    outer loop
      vertex 14.4753 26.9609 0
      vertex 8.57211 20.6949 0
      vertex 14.4294 27.0623 0
    endloop
  endfacet
  facet normal 0 0 -1
    outer loop
      vertex 7.20024 21.2112 0
      vertex 14.3902 27.1664 0
      vertex 8.57211 20.6949 0
    endloop
  endfacet
  facet normal -0 0 -1
    outer loop
      vertex 14.4294 27.0623 0
      vertex 8.57211 20.6949 0
      vertex 14.3902 27.1664 0
    endloop
  endfacet
  facet normal 0 0 -1
    outer loop
      vertex 96 -96 0
      vertex 22.4 0 0
      vertex 96 96 0
    endloop
  endfacet
  facet normal 0 0 -1
    outer loop
      vertex 96 -96 0
      vertex 22.352 -1.46503 0
      vertex 22.4 0 0
    endloop
  endfacet
  facet normal 0 0 -1
    outer loop
      vertex 96 -96 0
      vertex 22.2084 -2.92379 0
      vertex 22.352 -1.46503 0
    endloop
  endfacet
  facet normal 0 0 -1
    outer loop
      vertex 96 -96 0
      vertex 21.9696 -4.37002 0
      vertex 22.2084 -2.92379 0
    endloop
  endfacet
  facet normal 0 0 -1
    outer loop
      vertex 96 -96 0
      vertex 21.6367 -5.79755 0
      vertex 21.9696 -4.37002 0
    endloop
  endfacet
  facet normal 0 0 -1
    outer loop
      vertex 96 -96 0
      vertex 21.2112 -7.20024 0
      vertex 21.6367 -5.79755 0
    endloop
  endfacet
  facet normal 0 0 -1
    outer loop
      vertex 17.7 -27.7128 0
      vertex 21.2112 -7.20024 0
      vertex 96 -96 0
    endloop
  endfacet
  facet normal 0 0 -1
    outer loop
      vertex 21.2112 -7.20024 0
      vertex 17.7 -27.7128 0
      vertex 20.6949 -8.57211 0
    endloop
  endfacet
  facet normal 0 0 -1
    outer loop
      vertex 17.6964 -27.6016 0
      vertex 20.6949 -8.57211 0
      vertex 17.7 -27.7128 0
    endloop
  endfacet
  facet normal 0 0 -1
    outer loop
      vertex 17.6855 -27.4909 0
      vertex 20.6949 -8.57211 0
      vertex 17.6964 -27.6016 0
    endloop
  endfacet
  facet normal 0 0 -1
    outer loop
      vertex 17.6673 -27.3812 0
      vertex 20.0899 -9.90727 0
      vertex 17.6855 -27.4909 0
    endloop
  endfacet
  facet normal 0 0 -1
    outer loop
      vertex 20.6949 -8.57211 0
      vertex 17.6855 -27.4909 0
      vertex 20.0899 -9.90727 0
    endloop
  endfacet
  facet normal 0 0 -1
    outer loop
      vertex 96 -96 0
      vertex 17.6964 -27.824 0
      vertex 17.7 -27.7128 0
    endloop
  endfacet
  facet normal 0 0 -1
    outer loop
      vertex 96 -96 0
      vertex 17.6855 -27.9347 0
      vertex 17.6964 -27.824 0
    endloop
  endfacet
  facet normal 0 0 -1
    outer loop
      vertex 96 -96 0
      vertex 17.6673 -28.0445 0
      vertex 17.6855 -27.9347 0
    endloop
  endfacet
  facet normal 0 0 -1
    outer loop
      vertex 96 -96 0
      vertex 17.6421 -28.1528 0
      vertex 17.6673 -28.0445 0
    endloop
  endfacet
  facet normal 0 0 -1
    outer loop
      vertex 96 -96 0
      vertex 17.6098 -28.2593 0
      vertex 17.6421 -28.1528 0
    endloop
  endfacet
  facet normal 0 0 -1
    outer loop
      vertex 96 -96 0
      vertex 17.5706 -28.3634 0
      vertex 17.6098 -28.2593 0
    endloop
  endfacet
  facet normal 0 0 -1
    outer loop
      vertex 96 -96 0
      vertex 17.5247 -28.4647 0
      vertex 17.5706 -28.3634 0
    endloop
  endfacet
  facet normal 0 0 -1
    outer loop
      vertex 96 -96 0
      vertex 17.4722 -28.5628 0
      vertex 17.5247 -28.4647 0
    endloop
  endfacet
  facet normal 0 0 -1
    outer loop
      vertex 96 -96 0
      vertex 17.4135 -28.6573 0
      vertex 17.4722 -28.5628 0
    endloop
  endfacet
  facet normal 0 0 -1
    outer loop
      vertex 96 -96 0
      vertex 17.3487 -28.7477 0
      vertex 17.4135 -28.6573 0
    endloop
  endfacet
  facet normal 0 0 -1
    outer loop
      vertex 96 -96 0
      vertex 17.2781 -28.8337 0
      vertex 17.3487 -28.7477 0
    endloop
  endfacet
  facet normal 0 0 -1
    outer loop
      vertex 96 -96 0
      vertex 17.2021 -28.9149 0
      vertex 17.2781 -28.8337 0
    endloop
  endfacet
  facet normal 0 0 -1
    outer loop
      vertex 96 -96 0
      vertex 17.1209 -28.9909 0
      vertex 17.2021 -28.9149 0
    endloop
  endfacet
  facet normal 0 0 -1
    outer loop
      vertex 96 -96 0
      vertex 17.0349 -29.0615 0
      vertex 17.1209 -28.9909 0
    endloop
  endfacet
  facet normal 0 0 -1
    outer loop
      vertex 96 -96 0
      vertex 16.9445 -29.1263 0
      vertex 17.0349 -29.0615 0
    endloop
  endfacet
  facet normal 0 0 -1
    outer loop
      vertex 96 -96 0
      vertex 16.85 -29.1851 0
      vertex 16.9445 -29.1263 0
    endloop
  endfacet
  facet normal 0 0 -1
    outer loop
      vertex 96 -96 0
      vertex 16.7519 -29.2375 0
      vertex 16.85 -29.1851 0
    endloop
  endfacet
  facet normal 0 0 -1
    outer loop
      vertex 96 -96 0
      vertex 16.6506 -29.2834 0
      vertex 16.7519 -29.2375 0
    endloop
  endfacet
  facet normal 0 0 -1
    outer loop
      vertex 96 -96 0
      vertex 16.5464 -29.3226 0
      vertex 16.6506 -29.2834 0
    endloop
  endfacet
  facet normal 0 0 -1
    outer loop
      vertex 96 -96 0
      vertex 16.44 -29.3549 0
      vertex 16.5464 -29.3226 0
    endloop
  endfacet
  facet normal 0 0 -1
    outer loop
      vertex 96 -96 0
      vertex 16.3317 -29.3801 0
      vertex 16.44 -29.3549 0
    endloop
  endfacet
  facet normal 0 0 -1
    outer loop
      vertex 96 -96 0
      vertex 16.2219 -29.3983 0
      vertex 16.3317 -29.3801 0
    endloop
  endfacet
  facet normal 0 0 -1
    outer loop
      vertex 96 -96 0
      vertex 16.1112 -29.4092 0
      vertex 16.2219 -29.3983 0
    endloop
  endfacet
  facet normal 0 0 -1
    outer loop
      vertex 96 -96 0
      vertex 16 -29.4128 0
      vertex 16.1112 -29.4092 0
    endloop
  endfacet
  facet normal 0 0 -1
    outer loop
      vertex 96 -96 0
      vertex 15.8888 -29.4092 0
      vertex 16 -29.4128 0
    endloop
  endfacet
  facet normal 0 0 -1
    outer loop
      vertex 96 -96 0
      vertex 15.7781 -29.3983 0
      vertex 15.8888 -29.4092 0
    endloop
  endfacet
  facet normal 0 0 -1
    outer loop
      vertex 96 -96 0
      vertex 15.6683 -29.3801 0
      vertex 15.7781 -29.3983 0
    endloop
  endfacet
  facet normal 0 0 -1
    outer loop
      vertex -96 -96 0
      vertex 15.6683 -29.3801 0
      vertex 96 -96 0
    endloop
  endfacet
  facet normal -0 0 -1
    outer loop
      vertex 15.6683 -29.3801 0
      vertex -96 -96 0
      vertex 15.56 -29.3549 0
    endloop
  endfacet
  facet normal -0 0 -1
    outer loop
      vertex 15.56 -29.3549 0
      vertex -96 -96 0
      vertex 15.4536 -29.3226 0
    endloop
  endfacet
  facet normal -0 0 -1
    outer loop
      vertex 15.4536 -29.3226 0
      vertex -96 -96 0
      vertex 15.3494 -29.2834 0
    endloop
  endfacet
  facet normal -0 0 -1
    outer loop
      vertex 15.3494 -29.2834 0
      vertex -96 -96 0
      vertex 15.2481 -29.2375 0
    endloop
  endfacet
  facet normal -0 0 -1
    outer loop
      vertex 15.2481 -29.2375 0
      vertex -96 -96 0
      vertex 15.15 -29.1851 0
    endloop
  endfacet
  facet normal 0 -0 -1
    outer loop
      vertex -4.37002 -21.9696 0
      vertex 15.15 -29.1851 0
      vertex -96 -96 0
    endloop
  endfacet
  facet normal 0 0 -1
    outer loop
      vertex 15.15 -29.1851 0
      vertex -4.37002 -21.9696 0
      vertex 15.0555 -29.1263 0
    endloop
  endfacet
  facet normal 0 0 -1
    outer loop
      vertex 5.79755 -21.6367 0
      vertex 14.3 -27.7128 0
      vertex 14.3036 -27.824 0
    endloop
  endfacet
  facet normal 0 0 -1
    outer loop
      vertex 14.3 -27.7128 0
      vertex 12.4448 -18.6249 0
      vertex 13.6363 -17.7711 0
    endloop
  endfacet
  facet normal 0 0 -1
    outer loop
      vertex 5.79755 -21.6367 0
      vertex 14.3036 -27.824 0
      vertex 14.3145 -27.9347 0
    endloop
  endfacet
  facet normal 0 0 -1
    outer loop
      vertex 5.79755 -21.6367 0
      vertex 14.3145 -27.9347 0
      vertex 14.3327 -28.0445 0
    endloop
  endfacet
  facet normal 0 0 -1
    outer loop
      vertex 14.3 -27.7128 0
      vertex 11.2 -19.399 0
      vertex 12.4448 -18.6249 0
    endloop
  endfacet
  facet normal 0 0 -1
    outer loop
      vertex 4.37002 -21.9696 0
      vertex 14.3327 -28.0445 0
      vertex 14.3579 -28.1528 0
    endloop
  endfacet
  facet normal 0 0 -1
    outer loop
      vertex 4.37002 -21.9696 0
      vertex 14.3579 -28.1528 0
      vertex 14.3902 -28.2593 0
    endloop
  endfacet
  facet normal 0 0 -1
    outer loop
      vertex 14.3 -27.7128 0
      vertex 9.90727 -20.0899 0
      vertex 11.2 -19.399 0
    endloop
  endfacet
  facet normal 0 0 -1
    outer loop
      vertex 4.37002 -21.9696 0
      vertex 14.3902 -28.2593 0
      vertex 14.4294 -28.3634 0
    endloop
  endfacet
  facet normal 0 0 -1
    outer loop
      vertex 2.92379 -22.2084 0
      vertex 14.4294 -28.3634 0
      vertex 14.4753 -28.4647 0
    endloop
  endfacet
  facet normal 0 0 -1
    outer loop
      vertex 2.92379 -22.2084 0
      vertex 14.4753 -28.4647 0
      vertex 14.5278 -28.5628 0
    endloop
  endfacet
  facet normal 0 0 -1
    outer loop
      vertex 14.3 -27.7128 0
      vertex 8.57211 -20.6949 0
      vertex 9.90727 -20.0899 0
    endloop
  endfacet
  facet normal 0 0 -1
    outer loop
      vertex 1.46503 -22.352 0
      vertex 14.5278 -28.5628 0
      vertex 14.5865 -28.6573 0
    endloop
  endfacet
  facet normal 0 0 -1
    outer loop
      vertex 1.46503 -22.352 0
      vertex 14.5865 -28.6573 0
      vertex 14.6513 -28.7477 0
    endloop
  endfacet
  facet normal 0 0 -1
    outer loop
      vertex 14.3 -27.7128 0
      vertex 7.20024 -21.2112 0
      vertex 8.57211 -20.6949 0
    endloop
  endfacet
  facet normal 0 0 -1
    outer loop
      vertex 0 -22.4 0
      vertex 14.6513 -28.7477 0
      vertex 14.7219 -28.8337 0
    endloop
  endfacet
  facet normal 0 0 -1
    outer loop
      vertex 0 -22.4 0
      vertex 14.7219 -28.8337 0
      vertex 14.7979 -28.9149 0
    endloop
  endfacet
  facet normal 0 0 -1
    outer loop
      vertex 14.3 -27.7128 0
      vertex 5.79755 -21.6367 0
      vertex 7.20024 -21.2112 0
    endloop
  endfacet
  facet normal 0 0 -1
    outer loop
      vertex -1.46503 -22.352 0
      vertex 14.7979 -28.9149 0
      vertex 14.8791 -28.9909 0
    endloop
  endfacet
  facet normal -0 -0 -1
    outer loop
      vertex -2.92379 -22.2084 0
      vertex 15.0555 -29.1263 0
      vertex -4.37002 -21.9696 0
    endloop
  endfacet
  facet normal 0 0 -1
    outer loop
      vertex 14.3327 -28.0445 0
      vertex 4.37002 -21.9696 0
      vertex 5.79755 -21.6367 0
    endloop
  endfacet
  facet normal 0 0 -1
    outer loop
      vertex 14.4294 -28.3634 0
      vertex 2.92379 -22.2084 0
      vertex 4.37002 -21.9696 0
    endloop
  endfacet
  facet normal 0 0 -1
    outer loop
      vertex 14.5278 -28.5628 0
      vertex 1.46503 -22.352 0
      vertex 2.92379 -22.2084 0
    endloop
  endfacet
  facet normal 0 0 -1
    outer loop
      vertex 14.6513 -28.7477 0
      vertex 0 -22.4 0
      vertex 1.46503 -22.352 0
    endloop
  endfacet
  facet normal 0 0 -1
    outer loop
      vertex 15.0555 -29.1263 0
      vertex -2.92379 -22.2084 0
      vertex 14.9651 -29.0615 0
    endloop
  endfacet
  facet normal 0 0 -1
    outer loop
      vertex 14.7979 -28.9149 0
      vertex -1.46503 -22.352 0
      vertex 0 -22.4 0
    endloop
  endfacet
  facet normal 0 0 -1
    outer loop
      vertex 14.9651 -29.0615 0
      vertex -1.46503 -22.352 0
      vertex 14.8791 -28.9909 0
    endloop
  endfacet
  facet normal -0 -0 -1
    outer loop
      vertex -1.46503 -22.352 0
      vertex 14.9651 -29.0615 0
      vertex -2.92379 -22.2084 0
    endloop
  endfacet
  facet normal -0 0 -1
    outer loop
      vertex -4.37002 -21.9696 0
      vertex -96 -96 0
      vertex -5.79755 -21.6367 0
    endloop
  endfacet
  facet normal -0 0 -1
    outer loop
      vertex -5.79755 -21.6367 0
      vertex -96 -96 0
      vertex -7.20024 -21.2112 0
    endloop
  endfacet
  facet normal -0 0 -1
    outer loop
      vertex -7.20024 -21.2112 0
      vertex -96 -96 0
      vertex -8.57211 -20.6949 0
    endloop
  endfacet
  facet normal -0 0 -1
    outer loop
      vertex -8.57211 -20.6949 0
      vertex -96 -96 0
      vertex -9.90727 -20.0899 0
    endloop
  endfacet
  facet normal -0 0 -1
    outer loop
      vertex -9.90727 -20.0899 0
      vertex -96 -96 0
      vertex -11.2 -19.399 0
    endloop
  endfacet
  facet normal 0 0 -1
    outer loop
      vertex -30.3145 -0.221894 0
      vertex -22.4 0 0
      vertex -22.352 -1.46503 0
    endloop
  endfacet
  facet normal 0 0 -1
    outer loop
      vertex -30.4753 -0.75189 0
      vertex -22.352 -1.46503 0
      vertex -22.2084 -2.92379 0
    endloop
  endfacet
  facet normal 0 0 -1
    outer loop
      vertex -30.7219 -1.12089 0
      vertex -22.2084 -2.92379 0
      vertex -21.9696 -4.37002 0
    endloop
  endfacet
  facet normal 0 0 -1
    outer loop
      vertex -31.0555 -1.4135 0
      vertex -21.9696 -4.37002 0
      vertex -21.6367 -5.79755 0
    endloop
  endfacet
  facet normal 0 0 -1
    outer loop
      vertex -31.3494 -1.57059 0
      vertex -21.6367 -5.79755 0
      vertex -21.2112 -7.20024 0
    endloop
  endfacet
  facet normal 0 0 -1
    outer loop
      vertex -31.6683 -1.66733 0
      vertex -21.2112 -7.20024 0
      vertex -20.6949 -8.57211 0
    endloop
  endfacet
  facet normal 0 0 -1
    outer loop
      vertex -32 -1.7 0
      vertex -20.6949 -8.57211 0
      vertex -20.0899 -9.90727 0
    endloop
  endfacet
  facet normal 0 0 -1
    outer loop
      vertex -32.2219 -1.68546 0
      vertex -20.0899 -9.90727 0
      vertex -19.399 -11.2 0
    endloop
  endfacet
  facet normal 0 0 -1
    outer loop
      vertex -32.44 -1.64207 0
      vertex -19.399 -11.2 0
      vertex -18.6249 -12.4448 0
    endloop
  endfacet
  facet normal 0 0 -1
    outer loop
      vertex -32.6506 -1.57059 0
      vertex -18.6249 -12.4448 0
      vertex -17.7711 -13.6363 0
    endloop
  endfacet
  facet normal 0 0 -1
    outer loop
      vertex -32.7519 -1.52468 0
      vertex -17.7711 -13.6363 0
      vertex -16.8412 -14.7693 0
    endloop
  endfacet
  facet normal -0 0 -1
    outer loop
      vertex -22.4 0 0
      vertex -30.3036 -0.111185 0
      vertex -30.3 0 0
    endloop
  endfacet
  facet normal 0 0 -1
    outer loop
      vertex -22.4 0 0
      vertex -30.3145 -0.221894 0
      vertex -30.3036 -0.111185 0
    endloop
  endfacet
  facet normal 0 0 -1
    outer loop
      vertex -22.352 -1.46503 0
      vertex -30.3327 -0.331653 0
      vertex -30.3145 -0.221894 0
    endloop
  endfacet
  facet normal 0 0 -1
    outer loop
      vertex -22.352 -1.46503 0
      vertex -30.3579 -0.439992 0
      vertex -30.3327 -0.331653 0
    endloop
  endfacet
  facet normal 0 0 -1
    outer loop
      vertex -96 -96 0
      vertex -16.8412 -14.7693 0
      vertex -15.8392 -15.8392 0
    endloop
  endfacet
  facet normal 0 0 -1
    outer loop
      vertex -22.352 -1.46503 0
      vertex -30.3902 -0.546447 0
      vertex -30.3579 -0.439992 0
    endloop
  endfacet
  facet normal 0 0 -1
    outer loop
      vertex -22.352 -1.46503 0
      vertex -30.4294 -0.650561 0
      vertex -30.3902 -0.546447 0
    endloop
  endfacet
  facet normal 0 0 -1
    outer loop
      vertex -22.352 -1.46503 0
      vertex -30.4753 -0.75189 0
      vertex -30.4294 -0.650561 0
    endloop
  endfacet
  facet normal 0 0 -1
    outer loop
      vertex -22.2084 -2.92379 0
      vertex -30.5278 -0.849999 0
      vertex -30.4753 -0.75189 0
    endloop
  endfacet
  facet normal 0 0 -1
    outer loop
      vertex -22.2084 -2.92379 0
      vertex -30.5865 -0.944468 0
      vertex -30.5278 -0.849999 0
    endloop
  endfacet
  facet normal 0 0 -1
    outer loop
      vertex -22.2084 -2.92379 0
      vertex -30.6513 -1.03489 0
      vertex -30.5865 -0.944468 0
    endloop
  endfacet
  facet normal 0 0 -1
    outer loop
      vertex -22.2084 -2.92379 0
      vertex -30.7219 -1.12089 0
      vertex -30.6513 -1.03489 0
    endloop
  endfacet
  facet normal 0 0 -1
    outer loop
      vertex -21.9696 -4.37002 0
      vertex -30.7979 -1.20208 0
      vertex -30.7219 -1.12089 0
    endloop
  endfacet
  facet normal 0 0 -1
    outer loop
      vertex -21.9696 -4.37002 0
      vertex -30.8791 -1.27813 0
      vertex -30.7979 -1.20208 0
    endloop
  endfacet
  facet normal 0 0 -1
    outer loop
      vertex -21.9696 -4.37002 0
      vertex -30.9651 -1.3487 0
      vertex -30.8791 -1.27813 0
    endloop
  endfacet
  facet normal 0 0 -1
    outer loop
      vertex -21.9696 -4.37002 0
      vertex -31.0555 -1.4135 0
      vertex -30.9651 -1.3487 0
    endloop
  endfacet
  facet normal 0 0 -1
    outer loop
      vertex -21.6367 -5.79755 0
      vertex -31.15 -1.47224 0
      vertex -31.0555 -1.4135 0
    endloop
  endfacet
  facet normal 0 0 -1
    outer loop
      vertex -21.6367 -5.79755 0
      vertex -31.2481 -1.52468 0
      vertex -31.15 -1.47224 0
    endloop
  endfacet
  facet normal 0 0 -1
    outer loop
      vertex -96 -96 0
      vertex -15.8392 -15.8392 0
      vertex -14.7693 -16.8412 0
    endloop
  endfacet
  facet normal 0 0 -1
    outer loop
      vertex -21.6367 -5.79755 0
      vertex -31.3494 -1.57059 0
      vertex -31.2481 -1.52468 0
    endloop
  endfacet
  facet normal 0 0 -1
    outer loop
      vertex -21.2112 -7.20024 0
      vertex -31.4536 -1.60978 0
      vertex -31.3494 -1.57059 0
    endloop
  endfacet
  facet normal 0 0 -1
    outer loop
      vertex -21.2112 -7.20024 0
      vertex -31.56 -1.64207 0
      vertex -31.4536 -1.60978 0
    endloop
  endfacet
  facet normal 0 0 -1
    outer loop
      vertex -21.2112 -7.20024 0
      vertex -31.6683 -1.66733 0
      vertex -31.56 -1.64207 0
    endloop
  endfacet
  facet normal 0 0 -1
    outer loop
      vertex -20.6949 -8.57211 0
      vertex -31.7781 -1.68546 0
      vertex -31.6683 -1.66733 0
    endloop
  endfacet
  facet normal 0 0 -1
    outer loop
      vertex -20.6949 -8.57211 0
      vertex -31.8888 -1.69636 0
      vertex -31.7781 -1.68546 0
    endloop
  endfacet
  facet normal 0 0 -1
    outer loop
      vertex -20.6949 -8.57211 0
      vertex -32 -1.7 0
      vertex -31.8888 -1.69636 0
    endloop
  endfacet
  facet normal 0 0 -1
    outer loop
      vertex -20.0899 -9.90727 0
      vertex -32.1112 -1.69636 0
      vertex -32 -1.7 0
    endloop
  endfacet
  facet normal 0 0 -1
    outer loop
      vertex -20.0899 -9.90727 0
      vertex -32.2219 -1.68546 0
      vertex -32.1112 -1.69636 0
    endloop
  endfacet
  facet normal 0 0 -1
    outer loop
      vertex -19.399 -11.2 0
      vertex -32.3317 -1.66733 0
      vertex -32.2219 -1.68546 0
    endloop
  endfacet
  facet normal 0 0 -1
    outer loop
      vertex -19.399 -11.2 0
      vertex -32.44 -1.64207 0
      vertex -32.3317 -1.66733 0
    endloop
  endfacet
  facet normal 0 0 -1
    outer loop
      vertex -18.6249 -12.4448 0
      vertex -32.5464 -1.60978 0
      vertex -32.44 -1.64207 0
    endloop
  endfacet
  facet normal 0 0 -1
    outer loop
      vertex -18.6249 -12.4448 0
      vertex -32.6506 -1.57059 0
      vertex -32.5464 -1.60978 0
    endloop
  endfacet
  facet normal 0 0 -1
    outer loop
      vertex -17.7711 -13.6363 0
      vertex -32.7519 -1.52468 0
      vertex -32.6506 -1.57059 0
    endloop
  endfacet
  facet normal 0 0 -1
    outer loop
      vertex -16.8412 -14.7693 0
      vertex -32.85 -1.47224 0
      vertex -32.7519 -1.52468 0
    endloop
  endfacet
  facet normal -0 0 -1
    outer loop
      vertex -16.8412 -14.7693 0
      vertex -96 -96 0
      vertex -32.85 -1.47224 0
    endloop
  endfacet
  facet normal -0 0 -1
    outer loop
      vertex -32.85 -1.47224 0
      vertex -96 -96 0
      vertex -32.9445 -1.4135 0
    endloop
  endfacet
  facet normal -0 0 -1
    outer loop
      vertex -32.9445 -1.4135 0
      vertex -96 -96 0
      vertex -33.0349 -1.3487 0
    endloop
  endfacet
  facet normal -0 0 -1
    outer loop
      vertex -33.6964 -0.111185 0
      vertex -96 -96 0
      vertex -33.7 0 0
    endloop
  endfacet
  facet normal -0 0 -1
    outer loop
      vertex -33.6855 -0.221894 0
      vertex -96 -96 0
      vertex -33.6964 -0.111185 0
    endloop
  endfacet
  facet normal -0 0 -1
    outer loop
      vertex -33.6673 -0.331653 0
      vertex -96 -96 0
      vertex -33.6855 -0.221894 0
    endloop
  endfacet
  facet normal -0 0 -1
    outer loop
      vertex -33.6421 -0.439992 0
      vertex -96 -96 0
      vertex -33.6673 -0.331653 0
    endloop
  endfacet
  facet normal -0 0 -1
    outer loop
      vertex -33.6098 -0.546447 0
      vertex -96 -96 0
      vertex -33.6421 -0.439992 0
    endloop
  endfacet
  facet normal -0 0 -1
    outer loop
      vertex -33.5706 -0.650561 0
      vertex -96 -96 0
      vertex -33.6098 -0.546447 0
    endloop
  endfacet
  facet normal -0 0 -1
    outer loop
      vertex -33.5247 -0.75189 0
      vertex -96 -96 0
      vertex -33.5706 -0.650561 0
    endloop
  endfacet
  facet normal -0 0 -1
    outer loop
      vertex -33.4722 -0.849999 0
      vertex -96 -96 0
      vertex -33.5247 -0.75189 0
    endloop
  endfacet
  facet normal -0 0 -1
    outer loop
      vertex -33.4135 -0.944468 0
      vertex -96 -96 0
      vertex -33.4722 -0.849999 0
    endloop
  endfacet
  facet normal -0 0 -1
    outer loop
      vertex -33.3487 -1.03489 0
      vertex -96 -96 0
      vertex -33.4135 -0.944468 0
    endloop
  endfacet
  facet normal -0 0 -1
    outer loop
      vertex -33.2781 -1.12089 0
      vertex -96 -96 0
      vertex -33.3487 -1.03489 0
    endloop
  endfacet
  facet normal -0 0 -1
    outer loop
      vertex -33.2021 -1.20208 0
      vertex -96 -96 0
      vertex -33.2781 -1.12089 0
    endloop
  endfacet
  facet normal -0 0 -1
    outer loop
      vertex -33.1209 -1.27813 0
      vertex -96 -96 0
      vertex -33.2021 -1.20208 0
    endloop
  endfacet
  facet normal -0 0 -1
    outer loop
      vertex -33.0349 -1.3487 0
      vertex -96 -96 0
      vertex -33.1209 -1.27813 0
    endloop
  endfacet
  facet normal -0 0 -1
    outer loop
      vertex -13.6363 -17.7711 0
      vertex -96 -96 0
      vertex -14.7693 -16.8412 0
    endloop
  endfacet
  facet normal -0 0 -1
    outer loop
      vertex -12.4448 -18.6249 0
      vertex -96 -96 0
      vertex -13.6363 -17.7711 0
    endloop
  endfacet
  facet normal -0 0 -1
    outer loop
      vertex -11.2 -19.399 0
      vertex -96 -96 0
      vertex -12.4448 -18.6249 0
    endloop
  endfacet
  facet normal 0 0 -1
    outer loop
      vertex 22.352 1.46503 0
      vertex 96 96 0
      vertex 22.4 0 0
    endloop
  endfacet
  facet normal 0 0 -1
    outer loop
      vertex 22.2084 2.92379 0
      vertex 96 96 0
      vertex 22.352 1.46503 0
    endloop
  endfacet
  facet normal 0 0 -1
    outer loop
      vertex 21.9696 4.37002 0
      vertex 96 96 0
      vertex 22.2084 2.92379 0
    endloop
  endfacet
  facet normal 0 0 -1
    outer loop
      vertex 21.6367 5.79755 0
      vertex 96 96 0
      vertex 21.9696 4.37002 0
    endloop
  endfacet
  facet normal 0 0 -1
    outer loop
      vertex 21.2112 7.20024 0
      vertex 96 96 0
      vertex 21.6367 5.79755 0
    endloop
  endfacet
  facet normal 0 0 -1
    outer loop
      vertex 17.7 27.7128 0
      vertex 21.2112 7.20024 0
      vertex 20.6949 8.57211 0
    endloop
  endfacet
  facet normal 0 0 -1
    outer loop
      vertex 17.6964 27.6016 0
      vertex 20.6949 8.57211 0
      vertex 20.0899 9.90727 0
    endloop
  endfacet
  facet normal 0 0 -1
    outer loop
      vertex 17.6964 27.6016 0
      vertex 20.0899 9.90727 0
      vertex 19.399 11.2 0
    endloop
  endfacet
  facet normal 0 0 -1
    outer loop
      vertex 17.6964 27.6016 0
      vertex 19.399 11.2 0
      vertex 18.6249 12.4448 0
    endloop
  endfacet
  facet normal 0 0 -1
    outer loop
      vertex 17.4722 26.8628 0
      vertex 18.6249 12.4448 0
      vertex 17.7711 13.6363 0
    endloop
  endfacet
  facet normal 0 0 -1
    outer loop
      vertex 21.2112 7.20024 0
      vertex 17.7 27.7128 0
      vertex 96 96 0
    endloop
  endfacet
  facet normal 0 0 -1
    outer loop
      vertex 17.6964 27.824 0
      vertex 96 96 0
      vertex 17.7 27.7128 0
    endloop
  endfacet
  facet normal 0 0 -1
    outer loop
      vertex 17.6855 27.9347 0
      vertex 96 96 0
      vertex 17.6964 27.824 0
    endloop
  endfacet
  facet normal 0 0 -1
    outer loop
      vertex 17.6673 28.0445 0
      vertex 96 96 0
      vertex 17.6855 27.9347 0
    endloop
  endfacet
  facet normal 0 0 -1
    outer loop
      vertex 17.6421 28.1528 0
      vertex 96 96 0
      vertex 17.6673 28.0445 0
    endloop
  endfacet
  facet normal 0 0 -1
    outer loop
      vertex 17.6098 28.2593 0
      vertex 96 96 0
      vertex 17.6421 28.1528 0
    endloop
  endfacet
  facet normal 0 0 -1
    outer loop
      vertex 17.5706 28.3634 0
      vertex 96 96 0
      vertex 17.6098 28.2593 0
    endloop
  endfacet
  facet normal 0 0 -1
    outer loop
      vertex 17.5247 28.4647 0
      vertex 96 96 0
      vertex 17.5706 28.3634 0
    endloop
  endfacet
  facet normal 0 0 -1
    outer loop
      vertex 17.4722 28.5628 0
      vertex 96 96 0
      vertex 17.5247 28.4647 0
    endloop
  endfacet
  facet normal 0 0 -1
    outer loop
      vertex 17.4135 28.6573 0
      vertex 96 96 0
      vertex 17.4722 28.5628 0
    endloop
  endfacet
  facet normal 0 0 -1
    outer loop
      vertex 17.3487 28.7477 0
      vertex 96 96 0
      vertex 17.4135 28.6573 0
    endloop
  endfacet
  facet normal 0 0 -1
    outer loop
      vertex 17.2781 28.8337 0
      vertex 96 96 0
      vertex 17.3487 28.7477 0
    endloop
  endfacet
  facet normal 0 0 -1
    outer loop
      vertex 17.2021 28.9149 0
      vertex 96 96 0
      vertex 17.2781 28.8337 0
    endloop
  endfacet
  facet normal 0 0 -1
    outer loop
      vertex 17.1209 28.9909 0
      vertex 96 96 0
      vertex 17.2021 28.9149 0
    endloop
  endfacet
  facet normal 0 0 -1
    outer loop
      vertex 17.0349 29.0615 0
      vertex 96 96 0
      vertex 17.1209 28.9909 0
    endloop
  endfacet
  facet normal 0 0 -1
    outer loop
      vertex 16.9445 29.1263 0
      vertex 96 96 0
      vertex 17.0349 29.0615 0
    endloop
  endfacet
  facet normal 0 0 -1
    outer loop
      vertex 16.85 29.1851 0
      vertex 96 96 0
      vertex 16.9445 29.1263 0
    endloop
  endfacet
  facet normal 0 0 -1
    outer loop
      vertex 16.7519 29.2375 0
      vertex 96 96 0
      vertex 16.85 29.1851 0
    endloop
  endfacet
  facet normal 0 0 -1
    outer loop
      vertex 16.6506 29.2834 0
      vertex 96 96 0
      vertex 16.7519 29.2375 0
    endloop
  endfacet
  facet normal 0 0 -1
    outer loop
      vertex 16.5464 29.3226 0
      vertex 96 96 0
      vertex 16.6506 29.2834 0
    endloop
  endfacet
  facet normal 0 0 -1
    outer loop
      vertex 16.44 29.3549 0
      vertex 96 96 0
      vertex 16.5464 29.3226 0
    endloop
  endfacet
  facet normal 0 0 -1
    outer loop
      vertex 16.3317 29.3801 0
      vertex 96 96 0
      vertex 16.44 29.3549 0
    endloop
  endfacet
  facet normal 0 0 -1
    outer loop
      vertex 16.2219 29.3983 0
      vertex 96 96 0
      vertex 16.3317 29.3801 0
    endloop
  endfacet
  facet normal 0 0 -1
    outer loop
      vertex 16.1112 29.4092 0
      vertex 96 96 0
      vertex 16.2219 29.3983 0
    endloop
  endfacet
  facet normal 0 0 -1
    outer loop
      vertex 16 29.4128 0
      vertex 96 96 0
      vertex 16.1112 29.4092 0
    endloop
  endfacet
  facet normal 0 0 -1
    outer loop
      vertex 15.8888 29.4092 0
      vertex 96 96 0
      vertex 16 29.4128 0
    endloop
  endfacet
  facet normal 0 0 -1
    outer loop
      vertex 15.7781 29.3983 0
      vertex 96 96 0
      vertex 15.8888 29.4092 0
    endloop
  endfacet
  facet normal 0 0 -1
    outer loop
      vertex 15.6683 29.3801 0
      vertex 96 96 0
      vertex 15.7781 29.3983 0
    endloop
  endfacet
  facet normal 0 0 -1
    outer loop
      vertex -96 96 0
      vertex 15.6683 29.3801 0
      vertex 15.56 29.3549 0
    endloop
  endfacet
  facet normal 0 0 -1
    outer loop
      vertex -96 96 0
      vertex 15.56 29.3549 0
      vertex 15.4536 29.3226 0
    endloop
  endfacet
  facet normal 0 0 -1
    outer loop
      vertex -96 96 0
      vertex 15.4536 29.3226 0
      vertex 15.3494 29.2834 0
    endloop
  endfacet
  facet normal 0 0 -1
    outer loop
      vertex -96 96 0
      vertex 15.3494 29.2834 0
      vertex 15.2481 29.2375 0
    endloop
  endfacet
  facet normal 0 0 -1
    outer loop
      vertex -96 96 0
      vertex 15.2481 29.2375 0
      vertex 15.15 29.1851 0
    endloop
  endfacet
  facet normal 0 0 -1
    outer loop
      vertex -4.37002 21.9696 0
      vertex 15.15 29.1851 0
      vertex 15.0555 29.1263 0
    endloop
  endfacet
  facet normal 0 0 -1
    outer loop
      vertex -2.92379 22.2084 0
      vertex 15.0555 29.1263 0
      vertex 14.9651 29.0615 0
    endloop
  endfacet
  facet normal 0 0 -1
    outer loop
      vertex -1.46503 22.352 0
      vertex 14.9651 29.0615 0
      vertex 14.8791 28.9909 0
    endloop
  endfacet
  facet normal -0 0 -1
    outer loop
      vertex 14.3902 27.1664 0
      vertex 7.20024 21.2112 0
      vertex 14.3579 27.2728 0
    endloop
  endfacet
  facet normal -0 0 -1
    outer loop
      vertex 14.3579 27.2728 0
      vertex 7.20024 21.2112 0
      vertex 14.3327 27.3812 0
    endloop
  endfacet
  facet normal -0 0 -1
    outer loop
      vertex 14.3327 27.3812 0
      vertex 7.20024 21.2112 0
      vertex 14.3145 27.4909 0
    endloop
  endfacet
  facet normal -0 0 -1
    outer loop
      vertex 14.3145 27.4909 0
      vertex 7.20024 21.2112 0
      vertex 14.3036 27.6016 0
    endloop
  endfacet
  facet normal 0 0 -1
    outer loop
      vertex 5.79755 21.6367 0
      vertex 14.3036 27.6016 0
      vertex 7.20024 21.2112 0
    endloop
  endfacet
  facet normal -0 0 -1
    outer loop
      vertex 14.3036 27.6016 0
      vertex 5.79755 21.6367 0
      vertex 14.3 27.7128 0
    endloop
  endfacet
  facet normal -0 0 -1
    outer loop
      vertex 14.3 27.7128 0
      vertex 5.79755 21.6367 0
      vertex 14.3036 27.824 0
    endloop
  endfacet
  facet normal -0 0 -1
    outer loop
      vertex 14.3036 27.824 0
      vertex 5.79755 21.6367 0
      vertex 14.3145 27.9347 0
    endloop
  endfacet
  facet normal -0 0 -1
    outer loop
      vertex 14.3145 27.9347 0
      vertex 5.79755 21.6367 0
      vertex 14.3327 28.0445 0
    endloop
  endfacet
  facet normal 0 0 -1
    outer loop
      vertex 4.37002 21.9696 0
      vertex 14.3327 28.0445 0
      vertex 5.79755 21.6367 0
    endloop
  endfacet
  facet normal -0 0 -1
    outer loop
      vertex 14.3327 28.0445 0
      vertex 4.37002 21.9696 0
      vertex 14.3579 28.1528 0
    endloop
  endfacet
  facet normal -0 0 -1
    outer loop
      vertex 14.3579 28.1528 0
      vertex 4.37002 21.9696 0
      vertex 14.3902 28.2593 0
    endloop
  endfacet
  facet normal -0 0 -1
    outer loop
      vertex 14.3902 28.2593 0
      vertex 4.37002 21.9696 0
      vertex 14.4294 28.3634 0
    endloop
  endfacet
  facet normal 0 0 -1
    outer loop
      vertex 2.92379 22.2084 0
      vertex 14.4294 28.3634 0
      vertex 4.37002 21.9696 0
    endloop
  endfacet
  facet normal -0 0 -1
    outer loop
      vertex 14.4294 28.3634 0
      vertex 2.92379 22.2084 0
      vertex 14.4753 28.4647 0
    endloop
  endfacet
  facet normal -0 0 -1
    outer loop
      vertex 14.4753 28.4647 0
      vertex 2.92379 22.2084 0
      vertex 14.5278 28.5628 0
    endloop
  endfacet
  facet normal 0 0 -1
    outer loop
      vertex 1.46503 22.352 0
      vertex 14.5278 28.5628 0
      vertex 2.92379 22.2084 0
    endloop
  endfacet
  facet normal -0 0 -1
    outer loop
      vertex 14.5278 28.5628 0
      vertex 1.46503 22.352 0
      vertex 14.5865 28.6573 0
    endloop
  endfacet
  facet normal -0 0 -1
    outer loop
      vertex 14.5865 28.6573 0
      vertex 1.46503 22.352 0
      vertex 14.6513 28.7477 0
    endloop
  endfacet
  facet normal 0 0 -1
    outer loop
      vertex 0 22.4 0
      vertex 14.6513 28.7477 0
      vertex 1.46503 22.352 0
    endloop
  endfacet
  facet normal -0 0 -1
    outer loop
      vertex 14.6513 28.7477 0
      vertex 0 22.4 0
      vertex 14.7219 28.8337 0
    endloop
  endfacet
  facet normal -0 0 -1
    outer loop
      vertex 14.7219 28.8337 0
      vertex 0 22.4 0
      vertex 14.7979 28.9149 0
    endloop
  endfacet
  facet normal 0 0 -1
    outer loop
      vertex -1.46503 22.352 0
      vertex 14.7979 28.9149 0
      vertex 0 22.4 0
    endloop
  endfacet
  facet normal -0 0 -1
    outer loop
      vertex 14.7979 28.9149 0
      vertex -1.46503 22.352 0
      vertex 14.8791 28.9909 0
    endloop
  endfacet
  facet normal 0 0 -1
    outer loop
      vertex 14.9651 29.0615 0
      vertex -1.46503 22.352 0
      vertex -2.92379 22.2084 0
    endloop
  endfacet
  facet normal 0 0 -1
    outer loop
      vertex 15.0555 29.1263 0
      vertex -2.92379 22.2084 0
      vertex -4.37002 21.9696 0
    endloop
  endfacet
  facet normal -0 0 -1
    outer loop
      vertex 15.15 29.1851 0
      vertex -4.37002 21.9696 0
      vertex -96 96 0
    endloop
  endfacet
  facet normal 0 0 -1
    outer loop
      vertex -96 96 0
      vertex -4.37002 21.9696 0
      vertex -5.79755 21.6367 0
    endloop
  endfacet
  facet normal 0 0 -1
    outer loop
      vertex -96 96 0
      vertex -5.79755 21.6367 0
      vertex -7.20024 21.2112 0
    endloop
  endfacet
  facet normal 0 0 -1
    outer loop
      vertex -96 96 0
      vertex -7.20024 21.2112 0
      vertex -8.57211 20.6949 0
    endloop
  endfacet
  facet normal 0 0 -1
    outer loop
      vertex -96 96 0
      vertex -8.57211 20.6949 0
      vertex -9.90727 20.0899 0
    endloop
  endfacet
  facet normal 0 0 -1
    outer loop
      vertex -96 96 0
      vertex -9.90727 20.0899 0
      vertex -11.2 19.399 0
    endloop
  endfacet
  facet normal 0 0 -1
    outer loop
      vertex -96 96 0
      vertex -11.2 19.399 0
      vertex -12.4448 18.6249 0
    endloop
  endfacet
  facet normal 0 0 -1
    outer loop
      vertex -30.3036 0.111185 0
      vertex -22.4 0 0
      vertex -30.3 0 0
    endloop
  endfacet
  facet normal 0 0 -1
    outer loop
      vertex -30.3145 0.221894 0
      vertex -22.4 0 0
      vertex -30.3036 0.111185 0
    endloop
  endfacet
  facet normal 0 0 -1
    outer loop
      vertex -22.4 0 0
      vertex -30.3145 0.221894 0
      vertex -22.352 1.46503 0
    endloop
  endfacet
  facet normal 0 0 -1
    outer loop
      vertex -30.3327 0.331653 0
      vertex -22.352 1.46503 0
      vertex -30.3145 0.221894 0
    endloop
  endfacet
  facet normal 0 0 -1
    outer loop
      vertex -30.3579 0.439992 0
      vertex -22.352 1.46503 0
      vertex -30.3327 0.331653 0
    endloop
  endfacet
  facet normal 0 0 -1
    outer loop
      vertex -30.3902 0.546447 0
      vertex -22.352 1.46503 0
      vertex -30.3579 0.439992 0
    endloop
  endfacet
  facet normal 0 0 -1
    outer loop
      vertex -30.4294 0.650561 0
      vertex -22.352 1.46503 0
      vertex -30.3902 0.546447 0
    endloop
  endfacet
  facet normal 0 0 -1
    outer loop
      vertex -30.4753 0.75189 0
      vertex -22.352 1.46503 0
      vertex -30.4294 0.650561 0
    endloop
  endfacet
  facet normal -0 0 -1
    outer loop
      vertex -22.352 1.46503 0
      vertex -30.4753 0.75189 0
      vertex -22.2084 2.92379 0
    endloop
  endfacet
  facet normal 0 0 -1
    outer loop
      vertex -30.5278 0.849999 0
      vertex -22.2084 2.92379 0
      vertex -30.4753 0.75189 0
    endloop
  endfacet
  facet normal 0 0 -1
    outer loop
      vertex -30.5865 0.944468 0
      vertex -22.2084 2.92379 0
      vertex -30.5278 0.849999 0
    endloop
  endfacet
  facet normal 0 0 -1
    outer loop
      vertex -30.6513 1.03489 0
      vertex -22.2084 2.92379 0
      vertex -30.5865 0.944468 0
    endloop
  endfacet
  facet normal 0 0 -1
    outer loop
      vertex -30.7219 1.12089 0
      vertex -22.2084 2.92379 0
      vertex -30.6513 1.03489 0
    endloop
  endfacet
  facet normal -0 0 -1
    outer loop
      vertex -22.2084 2.92379 0
      vertex -30.7219 1.12089 0
      vertex -21.9696 4.37002 0
    endloop
  endfacet
  facet normal 0 0 -1
    outer loop
      vertex -30.7979 1.20208 0
      vertex -21.9696 4.37002 0
      vertex -30.7219 1.12089 0
    endloop
  endfacet
  facet normal 0 0 -1
    outer loop
      vertex -30.8791 1.27813 0
      vertex -21.9696 4.37002 0
      vertex -30.7979 1.20208 0
    endloop
  endfacet
  facet normal 0 0 -1
    outer loop
      vertex -30.9651 1.3487 0
      vertex -21.9696 4.37002 0
      vertex -30.8791 1.27813 0
    endloop
  endfacet
  facet normal 0 0 -1
    outer loop
      vertex -31.0555 1.4135 0
      vertex -21.9696 4.37002 0
      vertex -30.9651 1.3487 0
    endloop
  endfacet
  facet normal -0 0 -1
    outer loop
      vertex -21.9696 4.37002 0
      vertex -31.0555 1.4135 0
      vertex -21.6367 5.79755 0
    endloop
  endfacet
  facet normal 0 0 -1
    outer loop
      vertex -31.15 1.47224 0
      vertex -21.6367 5.79755 0
      vertex -31.0555 1.4135 0
    endloop
  endfacet
  facet normal 0 0 -1
    outer loop
      vertex -31.2481 1.52468 0
      vertex -21.6367 5.79755 0
      vertex -31.15 1.47224 0
    endloop
  endfacet
  facet normal 0 0 -1
    outer loop
      vertex -31.3494 1.57059 0
      vertex -21.6367 5.79755 0
      vertex -31.2481 1.52468 0
    endloop
  endfacet
  facet normal -0 0 -1
    outer loop
      vertex -21.6367 5.79755 0
      vertex -31.3494 1.57059 0
      vertex -21.2112 7.20024 0
    endloop
  endfacet
  facet normal 0 0 -1
    outer loop
      vertex -31.4536 1.60978 0
      vertex -21.2112 7.20024 0
      vertex -31.3494 1.57059 0
    endloop
  endfacet
  facet normal 0 0 -1
    outer loop
      vertex -31.56 1.64207 0
      vertex -21.2112 7.20024 0
      vertex -31.4536 1.60978 0
    endloop
  endfacet
  facet normal 0 0 -1
    outer loop
      vertex -31.6683 1.66733 0
      vertex -21.2112 7.20024 0
      vertex -31.56 1.64207 0
    endloop
  endfacet
  facet normal -0 0 -1
    outer loop
      vertex -21.2112 7.20024 0
      vertex -31.6683 1.66733 0
      vertex -20.6949 8.57211 0
    endloop
  endfacet
  facet normal 0 0 -1
    outer loop
      vertex -31.7781 1.68546 0
      vertex -20.6949 8.57211 0
      vertex -31.6683 1.66733 0
    endloop
  endfacet
  facet normal 0 0 -1
    outer loop
      vertex -31.8888 1.69636 0
      vertex -20.6949 8.57211 0
      vertex -31.7781 1.68546 0
    endloop
  endfacet
  facet normal 0 0 -1
    outer loop
      vertex -32 1.7 0
      vertex -20.6949 8.57211 0
      vertex -31.8888 1.69636 0
    endloop
  endfacet
  facet normal -0 0 -1
    outer loop
      vertex -20.6949 8.57211 0
      vertex -32 1.7 0
      vertex -20.0899 9.90727 0
    endloop
  endfacet
  facet normal 0 0 -1
    outer loop
      vertex -32.1112 1.69636 0
      vertex -20.0899 9.90727 0
      vertex -32 1.7 0
    endloop
  endfacet
  facet normal 0 0 -1
    outer loop
      vertex -32.2219 1.68546 0
      vertex -20.0899 9.90727 0
      vertex -32.1112 1.69636 0
    endloop
  endfacet
  facet normal -0 0 -1
    outer loop
      vertex -20.0899 9.90727 0
      vertex -32.2219 1.68546 0
      vertex -19.399 11.2 0
    endloop
  endfacet
  facet normal 0 0 -1
    outer loop
      vertex -32.3317 1.66733 0
      vertex -19.399 11.2 0
      vertex -32.2219 1.68546 0
    endloop
  endfacet
  facet normal 0 0 -1
    outer loop
      vertex -32.44 1.64207 0
      vertex -19.399 11.2 0
      vertex -32.3317 1.66733 0
    endloop
  endfacet
  facet normal -0 0 -1
    outer loop
      vertex -19.399 11.2 0
      vertex -32.44 1.64207 0
      vertex -18.6249 12.4448 0
    endloop
  endfacet
  facet normal 0 0 -1
    outer loop
      vertex -32.5464 1.60978 0
      vertex -18.6249 12.4448 0
      vertex -32.44 1.64207 0
    endloop
  endfacet
  facet normal 0 0 -1
    outer loop
      vertex -32.6506 1.57059 0
      vertex -18.6249 12.4448 0
      vertex -32.5464 1.60978 0
    endloop
  endfacet
  facet normal -0 0 -1
    outer loop
      vertex -18.6249 12.4448 0
      vertex -32.6506 1.57059 0
      vertex -17.7711 13.6363 0
    endloop
  endfacet
  facet normal 0 0 -1
    outer loop
      vertex -32.7519 1.52468 0
      vertex -17.7711 13.6363 0
      vertex -32.6506 1.57059 0
    endloop
  endfacet
  facet normal -0 0 -1
    outer loop
      vertex -17.7711 13.6363 0
      vertex -32.7519 1.52468 0
      vertex -16.8412 14.7693 0
    endloop
  endfacet
  facet normal 0 0 -1
    outer loop
      vertex -32.85 1.47224 0
      vertex -16.8412 14.7693 0
      vertex -32.7519 1.52468 0
    endloop
  endfacet
  facet normal 0 0 -1
    outer loop
      vertex -96 96 0
      vertex -16.8412 14.7693 0
      vertex -32.85 1.47224 0
    endloop
  endfacet
  facet normal 0 0 -1
    outer loop
      vertex -16.8412 14.7693 0
      vertex -96 96 0
      vertex -15.8392 15.8392 0
    endloop
  endfacet
  facet normal 0 0 -1
    outer loop
      vertex -96 96 0
      vertex -32.85 1.47224 0
      vertex -32.9445 1.4135 0
    endloop
  endfacet
  facet normal 0 0 -1
    outer loop
      vertex -96 96 0
      vertex -32.9445 1.4135 0
      vertex -33.0349 1.3487 0
    endloop
  endfacet
  facet normal 0 0 -1
    outer loop
      vertex -96 96 0
      vertex -33.0349 1.3487 0
      vertex -33.1209 1.27813 0
    endloop
  endfacet
  facet normal 0 0 -1
    outer loop
      vertex -96 96 0
      vertex -33.7 0 0
      vertex -96 -96 0
    endloop
  endfacet
  facet normal 0 0 -1
    outer loop
      vertex -33.7 0 0
      vertex -96 96 0
      vertex -33.6964 0.111185 0
    endloop
  endfacet
  facet normal 0 0 -1
    outer loop
      vertex -33.6964 0.111185 0
      vertex -96 96 0
      vertex -33.6855 0.221894 0
    endloop
  endfacet
  facet normal 0 0 -1
    outer loop
      vertex -33.6855 0.221894 0
      vertex -96 96 0
      vertex -33.6673 0.331653 0
    endloop
  endfacet
  facet normal 0 0 -1
    outer loop
      vertex -33.6673 0.331653 0
      vertex -96 96 0
      vertex -33.6421 0.439992 0
    endloop
  endfacet
  facet normal 0 0 -1
    outer loop
      vertex -33.6421 0.439992 0
      vertex -96 96 0
      vertex -33.6098 0.546447 0
    endloop
  endfacet
  facet normal 0 0 -1
    outer loop
      vertex -33.6098 0.546447 0
      vertex -96 96 0
      vertex -33.5706 0.650561 0
    endloop
  endfacet
  facet normal 0 0 -1
    outer loop
      vertex -33.5706 0.650561 0
      vertex -96 96 0
      vertex -33.5247 0.75189 0
    endloop
  endfacet
  facet normal 0 0 -1
    outer loop
      vertex -33.5247 0.75189 0
      vertex -96 96 0
      vertex -33.4722 0.849999 0
    endloop
  endfacet
  facet normal 0 0 -1
    outer loop
      vertex 15.6683 29.3801 0
      vertex -96 96 0
      vertex 96 96 0
    endloop
  endfacet
  facet normal 0 0 -1
    outer loop
      vertex -13.6363 17.7711 0
      vertex -96 96 0
      vertex -12.4448 18.6249 0
    endloop
  endfacet
  facet normal 0 0 -1
    outer loop
      vertex -14.7693 16.8412 0
      vertex -96 96 0
      vertex -13.6363 17.7711 0
    endloop
  endfacet
  facet normal 0 0 -1
    outer loop
      vertex -15.8392 15.8392 0
      vertex -96 96 0
      vertex -14.7693 16.8412 0
    endloop
  endfacet
  facet normal 0 0 -1
    outer loop
      vertex -33.2021 1.20208 0
      vertex -96 96 0
      vertex -33.1209 1.27813 0
    endloop
  endfacet
  facet normal 0 0 -1
    outer loop
      vertex -33.2781 1.12089 0
      vertex -96 96 0
      vertex -33.2021 1.20208 0
    endloop
  endfacet
  facet normal 0 0 -1
    outer loop
      vertex -33.3487 1.03489 0
      vertex -96 96 0
      vertex -33.2781 1.12089 0
    endloop
  endfacet
  facet normal 0 0 -1
    outer loop
      vertex -33.4135 0.944468 0
      vertex -96 96 0
      vertex -33.3487 1.03489 0
    endloop
  endfacet
  facet normal 0 0 -1
    outer loop
      vertex -33.4722 0.849999 0
      vertex -96 96 0
      vertex -33.4135 0.944468 0
    endloop
  endfacet
  facet normal 0 0 -1
    outer loop
      vertex 17.6421 -27.2728 0
      vertex 20.0899 -9.90727 0
      vertex 17.6673 -27.3812 0
    endloop
  endfacet
  facet normal 0 0 -1
    outer loop
      vertex 20.0899 -9.90727 0
      vertex 17.6421 -27.2728 0
      vertex 19.399 -11.2 0
    endloop
  endfacet
  facet normal 0 0 -1
    outer loop
      vertex 17.6098 -27.1664 0
      vertex 19.399 -11.2 0
      vertex 17.6421 -27.2728 0
    endloop
  endfacet
  facet normal 0 0 -1
    outer loop
      vertex 17.5706 -27.0623 0
      vertex 19.399 -11.2 0
      vertex 17.6098 -27.1664 0
    endloop
  endfacet
  facet normal 0 0 -1
    outer loop
      vertex 19.399 -11.2 0
      vertex 17.5706 -27.0623 0
      vertex 18.6249 -12.4448 0
    endloop
  endfacet
  facet normal 0 0 -1
    outer loop
      vertex 17.5247 -26.9609 0
      vertex 18.6249 -12.4448 0
      vertex 17.5706 -27.0623 0
    endloop
  endfacet
  facet normal 0 0 -1
    outer loop
      vertex 17.4722 -26.8628 0
      vertex 18.6249 -12.4448 0
      vertex 17.5247 -26.9609 0
    endloop
  endfacet
  facet normal 0 0 -1
    outer loop
      vertex 18.6249 -12.4448 0
      vertex 17.4722 -26.8628 0
      vertex 17.7711 -13.6363 0
    endloop
  endfacet
  facet normal 0 0 -1
    outer loop
      vertex 17.4135 -26.7683 0
      vertex 17.7711 -13.6363 0
      vertex 17.4722 -26.8628 0
    endloop
  endfacet
  facet normal 0 0 -1
    outer loop
      vertex 17.3487 -26.6779 0
      vertex 17.7711 -13.6363 0
      vertex 17.4135 -26.7683 0
    endloop
  endfacet
  facet normal 0 0 -1
    outer loop
      vertex 17.2781 -26.5919 0
      vertex 17.7711 -13.6363 0
      vertex 17.3487 -26.6779 0
    endloop
  endfacet
  facet normal 0 0 -1
    outer loop
      vertex 16.8412 -14.7693 0
      vertex 17.2781 -26.5919 0
      vertex 17.2021 -26.5107 0
    endloop
  endfacet
  facet normal 0 0 -1
    outer loop
      vertex 16.8412 -14.7693 0
      vertex 17.2021 -26.5107 0
      vertex 17.1209 -26.4347 0
    endloop
  endfacet
  facet normal 0 0 -1
    outer loop
      vertex 16.8412 -14.7693 0
      vertex 17.1209 -26.4347 0
      vertex 17.0349 -26.3641 0
    endloop
  endfacet
  facet normal 0 0 -1
    outer loop
      vertex 15.8392 -15.8392 0
      vertex 17.0349 -26.3641 0
      vertex 16.9445 -26.2993 0
    endloop
  endfacet
  facet normal 0 0 -1
    outer loop
      vertex 15.8392 -15.8392 0
      vertex 16.9445 -26.2993 0
      vertex 16.85 -26.2406 0
    endloop
  endfacet
  facet normal 0 0 -1
    outer loop
      vertex 17.2781 -26.5919 0
      vertex 16.8412 -14.7693 0
      vertex 17.7711 -13.6363 0
    endloop
  endfacet
  facet normal 0 0 -1
    outer loop
      vertex 15.8392 -15.8392 0
      vertex 16.85 -26.2406 0
      vertex 16.7519 -26.1881 0
    endloop
  endfacet
  facet normal 0 0 -1
    outer loop
      vertex 14.7693 -16.8412 0
      vertex 16.7519 -26.1881 0
      vertex 16.6506 -26.1422 0
    endloop
  endfacet
  facet normal 0 0 -1
    outer loop
      vertex 14.7693 -16.8412 0
      vertex 16.6506 -26.1422 0
      vertex 16.5464 -26.103 0
    endloop
  endfacet
  facet normal 0 0 -1
    outer loop
      vertex 14.7693 -16.8412 0
      vertex 16.5464 -26.103 0
      vertex 16.44 -26.0707 0
    endloop
  endfacet
  facet normal 0 0 -1
    outer loop
      vertex 14.7693 -16.8412 0
      vertex 16.44 -26.0707 0
      vertex 16.3317 -26.0455 0
    endloop
  endfacet
  facet normal 0 0 -1
    outer loop
      vertex 13.6363 -17.7711 0
      vertex 16.3317 -26.0455 0
      vertex 16.2219 -26.0274 0
    endloop
  endfacet
  facet normal 0 0 -1
    outer loop
      vertex 13.6363 -17.7711 0
      vertex 16.2219 -26.0274 0
      vertex 16.1112 -26.0165 0
    endloop
  endfacet
  facet normal 0 0 -1
    outer loop
      vertex 13.6363 -17.7711 0
      vertex 16.1112 -26.0165 0
      vertex 16 -26.0128 0
    endloop
  endfacet
  facet normal 0 0 -1
    outer loop
      vertex 13.6363 -17.7711 0
      vertex 16 -26.0128 0
      vertex 15.8888 -26.0165 0
    endloop
  endfacet
  facet normal 0 0 -1
    outer loop
      vertex 17.0349 -26.3641 0
      vertex 15.8392 -15.8392 0
      vertex 16.8412 -14.7693 0
    endloop
  endfacet
  facet normal 0 0 -1
    outer loop
      vertex 13.6363 -17.7711 0
      vertex 15.8888 -26.0165 0
      vertex 15.7781 -26.0274 0
    endloop
  endfacet
  facet normal 0 0 -1
    outer loop
      vertex 13.6363 -17.7711 0
      vertex 15.7781 -26.0274 0
      vertex 15.6683 -26.0455 0
    endloop
  endfacet
  facet normal 0 0 -1
    outer loop
      vertex 13.6363 -17.7711 0
      vertex 15.6683 -26.0455 0
      vertex 15.56 -26.0707 0
    endloop
  endfacet
  facet normal 0 0 -1
    outer loop
      vertex 13.6363 -17.7711 0
      vertex 15.56 -26.0707 0
      vertex 15.4536 -26.103 0
    endloop
  endfacet
  facet normal 0 0 -1
    outer loop
      vertex 13.6363 -17.7711 0
      vertex 15.4536 -26.103 0
      vertex 15.3494 -26.1422 0
    endloop
  endfacet
  facet normal 0 0 -1
    outer loop
      vertex 13.6363 -17.7711 0
      vertex 15.3494 -26.1422 0
      vertex 15.2481 -26.1881 0
    endloop
  endfacet
  facet normal 0 0 -1
    outer loop
      vertex 13.6363 -17.7711 0
      vertex 15.2481 -26.1881 0
      vertex 15.15 -26.2406 0
    endloop
  endfacet
  facet normal 0 0 -1
    outer loop
      vertex 13.6363 -17.7711 0
      vertex 15.15 -26.2406 0
      vertex 15.0555 -26.2993 0
    endloop
  endfacet
  facet normal 0 0 -1
    outer loop
      vertex 13.6363 -17.7711 0
      vertex 15.0555 -26.2993 0
      vertex 14.9651 -26.3641 0
    endloop
  endfacet
  facet normal 0 0 -1
    outer loop
      vertex 13.6363 -17.7711 0
      vertex 14.9651 -26.3641 0
      vertex 14.8791 -26.4347 0
    endloop
  endfacet
  facet normal 0 0 -1
    outer loop
      vertex 13.6363 -17.7711 0
      vertex 14.8791 -26.4347 0
      vertex 14.7979 -26.5107 0
    endloop
  endfacet
  facet normal 0 0 -1
    outer loop
      vertex 16.7519 -26.1881 0
      vertex 14.7693 -16.8412 0
      vertex 15.8392 -15.8392 0
    endloop
  endfacet
  facet normal 0 0 -1
    outer loop
      vertex 13.6363 -17.7711 0
      vertex 14.7979 -26.5107 0
      vertex 14.7219 -26.5919 0
    endloop
  endfacet
  facet normal 0 0 -1
    outer loop
      vertex 13.6363 -17.7711 0
      vertex 14.7219 -26.5919 0
      vertex 14.6513 -26.6779 0
    endloop
  endfacet
  facet normal 0 0 -1
    outer loop
      vertex 13.6363 -17.7711 0
      vertex 14.6513 -26.6779 0
      vertex 14.5865 -26.7683 0
    endloop
  endfacet
  facet normal 0 0 -1
    outer loop
      vertex 13.6363 -17.7711 0
      vertex 14.5865 -26.7683 0
      vertex 14.5278 -26.8628 0
    endloop
  endfacet
  facet normal 0 0 -1
    outer loop
      vertex 13.6363 -17.7711 0
      vertex 14.5278 -26.8628 0
      vertex 14.4753 -26.9609 0
    endloop
  endfacet
  facet normal 0 0 -1
    outer loop
      vertex 13.6363 -17.7711 0
      vertex 14.4753 -26.9609 0
      vertex 14.4294 -27.0623 0
    endloop
  endfacet
  facet normal 0 0 -1
    outer loop
      vertex 13.6363 -17.7711 0
      vertex 14.4294 -27.0623 0
      vertex 14.3902 -27.1664 0
    endloop
  endfacet
  facet normal 0 0 -1
    outer loop
      vertex 13.6363 -17.7711 0
      vertex 14.3902 -27.1664 0
      vertex 14.3579 -27.2728 0
    endloop
  endfacet
  facet normal 0 0 -1
    outer loop
      vertex 13.6363 -17.7711 0
      vertex 14.3579 -27.2728 0
      vertex 14.3327 -27.3812 0
    endloop
  endfacet
  facet normal 0 0 -1
    outer loop
      vertex 13.6363 -17.7711 0
      vertex 14.3327 -27.3812 0
      vertex 14.3145 -27.4909 0
    endloop
  endfacet
  facet normal 0 0 -1
    outer loop
      vertex 13.6363 -17.7711 0
      vertex 14.3145 -27.4909 0
      vertex 14.3036 -27.6016 0
    endloop
  endfacet
  facet normal 0 0 -1
    outer loop
      vertex 16.3317 -26.0455 0
      vertex 13.6363 -17.7711 0
      vertex 14.7693 -16.8412 0
    endloop
  endfacet
  facet normal 0 0 -1
    outer loop
      vertex 13.6363 -17.7711 0
      vertex 14.3036 -27.6016 0
      vertex 14.3 -27.7128 0
    endloop
  endfacet
  facet normal -0.471148 -0.882054 0
    outer loop
      vertex 16.7519 29.2375 0
      vertex 16.85 29.1851 3
      vertex 16.7519 29.2375 3
    endloop
  endfacet
  facet normal -0.471148 -0.882054 -0
    outer loop
      vertex 16.85 29.1851 3
      vertex 16.7519 29.2375 0
      vertex 16.85 29.1851 0
    endloop
  endfacet
  facet normal 0.88168 -0.471847 0
    outer loop
      vertex 14.4753 28.4647 3
      vertex 14.5278 28.5628 0
      vertex 14.5278 28.5628 3
    endloop
  endfacet
  facet normal 0.88168 -0.471847 0
    outer loop
      vertex 14.5278 28.5628 0
      vertex 14.4753 28.4647 3
      vertex 14.4753 28.4647 0
    endloop
  endfacet
  facet normal 0.290482 -0.956881 0
    outer loop
      vertex 15.4536 29.3226 0
      vertex 15.56 29.3549 3
      vertex 15.4536 29.3226 3
    endloop
  endfacet
  facet normal 0.290482 -0.956881 0
    outer loop
      vertex 15.56 29.3549 3
      vertex 15.4536 29.3226 0
      vertex 15.56 29.3549 0
    endloop
  endfacet
  facet normal 0.995187 -0.0979904 0
    outer loop
      vertex 14.3036 27.824 3
      vertex 14.3145 27.9347 0
      vertex 14.3145 27.9347 3
    endloop
  endfacet
  facet normal 0.995187 -0.0979904 0
    outer loop
      vertex 14.3145 27.9347 0
      vertex 14.3036 27.824 3
      vertex 14.3036 27.824 0
    endloop
  endfacet
  facet normal -0.935848 -0.352404 0
    outer loop
      vertex 17.6098 28.2593 0
      vertex 17.5706 28.3634 3
      vertex 17.5706 28.3634 0
    endloop
  endfacet
  facet normal -0.935848 -0.352404 0
    outer loop
      vertex 17.5706 28.3634 3
      vertex 17.6098 28.2593 0
      vertex 17.6098 28.2593 3
    endloop
  endfacet
  facet normal -0.0979904 -0.995187 0
    outer loop
      vertex 16.1112 29.4092 0
      vertex 16.2219 29.3983 3
      vertex 16.1112 29.4092 3
    endloop
  endfacet
  facet normal -0.0979904 -0.995187 -0
    outer loop
      vertex 16.2219 29.3983 3
      vertex 16.1112 29.4092 0
      vertex 16.2219 29.3983 0
    endloop
  endfacet
  facet normal 0.634509 -0.772915 0
    outer loop
      vertex 14.8791 28.9909 0
      vertex 14.9651 29.0615 3
      vertex 14.8791 28.9909 3
    endloop
  endfacet
  facet normal 0.634509 -0.772915 0
    outer loop
      vertex 14.9651 29.0615 3
      vertex 14.8791 28.9909 0
      vertex 14.9651 29.0615 0
    endloop
  endfacet
  facet normal 0.471148 -0.882054 0
    outer loop
      vertex 15.15 29.1851 0
      vertex 15.2481 29.2375 3
      vertex 15.15 29.1851 3
    endloop
  endfacet
  facet normal 0.471148 -0.882054 0
    outer loop
      vertex 15.2481 29.2375 3
      vertex 15.15 29.1851 0
      vertex 15.2481 29.2375 0
    endloop
  endfacet
  facet normal 0.956956 -0.290232 0
    outer loop
      vertex 14.3579 28.1528 3
      vertex 14.3902 28.2593 0
      vertex 14.3902 28.2593 3
    endloop
  endfacet
  facet normal 0.956956 -0.290232 0
    outer loop
      vertex 14.3902 28.2593 0
      vertex 14.3579 28.1528 3
      vertex 14.3579 28.1528 0
    endloop
  endfacet
  facet normal -0.81276 0.582598 0
    outer loop
      vertex 17.3487 26.6779 0
      vertex 17.4135 26.7683 3
      vertex 17.4135 26.7683 0
    endloop
  endfacet
  facet normal -0.81276 0.582598 0
    outer loop
      vertex 17.4135 26.7683 3
      vertex 17.3487 26.6779 0
      vertex 17.3487 26.6779 3
    endloop
  endfacet
  facet normal -0.995187 0.0979904 0
    outer loop
      vertex 17.6855 27.4909 0
      vertex 17.6964 27.6016 3
      vertex 17.6964 27.6016 0
    endloop
  endfacet
  facet normal -0.995187 0.0979904 0
    outer loop
      vertex 17.6964 27.6016 3
      vertex 17.6855 27.4909 0
      vertex 17.6855 27.4909 3
    endloop
  endfacet
  facet normal -0.290482 -0.956881 0
    outer loop
      vertex 16.44 29.3549 0
      vertex 16.5464 29.3226 3
      vertex 16.44 29.3549 3
    endloop
  endfacet
  facet normal -0.290482 -0.956881 -0
    outer loop
      vertex 16.5464 29.3226 3
      vertex 16.44 29.3549 0
      vertex 16.5464 29.3226 0
    endloop
  endfacet
  facet normal 0.0979904 -0.995187 0
    outer loop
      vertex 15.7781 29.3983 0
      vertex 15.8888 29.4092 3
      vertex 15.7781 29.3983 3
    endloop
  endfacet
  facet normal 0.0979904 -0.995187 0
    outer loop
      vertex 15.8888 29.4092 3
      vertex 15.7781 29.3983 0
      vertex 15.8888 29.4092 0
    endloop
  endfacet
  facet normal 0.0323571 -0.999476 0
    outer loop
      vertex 15.8888 29.4092 0
      vertex 16 29.4128 3
      vertex 15.8888 29.4092 3
    endloop
  endfacet
  facet normal 0.0323571 -0.999476 0
    outer loop
      vertex 16 29.4128 3
      vertex 15.8888 29.4092 0
      vertex 16 29.4128 0
    endloop
  endfacet
  facet normal 0.772915 -0.634509 0
    outer loop
      vertex 14.6513 28.7477 3
      vertex 14.7219 28.8337 0
      vertex 14.7219 28.8337 3
    endloop
  endfacet
  facet normal 0.772915 -0.634509 0
    outer loop
      vertex 14.7219 28.8337 0
      vertex 14.6513 28.7477 3
      vertex 14.6513 28.7477 0
    endloop
  endfacet
  facet normal 0.81276 -0.582598 0
    outer loop
      vertex 14.5865 28.6573 3
      vertex 14.6513 28.7477 0
      vertex 14.6513 28.7477 3
    endloop
  endfacet
  facet normal 0.81276 -0.582598 0
    outer loop
      vertex 14.6513 28.7477 0
      vertex 14.5865 28.6573 3
      vertex 14.5865 28.6573 0
    endloop
  endfacet
  facet normal 0.412719 -0.910859 0
    outer loop
      vertex 15.2481 29.2375 0
      vertex 15.3494 29.2834 3
      vertex 15.2481 29.2375 3
    endloop
  endfacet
  facet normal 0.412719 -0.910859 0
    outer loop
      vertex 15.3494 29.2834 3
      vertex 15.2481 29.2375 0
      vertex 15.3494 29.2834 0
    endloop
  endfacet
  facet normal 0.730098 0.683343 0
    outer loop
      vertex 14.7979 26.5107 3
      vertex 14.7219 26.5919 0
      vertex 14.7219 26.5919 3
    endloop
  endfacet
  facet normal 0.730098 0.683343 0
    outer loop
      vertex 14.7219 26.5919 0
      vertex 14.7979 26.5107 3
      vertex 14.7979 26.5107 0
    endloop
  endfacet
  facet normal 0.772915 0.634509 0
    outer loop
      vertex 14.7219 26.5919 3
      vertex 14.6513 26.6779 0
      vertex 14.6513 26.6779 3
    endloop
  endfacet
  facet normal 0.772915 0.634509 0
    outer loop
      vertex 14.6513 26.6779 0
      vertex 14.7219 26.5919 3
      vertex 14.7219 26.5919 0
    endloop
  endfacet
  facet normal 0.634509 0.772915 -0
    outer loop
      vertex 14.9651 26.3641 0
      vertex 14.8791 26.4347 3
      vertex 14.9651 26.3641 3
    endloop
  endfacet
  facet normal 0.634509 0.772915 0
    outer loop
      vertex 14.8791 26.4347 3
      vertex 14.9651 26.3641 0
      vertex 14.8791 26.4347 0
    endloop
  endfacet
  facet normal 0.999476 -0.0323571 0
    outer loop
      vertex 14.3 27.7128 3
      vertex 14.3036 27.824 0
      vertex 14.3036 27.824 3
    endloop
  endfacet
  facet normal 0.999476 -0.0323571 0
    outer loop
      vertex 14.3036 27.824 0
      vertex 14.3 27.7128 3
      vertex 14.3 27.7128 0
    endloop
  endfacet
  facet normal 0.97398 -0.226633 0
    outer loop
      vertex 14.3327 28.0445 3
      vertex 14.3579 28.1528 0
      vertex 14.3579 28.1528 3
    endloop
  endfacet
  facet normal 0.97398 -0.226633 0
    outer loop
      vertex 14.3579 28.1528 0
      vertex 14.3327 28.0445 3
      vertex 14.3327 28.0445 0
    endloop
  endfacet
  facet normal 0.910859 -0.412719 0
    outer loop
      vertex 14.4294 28.3634 3
      vertex 14.4753 28.4647 0
      vertex 14.4753 28.4647 3
    endloop
  endfacet
  facet normal 0.910859 -0.412719 0
    outer loop
      vertex 14.4753 28.4647 0
      vertex 14.4294 28.3634 3
      vertex 14.4294 28.3634 0
    endloop
  endfacet
  facet normal -0.999476 -0.0323571 0
    outer loop
      vertex 17.7 27.7128 0
      vertex 17.6964 27.824 3
      vertex 17.6964 27.824 0
    endloop
  endfacet
  facet normal -0.999476 -0.0323571 0
    outer loop
      vertex 17.6964 27.824 3
      vertex 17.7 27.7128 0
      vertex 17.7 27.7128 3
    endloop
  endfacet
  facet normal -0.911012 0.412381 0
    outer loop
      vertex 17.5247 26.9609 0
      vertex 17.5706 27.0623 3
      vertex 17.5706 27.0623 0
    endloop
  endfacet
  facet normal -0.911012 0.412381 0
    outer loop
      vertex 17.5706 27.0623 3
      vertex 17.5247 26.9609 0
      vertex 17.5247 26.9609 3
    endloop
  endfacet
  facet normal -0.352108 -0.93596 0
    outer loop
      vertex 16.5464 29.3226 0
      vertex 16.6506 29.2834 3
      vertex 16.5464 29.3226 3
    endloop
  endfacet
  facet normal -0.352108 -0.93596 -0
    outer loop
      vertex 16.6506 29.2834 3
      vertex 16.5464 29.3226 0
      vertex 16.6506 29.2834 0
    endloop
  endfacet
  facet normal -0.412719 -0.910859 0
    outer loop
      vertex 16.6506 29.2834 0
      vertex 16.7519 29.2375 3
      vertex 16.6506 29.2834 3
    endloop
  endfacet
  facet normal -0.412719 -0.910859 -0
    outer loop
      vertex 16.7519 29.2375 3
      vertex 16.6506 29.2834 0
      vertex 16.7519 29.2375 0
    endloop
  endfacet
  facet normal -0.163525 -0.986539 0
    outer loop
      vertex 16.2219 29.3983 0
      vertex 16.3317 29.3801 3
      vertex 16.2219 29.3983 3
    endloop
  endfacet
  facet normal -0.163525 -0.986539 -0
    outer loop
      vertex 16.3317 29.3801 3
      vertex 16.2219 29.3983 0
      vertex 16.3317 29.3801 0
    endloop
  endfacet
  facet normal -0.226633 -0.97398 0
    outer loop
      vertex 16.3317 29.3801 0
      vertex 16.44 29.3549 3
      vertex 16.3317 29.3801 3
    endloop
  endfacet
  facet normal -0.226633 -0.97398 -0
    outer loop
      vertex 16.44 29.3549 3
      vertex 16.3317 29.3801 0
      vertex 16.44 29.3549 0
    endloop
  endfacet
  facet normal 0.163525 -0.986539 0
    outer loop
      vertex 15.6683 29.3801 0
      vertex 15.7781 29.3983 3
      vertex 15.6683 29.3801 3
    endloop
  endfacet
  facet normal 0.163525 -0.986539 0
    outer loop
      vertex 15.7781 29.3983 3
      vertex 15.6683 29.3801 0
      vertex 15.7781 29.3983 0
    endloop
  endfacet
  facet normal 0.226633 -0.97398 0
    outer loop
      vertex 15.56 29.3549 0
      vertex 15.6683 29.3801 3
      vertex 15.56 29.3549 3
    endloop
  endfacet
  facet normal 0.226633 -0.97398 0
    outer loop
      vertex 15.6683 29.3801 3
      vertex 15.56 29.3549 0
      vertex 15.6683 29.3801 0
    endloop
  endfacet
  facet normal -0.0323571 -0.999476 0
    outer loop
      vertex 16 29.4128 0
      vertex 16.1112 29.4092 3
      vertex 16 29.4128 3
    endloop
  endfacet
  facet normal -0.0323571 -0.999476 -0
    outer loop
      vertex 16.1112 29.4092 3
      vertex 16 29.4128 0
      vertex 16.1112 29.4092 0
    endloop
  endfacet
  facet normal 0.730098 -0.683343 0
    outer loop
      vertex 14.7219 28.8337 3
      vertex 14.7979 28.9149 0
      vertex 14.7979 28.9149 3
    endloop
  endfacet
  facet normal 0.730098 -0.683343 0
    outer loop
      vertex 14.7979 28.9149 0
      vertex 14.7219 28.8337 3
      vertex 14.7219 28.8337 0
    endloop
  endfacet
  facet normal 0.683343 -0.730098 0
    outer loop
      vertex 14.7979 28.9149 0
      vertex 14.8791 28.9909 3
      vertex 14.7979 28.9149 3
    endloop
  endfacet
  facet normal 0.683343 -0.730098 0
    outer loop
      vertex 14.8791 28.9909 3
      vertex 14.7979 28.9149 0
      vertex 14.8791 28.9909 0
    endloop
  endfacet
  facet normal 0.84946 -0.527654 0
    outer loop
      vertex 14.5278 28.5628 3
      vertex 14.5865 28.6573 0
      vertex 14.5865 28.6573 3
    endloop
  endfacet
  facet normal 0.84946 -0.527654 0
    outer loop
      vertex 14.5865 28.6573 0
      vertex 14.5278 28.5628 3
      vertex 14.5278 28.5628 0
    endloop
  endfacet
  facet normal 0.528302 -0.849057 0
    outer loop
      vertex 15.0555 29.1263 0
      vertex 15.15 29.1851 3
      vertex 15.0555 29.1263 3
    endloop
  endfacet
  facet normal 0.528302 -0.849057 0
    outer loop
      vertex 15.15 29.1851 3
      vertex 15.0555 29.1263 0
      vertex 15.15 29.1851 0
    endloop
  endfacet
  facet normal 0.582598 -0.81276 0
    outer loop
      vertex 14.9651 29.0615 0
      vertex 15.0555 29.1263 3
      vertex 14.9651 29.0615 3
    endloop
  endfacet
  facet normal 0.582598 -0.81276 0
    outer loop
      vertex 15.0555 29.1263 3
      vertex 14.9651 29.0615 0
      vertex 15.0555 29.1263 0
    endloop
  endfacet
  facet normal 0.352108 -0.93596 0
    outer loop
      vertex 15.3494 29.2834 0
      vertex 15.4536 29.3226 3
      vertex 15.3494 29.2834 3
    endloop
  endfacet
  facet normal 0.352108 -0.93596 0
    outer loop
      vertex 15.4536 29.3226 3
      vertex 15.3494 29.2834 0
      vertex 15.4536 29.3226 0
    endloop
  endfacet
  facet normal 0.935848 0.352404 0
    outer loop
      vertex 14.4294 27.0623 3
      vertex 14.3902 27.1664 0
      vertex 14.3902 27.1664 3
    endloop
  endfacet
  facet normal 0.935848 0.352404 0
    outer loop
      vertex 14.3902 27.1664 0
      vertex 14.4294 27.0623 3
      vertex 14.4294 27.0623 0
    endloop
  endfacet
  facet normal 0.956881 0.290482 0
    outer loop
      vertex 14.3902 27.1664 3
      vertex 14.3579 27.2728 0
      vertex 14.3579 27.2728 3
    endloop
  endfacet
  facet normal 0.956881 0.290482 0
    outer loop
      vertex 14.3579 27.2728 0
      vertex 14.3902 27.1664 3
      vertex 14.3902 27.1664 0
    endloop
  endfacet
  facet normal 0.911012 0.412381 0
    outer loop
      vertex 14.4753 26.9609 3
      vertex 14.4294 27.0623 0
      vertex 14.4294 27.0623 3
    endloop
  endfacet
  facet normal 0.911012 0.412381 0
    outer loop
      vertex 14.4294 27.0623 0
      vertex 14.4753 26.9609 3
      vertex 14.4753 26.9609 0
    endloop
  endfacet
  facet normal 0.88168 0.471847 0
    outer loop
      vertex 14.5278 26.8628 3
      vertex 14.4753 26.9609 0
      vertex 14.4753 26.9609 3
    endloop
  endfacet
  facet normal 0.88168 0.471847 0
    outer loop
      vertex 14.4753 26.9609 0
      vertex 14.5278 26.8628 3
      vertex 14.5278 26.8628 0
    endloop
  endfacet
  facet normal 0.81276 0.582598 0
    outer loop
      vertex 14.6513 26.6779 3
      vertex 14.5865 26.7683 0
      vertex 14.5865 26.7683 3
    endloop
  endfacet
  facet normal 0.81276 0.582598 0
    outer loop
      vertex 14.5865 26.7683 0
      vertex 14.6513 26.6779 3
      vertex 14.6513 26.6779 0
    endloop
  endfacet
  facet normal 0.84946 0.527654 0
    outer loop
      vertex 14.5865 26.7683 3
      vertex 14.5278 26.8628 0
      vertex 14.5278 26.8628 3
    endloop
  endfacet
  facet normal 0.84946 0.527654 0
    outer loop
      vertex 14.5278 26.8628 0
      vertex 14.5865 26.7683 3
      vertex 14.5865 26.7683 0
    endloop
  endfacet
  facet normal 0.582598 0.81276 -0
    outer loop
      vertex 15.0555 26.2993 0
      vertex 14.9651 26.3641 3
      vertex 15.0555 26.2993 3
    endloop
  endfacet
  facet normal 0.582598 0.81276 0
    outer loop
      vertex 14.9651 26.3641 3
      vertex 15.0555 26.2993 0
      vertex 14.9651 26.3641 0
    endloop
  endfacet
  facet normal 0.999476 0.0323571 0
    outer loop
      vertex 14.3036 27.6016 3
      vertex 14.3 27.7128 0
      vertex 14.3 27.7128 3
    endloop
  endfacet
  facet normal 0.999476 0.0323571 0
    outer loop
      vertex 14.3 27.7128 0
      vertex 14.3036 27.6016 3
      vertex 14.3036 27.6016 0
    endloop
  endfacet
  facet normal 0.974026 0.226434 0
    outer loop
      vertex 14.3579 27.2728 3
      vertex 14.3327 27.3812 0
      vertex 14.3327 27.3812 3
    endloop
  endfacet
  facet normal 0.974026 0.226434 0
    outer loop
      vertex 14.3327 27.3812 0
      vertex 14.3579 27.2728 3
      vertex 14.3579 27.2728 0
    endloop
  endfacet
  facet normal 0.995187 0.0979904 0
    outer loop
      vertex 14.3145 27.4909 3
      vertex 14.3036 27.6016 0
      vertex 14.3036 27.6016 3
    endloop
  endfacet
  facet normal 0.995187 0.0979904 0
    outer loop
      vertex 14.3036 27.6016 0
      vertex 14.3145 27.4909 3
      vertex 14.3145 27.4909 0
    endloop
  endfacet
  facet normal 0.986515 0.16367 0
    outer loop
      vertex 14.3327 27.3812 3
      vertex 14.3145 27.4909 0
      vertex 14.3145 27.4909 3
    endloop
  endfacet
  facet normal 0.986515 0.16367 0
    outer loop
      vertex 14.3145 27.4909 0
      vertex 14.3327 27.3812 3
      vertex 14.3327 27.3812 0
    endloop
  endfacet
  facet normal -0.528302 -0.849057 0
    outer loop
      vertex 16.85 29.1851 0
      vertex 16.9445 29.1263 3
      vertex 16.85 29.1851 3
    endloop
  endfacet
  facet normal -0.528302 -0.849057 -0
    outer loop
      vertex 16.9445 29.1263 3
      vertex 16.85 29.1851 0
      vertex 16.9445 29.1263 0
    endloop
  endfacet
  facet normal -0.84946 -0.527654 0
    outer loop
      vertex 17.4722 28.5628 0
      vertex 17.4135 28.6573 3
      vertex 17.4135 28.6573 0
    endloop
  endfacet
  facet normal -0.84946 -0.527654 0
    outer loop
      vertex 17.4135 28.6573 3
      vertex 17.4722 28.5628 0
      vertex 17.4722 28.5628 3
    endloop
  endfacet
  facet normal -0.634509 -0.772915 0
    outer loop
      vertex 17.0349 29.0615 0
      vertex 17.1209 28.9909 3
      vertex 17.0349 29.0615 3
    endloop
  endfacet
  facet normal -0.634509 -0.772915 -0
    outer loop
      vertex 17.1209 28.9909 3
      vertex 17.0349 29.0615 0
      vertex 17.1209 28.9909 0
    endloop
  endfacet
  facet normal -0.683343 -0.730098 0
    outer loop
      vertex 17.1209 28.9909 0
      vertex 17.2021 28.9149 3
      vertex 17.1209 28.9909 3
    endloop
  endfacet
  facet normal -0.683343 -0.730098 -0
    outer loop
      vertex 17.2021 28.9149 3
      vertex 17.1209 28.9909 0
      vertex 17.2021 28.9149 0
    endloop
  endfacet
  facet normal -0.84946 0.527654 0
    outer loop
      vertex 17.4135 26.7683 0
      vertex 17.4722 26.8628 3
      vertex 17.4722 26.8628 0
    endloop
  endfacet
  facet normal -0.84946 0.527654 0
    outer loop
      vertex 17.4722 26.8628 3
      vertex 17.4135 26.7683 0
      vertex 17.4135 26.7683 3
    endloop
  endfacet
  facet normal 0.471847 0.88168 -0
    outer loop
      vertex 15.2481 26.1881 0
      vertex 15.15 26.2406 3
      vertex 15.2481 26.1881 3
    endloop
  endfacet
  facet normal 0.471847 0.88168 0
    outer loop
      vertex 15.15 26.2406 3
      vertex 15.2481 26.1881 0
      vertex 15.15 26.2406 0
    endloop
  endfacet
  facet normal 0.352108 0.93596 -0
    outer loop
      vertex 15.4536 26.103 0
      vertex 15.3494 26.1422 3
      vertex 15.4536 26.103 3
    endloop
  endfacet
  facet normal 0.352108 0.93596 0
    outer loop
      vertex 15.3494 26.1422 3
      vertex 15.4536 26.103 0
      vertex 15.3494 26.1422 0
    endloop
  endfacet
  facet normal -0.986515 0.16367 0
    outer loop
      vertex 17.6673 27.3812 0
      vertex 17.6855 27.4909 3
      vertex 17.6855 27.4909 0
    endloop
  endfacet
  facet normal -0.986515 0.16367 0
    outer loop
      vertex 17.6855 27.4909 3
      vertex 17.6673 27.3812 0
      vertex 17.6673 27.3812 3
    endloop
  endfacet
  facet normal -0.956881 0.290482 0
    outer loop
      vertex 17.6098 27.1664 0
      vertex 17.6421 27.2728 3
      vertex 17.6421 27.2728 0
    endloop
  endfacet
  facet normal -0.956881 0.290482 0
    outer loop
      vertex 17.6421 27.2728 3
      vertex 17.6098 27.1664 0
      vertex 17.6098 27.1664 3
    endloop
  endfacet
  facet normal -0.935848 0.352404 0
    outer loop
      vertex 17.5706 27.0623 0
      vertex 17.6098 27.1664 3
      vertex 17.6098 27.1664 0
    endloop
  endfacet
  facet normal -0.935848 0.352404 0
    outer loop
      vertex 17.6098 27.1664 3
      vertex 17.5706 27.0623 0
      vertex 17.5706 27.0623 3
    endloop
  endfacet
  facet normal 0.683343 0.730098 -0
    outer loop
      vertex 14.8791 26.4347 0
      vertex 14.7979 26.5107 3
      vertex 14.8791 26.4347 3
    endloop
  endfacet
  facet normal 0.683343 0.730098 0
    outer loop
      vertex 14.7979 26.5107 3
      vertex 14.8791 26.4347 0
      vertex 14.7979 26.5107 0
    endloop
  endfacet
  facet normal 0.527654 0.84946 -0
    outer loop
      vertex 15.15 26.2406 0
      vertex 15.0555 26.2993 3
      vertex 15.15 26.2406 3
    endloop
  endfacet
  facet normal 0.527654 0.84946 0
    outer loop
      vertex 15.0555 26.2993 3
      vertex 15.15 26.2406 0
      vertex 15.0555 26.2993 0
    endloop
  endfacet
  facet normal 0.986539 -0.163525 0
    outer loop
      vertex 14.3145 27.9347 3
      vertex 14.3327 28.0445 0
      vertex 14.3327 28.0445 3
    endloop
  endfacet
  facet normal 0.986539 -0.163525 0
    outer loop
      vertex 14.3327 28.0445 0
      vertex 14.3145 27.9347 3
      vertex 14.3145 27.9347 0
    endloop
  endfacet
  facet normal 0.935848 -0.352404 0
    outer loop
      vertex 14.3902 28.2593 3
      vertex 14.4294 28.3634 0
      vertex 14.4294 28.3634 3
    endloop
  endfacet
  facet normal 0.935848 -0.352404 0
    outer loop
      vertex 14.4294 28.3634 0
      vertex 14.3902 28.2593 3
      vertex 14.3902 28.2593 0
    endloop
  endfacet
  facet normal -0.582598 -0.81276 0
    outer loop
      vertex 16.9445 29.1263 0
      vertex 17.0349 29.0615 3
      vertex 16.9445 29.1263 3
    endloop
  endfacet
  facet normal -0.582598 -0.81276 -0
    outer loop
      vertex 17.0349 29.0615 3
      vertex 16.9445 29.1263 0
      vertex 17.0349 29.0615 0
    endloop
  endfacet
  facet normal -0.999476 0.0323571 0
    outer loop
      vertex 17.6964 27.6016 0
      vertex 17.7 27.7128 3
      vertex 17.7 27.7128 0
    endloop
  endfacet
  facet normal -0.999476 0.0323571 0
    outer loop
      vertex 17.7 27.7128 3
      vertex 17.6964 27.6016 0
      vertex 17.6964 27.6016 3
    endloop
  endfacet
  facet normal -0.81276 -0.582598 0
    outer loop
      vertex 17.4135 28.6573 0
      vertex 17.3487 28.7477 3
      vertex 17.3487 28.7477 0
    endloop
  endfacet
  facet normal -0.81276 -0.582598 0
    outer loop
      vertex 17.3487 28.7477 3
      vertex 17.4135 28.6573 0
      vertex 17.4135 28.6573 3
    endloop
  endfacet
  facet normal -0.772915 -0.634509 0
    outer loop
      vertex 17.3487 28.7477 0
      vertex 17.2781 28.8337 3
      vertex 17.2781 28.8337 0
    endloop
  endfacet
  facet normal -0.772915 -0.634509 0
    outer loop
      vertex 17.2781 28.8337 3
      vertex 17.3487 28.7477 0
      vertex 17.3487 28.7477 3
    endloop
  endfacet
  facet normal -0.772915 0.634509 0
    outer loop
      vertex 17.2781 26.5919 0
      vertex 17.3487 26.6779 3
      vertex 17.3487 26.6779 0
    endloop
  endfacet
  facet normal -0.772915 0.634509 0
    outer loop
      vertex 17.3487 26.6779 3
      vertex 17.2781 26.5919 0
      vertex 17.2781 26.5919 3
    endloop
  endfacet
  facet normal -0.0979904 0.995187 0
    outer loop
      vertex 16.2219 26.0274 0
      vertex 16.1112 26.0165 3
      vertex 16.2219 26.0274 3
    endloop
  endfacet
  facet normal -0.0979904 0.995187 0
    outer loop
      vertex 16.1112 26.0165 3
      vertex 16.2219 26.0274 0
      vertex 16.1112 26.0165 0
    endloop
  endfacet
  facet normal -0.290482 0.956881 0
    outer loop
      vertex 16.5464 26.103 0
      vertex 16.44 26.0707 3
      vertex 16.5464 26.103 3
    endloop
  endfacet
  facet normal -0.290482 0.956881 0
    outer loop
      vertex 16.44 26.0707 3
      vertex 16.5464 26.103 0
      vertex 16.44 26.0707 0
    endloop
  endfacet
  facet normal 0.16265 0.986684 -0
    outer loop
      vertex 15.7781 26.0274 0
      vertex 15.6683 26.0455 3
      vertex 15.7781 26.0274 3
    endloop
  endfacet
  facet normal 0.16265 0.986684 0
    outer loop
      vertex 15.6683 26.0455 3
      vertex 15.7781 26.0274 0
      vertex 15.6683 26.0455 0
    endloop
  endfacet
  facet normal 0.412719 0.910859 -0
    outer loop
      vertex 15.3494 26.1422 0
      vertex 15.2481 26.1881 3
      vertex 15.3494 26.1422 3
    endloop
  endfacet
  facet normal 0.412719 0.910859 0
    outer loop
      vertex 15.2481 26.1881 3
      vertex 15.3494 26.1422 0
      vertex 15.2481 26.1881 0
    endloop
  endfacet
  facet normal -0.974026 0.226434 0
    outer loop
      vertex 17.6421 27.2728 0
      vertex 17.6673 27.3812 3
      vertex 17.6673 27.3812 0
    endloop
  endfacet
  facet normal -0.974026 0.226434 0
    outer loop
      vertex 17.6673 27.3812 3
      vertex 17.6421 27.2728 0
      vertex 17.6421 27.2728 3
    endloop
  endfacet
  facet normal -0.730098 -0.683343 0
    outer loop
      vertex 17.2781 28.8337 0
      vertex 17.2021 28.9149 3
      vertex 17.2021 28.9149 0
    endloop
  endfacet
  facet normal -0.730098 -0.683343 0
    outer loop
      vertex 17.2021 28.9149 3
      vertex 17.2781 28.8337 0
      vertex 17.2781 28.8337 3
    endloop
  endfacet
  facet normal -0.88168 -0.471847 0
    outer loop
      vertex 17.5247 28.4647 0
      vertex 17.4722 28.5628 3
      vertex 17.4722 28.5628 0
    endloop
  endfacet
  facet normal -0.88168 -0.471847 0
    outer loop
      vertex 17.4722 28.5628 3
      vertex 17.5247 28.4647 0
      vertex 17.5247 28.4647 3
    endloop
  endfacet
  facet normal -0.910859 -0.412719 0
    outer loop
      vertex 17.5706 28.3634 0
      vertex 17.5247 28.4647 3
      vertex 17.5247 28.4647 0
    endloop
  endfacet
  facet normal -0.910859 -0.412719 0
    outer loop
      vertex 17.5247 28.4647 3
      vertex 17.5706 28.3634 0
      vertex 17.5706 28.3634 3
    endloop
  endfacet
  facet normal -0.995187 -0.0979904 0
    outer loop
      vertex 17.6964 27.824 0
      vertex 17.6855 27.9347 3
      vertex 17.6855 27.9347 0
    endloop
  endfacet
  facet normal -0.995187 -0.0979904 0
    outer loop
      vertex 17.6855 27.9347 3
      vertex 17.6964 27.824 0
      vertex 17.6964 27.824 3
    endloop
  endfacet
  facet normal -0.956956 -0.290232 0
    outer loop
      vertex 17.6421 28.1528 0
      vertex 17.6098 28.2593 3
      vertex 17.6098 28.2593 0
    endloop
  endfacet
  facet normal -0.956956 -0.290232 0
    outer loop
      vertex 17.6098 28.2593 3
      vertex 17.6421 28.1528 0
      vertex 17.6421 28.1528 3
    endloop
  endfacet
  facet normal -0.97398 -0.226633 0
    outer loop
      vertex 17.6673 28.0445 0
      vertex 17.6421 28.1528 3
      vertex 17.6421 28.1528 0
    endloop
  endfacet
  facet normal -0.97398 -0.226633 0
    outer loop
      vertex 17.6421 28.1528 3
      vertex 17.6673 28.0445 0
      vertex 17.6673 28.0445 3
    endloop
  endfacet
  facet normal -0.88168 0.471847 0
    outer loop
      vertex 17.4722 26.8628 0
      vertex 17.5247 26.9609 3
      vertex 17.5247 26.9609 0
    endloop
  endfacet
  facet normal -0.88168 0.471847 0
    outer loop
      vertex 17.5247 26.9609 3
      vertex 17.4722 26.8628 0
      vertex 17.4722 26.8628 3
    endloop
  endfacet
  facet normal -0.683343 0.730098 0
    outer loop
      vertex 17.2021 26.5107 0
      vertex 17.1209 26.4347 3
      vertex 17.2021 26.5107 3
    endloop
  endfacet
  facet normal -0.683343 0.730098 0
    outer loop
      vertex 17.1209 26.4347 3
      vertex 17.2021 26.5107 0
      vertex 17.1209 26.4347 0
    endloop
  endfacet
  facet normal 0.033255 0.999447 -0
    outer loop
      vertex 16 26.0128 0
      vertex 15.8888 26.0165 3
      vertex 16 26.0128 3
    endloop
  endfacet
  facet normal 0.033255 0.999447 0
    outer loop
      vertex 15.8888 26.0165 3
      vertex 16 26.0128 0
      vertex 15.8888 26.0165 0
    endloop
  endfacet
  facet normal -0.16265 0.986684 0
    outer loop
      vertex 16.3317 26.0455 0
      vertex 16.2219 26.0274 3
      vertex 16.3317 26.0455 3
    endloop
  endfacet
  facet normal -0.16265 0.986684 0
    outer loop
      vertex 16.2219 26.0274 3
      vertex 16.3317 26.0455 0
      vertex 16.2219 26.0274 0
    endloop
  endfacet
  facet normal 0.0979904 0.995187 -0
    outer loop
      vertex 15.8888 26.0165 0
      vertex 15.7781 26.0274 3
      vertex 15.8888 26.0165 3
    endloop
  endfacet
  facet normal 0.0979904 0.995187 0
    outer loop
      vertex 15.7781 26.0274 3
      vertex 15.8888 26.0165 0
      vertex 15.7781 26.0274 0
    endloop
  endfacet
  facet normal 0.290482 0.956881 -0
    outer loop
      vertex 15.56 26.0707 0
      vertex 15.4536 26.103 3
      vertex 15.56 26.0707 3
    endloop
  endfacet
  facet normal 0.290482 0.956881 0
    outer loop
      vertex 15.4536 26.103 3
      vertex 15.56 26.0707 0
      vertex 15.4536 26.103 0
    endloop
  endfacet
  facet normal -0.986539 -0.163525 0
    outer loop
      vertex 17.6855 27.9347 0
      vertex 17.6673 28.0445 3
      vertex 17.6673 28.0445 0
    endloop
  endfacet
  facet normal -0.986539 -0.163525 0
    outer loop
      vertex 17.6673 28.0445 3
      vertex 17.6855 27.9347 0
      vertex 17.6855 27.9347 3
    endloop
  endfacet
  facet normal -0.730098 0.683343 0
    outer loop
      vertex 17.2021 26.5107 0
      vertex 17.2781 26.5919 3
      vertex 17.2781 26.5919 0
    endloop
  endfacet
  facet normal -0.730098 0.683343 0
    outer loop
      vertex 17.2781 26.5919 3
      vertex 17.2021 26.5107 0
      vertex 17.2021 26.5107 3
    endloop
  endfacet
  facet normal -0.352108 0.93596 0
    outer loop
      vertex 16.6506 26.1422 0
      vertex 16.5464 26.103 3
      vertex 16.6506 26.1422 3
    endloop
  endfacet
  facet normal -0.352108 0.93596 0
    outer loop
      vertex 16.5464 26.103 3
      vertex 16.6506 26.1422 0
      vertex 16.5464 26.103 0
    endloop
  endfacet
  facet normal -0.471847 0.88168 0
    outer loop
      vertex 16.85 26.2406 0
      vertex 16.7519 26.1881 3
      vertex 16.85 26.2406 3
    endloop
  endfacet
  facet normal -0.471847 0.88168 0
    outer loop
      vertex 16.7519 26.1881 3
      vertex 16.85 26.2406 0
      vertex 16.7519 26.1881 0
    endloop
  endfacet
  facet normal -0.634509 0.772915 0
    outer loop
      vertex 17.1209 26.4347 0
      vertex 17.0349 26.3641 3
      vertex 17.1209 26.4347 3
    endloop
  endfacet
  facet normal -0.634509 0.772915 0
    outer loop
      vertex 17.0349 26.3641 3
      vertex 17.1209 26.4347 0
      vertex 17.0349 26.3641 0
    endloop
  endfacet
  facet normal -0.033255 0.999447 0
    outer loop
      vertex 16.1112 26.0165 0
      vertex 16 26.0128 3
      vertex 16.1112 26.0165 3
    endloop
  endfacet
  facet normal -0.033255 0.999447 0
    outer loop
      vertex 16 26.0128 3
      vertex 16.1112 26.0165 0
      vertex 16 26.0128 0
    endloop
  endfacet
  facet normal -0.226633 0.97398 0
    outer loop
      vertex 16.44 26.0707 0
      vertex 16.3317 26.0455 3
      vertex 16.44 26.0707 3
    endloop
  endfacet
  facet normal -0.226633 0.97398 0
    outer loop
      vertex 16.3317 26.0455 3
      vertex 16.44 26.0707 0
      vertex 16.3317 26.0455 0
    endloop
  endfacet
  facet normal 0.226633 0.97398 -0
    outer loop
      vertex 15.6683 26.0455 0
      vertex 15.56 26.0707 3
      vertex 15.6683 26.0455 3
    endloop
  endfacet
  facet normal 0.226633 0.97398 0
    outer loop
      vertex 15.56 26.0707 3
      vertex 15.6683 26.0455 0
      vertex 15.56 26.0707 0
    endloop
  endfacet
  facet normal -0.412719 0.910859 0
    outer loop
      vertex 16.7519 26.1881 0
      vertex 16.6506 26.1422 3
      vertex 16.7519 26.1881 3
    endloop
  endfacet
  facet normal -0.412719 0.910859 0
    outer loop
      vertex 16.6506 26.1422 3
      vertex 16.7519 26.1881 0
      vertex 16.6506 26.1422 0
    endloop
  endfacet
  facet normal -0.582598 0.81276 0
    outer loop
      vertex 17.0349 26.3641 0
      vertex 16.9445 26.2993 3
      vertex 17.0349 26.3641 3
    endloop
  endfacet
  facet normal -0.582598 0.81276 0
    outer loop
      vertex 16.9445 26.2993 3
      vertex 17.0349 26.3641 0
      vertex 16.9445 26.2993 0
    endloop
  endfacet
  facet normal -0.527654 0.84946 0
    outer loop
      vertex 16.9445 26.2993 0
      vertex 16.85 26.2406 3
      vertex 16.9445 26.2993 3
    endloop
  endfacet
  facet normal -0.527654 0.84946 0
    outer loop
      vertex 16.85 26.2406 3
      vertex 16.9445 26.2993 0
      vertex 16.85 26.2406 0
    endloop
  endfacet
  facet normal 0.634348 0.773047 -0
    outer loop
      vertex -33.0349 -1.3487 0
      vertex -33.1209 -1.27813 3
      vertex -33.0349 -1.3487 3
    endloop
  endfacet
  facet normal 0.634348 0.773047 0
    outer loop
      vertex -33.1209 -1.27813 3
      vertex -33.0349 -1.3487 0
      vertex -33.1209 -1.27813 0
    endloop
  endfacet
  facet normal 0.582598 -0.81276 0
    outer loop
      vertex -33.0349 1.3487 0
      vertex -32.9445 1.4135 3
      vertex -33.0349 1.3487 3
    endloop
  endfacet
  facet normal 0.582598 -0.81276 0
    outer loop
      vertex -32.9445 1.4135 3
      vertex -33.0349 1.3487 0
      vertex -32.9445 1.4135 0
    endloop
  endfacet
  facet normal -0.935864 -0.352362 0
    outer loop
      vertex -30.3902 0.546447 0
      vertex -30.4294 0.650561 3
      vertex -30.4294 0.650561 0
    endloop
  endfacet
  facet normal -0.935864 -0.352362 0
    outer loop
      vertex -30.4294 0.650561 3
      vertex -30.3902 0.546447 0
      vertex -30.3902 0.546447 3
    endloop
  endfacet
  facet normal -0.412793 -0.910825 0
    outer loop
      vertex -31.3494 1.57059 0
      vertex -31.2481 1.52468 3
      vertex -31.3494 1.57059 3
    endloop
  endfacet
  facet normal -0.412793 -0.910825 -0
    outer loop
      vertex -31.2481 1.52468 3
      vertex -31.3494 1.57059 0
      vertex -31.2481 1.52468 0
    endloop
  endfacet
  facet normal 0.881698 0.471814 0
    outer loop
      vertex -33.4722 -0.849999 3
      vertex -33.5247 -0.75189 0
      vertex -33.5247 -0.75189 3
    endloop
  endfacet
  facet normal 0.881698 0.471814 0
    outer loop
      vertex -33.5247 -0.75189 0
      vertex -33.4722 -0.849999 3
      vertex -33.4722 -0.849999 0
    endloop
  endfacet
  facet normal -0.730056 0.683388 0
    outer loop
      vertex -30.7979 -1.20208 0
      vertex -30.7219 -1.12089 3
      vertex -30.7219 -1.12089 0
    endloop
  endfacet
  facet normal -0.730056 0.683388 0
    outer loop
      vertex -30.7219 -1.12089 3
      vertex -30.7979 -1.20208 0
      vertex -30.7979 -1.20208 3
    endloop
  endfacet
  facet normal 0.352029 -0.935989 0
    outer loop
      vertex -32.6506 1.57059 0
      vertex -32.5464 1.60978 3
      vertex -32.6506 1.57059 3
    endloop
  endfacet
  facet normal 0.352029 -0.935989 0
    outer loop
      vertex -32.5464 1.60978 3
      vertex -32.6506 1.57059 0
      vertex -32.5464 1.60978 0
    endloop
  endfacet
  facet normal -0.683582 -0.729873 0
    outer loop
      vertex -30.8791 1.27813 0
      vertex -30.7979 1.20208 3
      vertex -30.8791 1.27813 3
    endloop
  endfacet
  facet normal -0.683582 -0.729873 -0
    outer loop
      vertex -30.7979 1.20208 3
      vertex -30.8791 1.27813 0
      vertex -30.7979 1.20208 0
    endloop
  endfacet
  facet normal -0.986529 -0.163584 0
    outer loop
      vertex -30.3145 0.221894 0
      vertex -30.3327 0.331653 3
      vertex -30.3327 0.331653 0
    endloop
  endfacet
  facet normal -0.986529 -0.163584 0
    outer loop
      vertex -30.3327 0.331653 3
      vertex -30.3145 0.221894 0
      vertex -30.3145 0.221894 3
    endloop
  endfacet
  facet normal -0.812827 -0.582504 0
    outer loop
      vertex -30.5865 0.944468 0
      vertex -30.6513 1.03489 3
      vertex -30.6513 1.03489 0
    endloop
  endfacet
  facet normal -0.812827 -0.582504 0
    outer loop
      vertex -30.6513 1.03489 3
      vertex -30.5865 0.944468 0
      vertex -30.5865 0.944468 3
    endloop
  endfacet
  facet normal 0.772915 0.634509 0
    outer loop
      vertex -33.2781 -1.12089 3
      vertex -33.3487 -1.03489 0
      vertex -33.3487 -1.03489 3
    endloop
  endfacet
  facet normal 0.772915 0.634509 0
    outer loop
      vertex -33.3487 -1.03489 0
      vertex -33.2781 -1.12089 3
      vertex -33.2781 -1.12089 0
    endloop
  endfacet
  facet normal 0.730056 0.683388 0
    outer loop
      vertex -33.2021 -1.20208 3
      vertex -33.2781 -1.12089 0
      vertex -33.2781 -1.12089 3
    endloop
  endfacet
  facet normal 0.730056 0.683388 0
    outer loop
      vertex -33.2781 -1.12089 0
      vertex -33.2021 -1.20208 3
      vertex -33.2021 -1.20208 0
    endloop
  endfacet
  facet normal -0.812827 0.582504 0
    outer loop
      vertex -30.6513 -1.03489 0
      vertex -30.5865 -0.944468 3
      vertex -30.5865 -0.944468 0
    endloop
  endfacet
  facet normal -0.812827 0.582504 0
    outer loop
      vertex -30.5865 -0.944468 3
      vertex -30.6513 -1.03489 0
      vertex -30.6513 -1.03489 3
    endloop
  endfacet
  facet normal -0.162913 0.986641 0
    outer loop
      vertex -31.6683 -1.66733 0
      vertex -31.7781 -1.68546 3
      vertex -31.6683 -1.66733 3
    endloop
  endfacet
  facet normal -0.162913 0.986641 0
    outer loop
      vertex -31.7781 -1.68546 3
      vertex -31.6683 -1.66733 0
      vertex -31.7781 -1.68546 0
    endloop
  endfacet
  facet normal -0.227144 0.973861 0
    outer loop
      vertex -31.56 -1.64207 0
      vertex -31.6683 -1.66733 3
      vertex -31.56 -1.64207 3
    endloop
  endfacet
  facet normal -0.227144 0.973861 0
    outer loop
      vertex -31.6683 -1.66733 3
      vertex -31.56 -1.64207 0
      vertex -31.6683 -1.66733 0
    endloop
  endfacet
  facet normal -0.352029 0.935989 0
    outer loop
      vertex -31.3494 -1.57059 0
      vertex -31.4536 -1.60978 3
      vertex -31.3494 -1.57059 3
    endloop
  endfacet
  facet normal -0.352029 0.935989 0
    outer loop
      vertex -31.4536 -1.60978 3
      vertex -31.3494 -1.57059 0
      vertex -31.4536 -1.60978 0
    endloop
  endfacet
  facet normal -0.0327163 0.999465 0
    outer loop
      vertex -31.8888 -1.69636 0
      vertex -32 -1.7 3
      vertex -31.8888 -1.69636 3
    endloop
  endfacet
  facet normal -0.0327163 0.999465 0
    outer loop
      vertex -32 -1.7 3
      vertex -31.8888 -1.69636 0
      vertex -32 -1.7 0
    endloop
  endfacet
  facet normal -0.527913 0.849298 0
    outer loop
      vertex -31.0555 -1.4135 0
      vertex -31.15 -1.47224 3
      vertex -31.0555 -1.4135 3
    endloop
  endfacet
  facet normal -0.527913 0.849298 0
    outer loop
      vertex -31.15 -1.47224 3
      vertex -31.0555 -1.4135 0
      vertex -31.15 -1.47224 0
    endloop
  endfacet
  facet normal -0.412793 0.910825 0
    outer loop
      vertex -31.2481 -1.52468 0
      vertex -31.3494 -1.57059 3
      vertex -31.2481 -1.52468 3
    endloop
  endfacet
  facet normal -0.412793 0.910825 0
    outer loop
      vertex -31.3494 -1.57059 3
      vertex -31.2481 -1.52468 0
      vertex -31.3494 -1.57059 0
    endloop
  endfacet
  facet normal -0.683582 0.729873 0
    outer loop
      vertex -30.7979 -1.20208 0
      vertex -30.8791 -1.27813 3
      vertex -30.7979 -1.20208 3
    endloop
  endfacet
  facet normal -0.683582 0.729873 0
    outer loop
      vertex -30.8791 -1.27813 3
      vertex -30.7979 -1.20208 0
      vertex -30.8791 -1.27813 0
    endloop
  endfacet
  facet normal 0.999476 0.0323615 0
    outer loop
      vertex -33.6964 -0.111185 3
      vertex -33.7 0 0
      vertex -33.7 0 3
    endloop
  endfacet
  facet normal 0.999476 0.0323615 0
    outer loop
      vertex -33.7 0 0
      vertex -33.6964 -0.111185 3
      vertex -33.6964 -0.111185 0
    endloop
  endfacet
  facet normal 0.0327163 -0.999465 0
    outer loop
      vertex -32.1112 1.69636 0
      vertex -32 1.7 3
      vertex -32.1112 1.69636 3
    endloop
  endfacet
  facet normal 0.0327163 -0.999465 0
    outer loop
      vertex -32 1.7 3
      vertex -32.1112 1.69636 0
      vertex -32 1.7 0
    endloop
  endfacet
  facet normal 0.0979904 -0.995187 0
    outer loop
      vertex -32.2219 1.68546 0
      vertex -32.1112 1.69636 3
      vertex -32.2219 1.68546 3
    endloop
  endfacet
  facet normal 0.0979904 -0.995187 0
    outer loop
      vertex -32.1112 1.69636 3
      vertex -32.2219 1.68546 0
      vertex -32.1112 1.69636 0
    endloop
  endfacet
  facet normal 0.227144 -0.973861 0
    outer loop
      vertex -32.44 1.64207 0
      vertex -32.3317 1.66733 3
      vertex -32.44 1.64207 3
    endloop
  endfacet
  facet normal 0.227144 -0.973861 0
    outer loop
      vertex -32.3317 1.66733 3
      vertex -32.44 1.64207 0
      vertex -32.3317 1.66733 0
    endloop
  endfacet
  facet normal 0.634348 -0.773047 0
    outer loop
      vertex -33.1209 1.27813 0
      vertex -33.0349 1.3487 3
      vertex -33.1209 1.27813 3
    endloop
  endfacet
  facet normal 0.634348 -0.773047 0
    outer loop
      vertex -33.0349 1.3487 3
      vertex -33.1209 1.27813 0
      vertex -33.0349 1.3487 0
    endloop
  endfacet
  facet normal -0.0327163 -0.999465 0
    outer loop
      vertex -32 1.7 0
      vertex -31.8888 1.69636 3
      vertex -32 1.7 3
    endloop
  endfacet
  facet normal -0.0327163 -0.999465 -0
    outer loop
      vertex -31.8888 1.69636 3
      vertex -32 1.7 0
      vertex -31.8888 1.69636 0
    endloop
  endfacet
  facet normal -0.0979904 -0.995187 0
    outer loop
      vertex -31.8888 1.69636 0
      vertex -31.7781 1.68546 3
      vertex -31.8888 1.69636 3
    endloop
  endfacet
  facet normal -0.0979904 -0.995187 -0
    outer loop
      vertex -31.7781 1.68546 3
      vertex -31.8888 1.69636 0
      vertex -31.7781 1.68546 0
    endloop
  endfacet
  facet normal -0.290399 -0.956906 0
    outer loop
      vertex -31.56 1.64207 0
      vertex -31.4536 1.60978 3
      vertex -31.56 1.64207 3
    endloop
  endfacet
  facet normal -0.290399 -0.956906 -0
    outer loop
      vertex -31.4536 1.60978 3
      vertex -31.56 1.64207 0
      vertex -31.4536 1.60978 0
    endloop
  endfacet
  facet normal -0.227144 -0.973861 0
    outer loop
      vertex -31.6683 1.66733 0
      vertex -31.56 1.64207 3
      vertex -31.6683 1.66733 3
    endloop
  endfacet
  facet normal -0.227144 -0.973861 -0
    outer loop
      vertex -31.56 1.64207 3
      vertex -31.6683 1.66733 0
      vertex -31.56 1.64207 0
    endloop
  endfacet
  facet normal -0.471428 -0.881905 0
    outer loop
      vertex -31.2481 1.52468 0
      vertex -31.15 1.47224 3
      vertex -31.2481 1.52468 3
    endloop
  endfacet
  facet normal -0.471428 -0.881905 -0
    outer loop
      vertex -31.15 1.47224 3
      vertex -31.2481 1.52468 0
      vertex -31.15 1.47224 0
    endloop
  endfacet
  facet normal -0.582598 -0.81276 0
    outer loop
      vertex -31.0555 1.4135 0
      vertex -30.9651 1.3487 3
      vertex -31.0555 1.4135 3
    endloop
  endfacet
  facet normal -0.582598 -0.81276 -0
    outer loop
      vertex -30.9651 1.3487 3
      vertex -31.0555 1.4135 0
      vertex -30.9651 1.3487 0
    endloop
  endfacet
  facet normal -0.973998 -0.226555 0
    outer loop
      vertex -30.3327 0.331653 0
      vertex -30.3579 0.439992 3
      vertex -30.3579 0.439992 0
    endloop
  endfacet
  facet normal -0.973998 -0.226555 0
    outer loop
      vertex -30.3579 0.439992 3
      vertex -30.3327 0.331653 0
      vertex -30.3327 0.331653 3
    endloop
  endfacet
  facet normal -0.999476 -0.0323615 0
    outer loop
      vertex -30.3 0 0
      vertex -30.3036 0.111185 3
      vertex -30.3036 0.111185 0
    endloop
  endfacet
  facet normal -0.999476 -0.0323615 0
    outer loop
      vertex -30.3036 0.111185 3
      vertex -30.3 0 0
      vertex -30.3 0 3
    endloop
  endfacet
  facet normal -0.910903 -0.412621 0
    outer loop
      vertex -30.4294 0.650561 0
      vertex -30.4753 0.75189 3
      vertex -30.4753 0.75189 0
    endloop
  endfacet
  facet normal -0.910903 -0.412621 0
    outer loop
      vertex -30.4753 0.75189 3
      vertex -30.4294 0.650561 0
      vertex -30.4294 0.650561 3
    endloop
  endfacet
  facet normal -0.730056 -0.683388 0
    outer loop
      vertex -30.7219 1.12089 0
      vertex -30.7979 1.20208 3
      vertex -30.7979 1.20208 0
    endloop
  endfacet
  facet normal -0.730056 -0.683388 0
    outer loop
      vertex -30.7979 1.20208 3
      vertex -30.7219 1.12089 0
      vertex -30.7219 1.12089 3
    endloop
  endfacet
  facet normal 0.973998 0.226555 0
    outer loop
      vertex -33.6421 -0.439992 3
      vertex -33.6673 -0.331653 0
      vertex -33.6673 -0.331653 3
    endloop
  endfacet
  facet normal 0.973998 0.226555 0
    outer loop
      vertex -33.6673 -0.331653 0
      vertex -33.6421 -0.439992 3
      vertex -33.6421 -0.439992 0
    endloop
  endfacet
  facet normal 0.995188 0.0979826 0
    outer loop
      vertex -33.6855 -0.221894 3
      vertex -33.6964 -0.111185 0
      vertex -33.6964 -0.111185 3
    endloop
  endfacet
  facet normal 0.995188 0.0979826 0
    outer loop
      vertex -33.6964 -0.111185 0
      vertex -33.6855 -0.221894 3
      vertex -33.6855 -0.221894 0
    endloop
  endfacet
  facet normal 0.986529 0.163584 0
    outer loop
      vertex -33.6673 -0.331653 3
      vertex -33.6855 -0.221894 0
      vertex -33.6855 -0.221894 3
    endloop
  endfacet
  facet normal 0.986529 0.163584 0
    outer loop
      vertex -33.6855 -0.221894 0
      vertex -33.6673 -0.331653 3
      vertex -33.6673 -0.331653 0
    endloop
  endfacet
  facet normal 0.956922 0.290344 0
    outer loop
      vertex -33.6098 -0.546447 3
      vertex -33.6421 -0.439992 0
      vertex -33.6421 -0.439992 3
    endloop
  endfacet
  facet normal 0.956922 0.290344 0
    outer loop
      vertex -33.6421 -0.439992 0
      vertex -33.6098 -0.546447 3
      vertex -33.6098 -0.546447 0
    endloop
  endfacet
  facet normal 0.910903 0.412621 0
    outer loop
      vertex -33.5247 -0.75189 3
      vertex -33.5706 -0.650561 0
      vertex -33.5706 -0.650561 3
    endloop
  endfacet
  facet normal 0.910903 0.412621 0
    outer loop
      vertex -33.5706 -0.650561 0
      vertex -33.5247 -0.75189 3
      vertex -33.5247 -0.75189 0
    endloop
  endfacet
  facet normal 0.935864 0.352362 0
    outer loop
      vertex -33.5706 -0.650561 3
      vertex -33.6098 -0.546447 0
      vertex -33.6098 -0.546447 3
    endloop
  endfacet
  facet normal 0.935864 0.352362 0
    outer loop
      vertex -33.6098 -0.546447 0
      vertex -33.5706 -0.650561 3
      vertex -33.5706 -0.650561 0
    endloop
  endfacet
  facet normal 0.812827 0.582504 0
    outer loop
      vertex -33.3487 -1.03489 3
      vertex -33.4135 -0.944468 0
      vertex -33.4135 -0.944468 3
    endloop
  endfacet
  facet normal 0.812827 0.582504 0
    outer loop
      vertex -33.4135 -0.944468 0
      vertex -33.3487 -1.03489 3
      vertex -33.3487 -1.03489 0
    endloop
  endfacet
  facet normal 0.849382 0.527779 0
    outer loop
      vertex -33.4135 -0.944468 3
      vertex -33.4722 -0.849999 0
      vertex -33.4722 -0.849999 3
    endloop
  endfacet
  facet normal 0.849382 0.527779 0
    outer loop
      vertex -33.4722 -0.849999 0
      vertex -33.4135 -0.944468 3
      vertex -33.4135 -0.944468 0
    endloop
  endfacet
  facet normal 0.582598 0.81276 -0
    outer loop
      vertex -32.9445 -1.4135 0
      vertex -33.0349 -1.3487 3
      vertex -32.9445 -1.4135 3
    endloop
  endfacet
  facet normal 0.582598 0.81276 0
    outer loop
      vertex -33.0349 -1.3487 3
      vertex -32.9445 -1.4135 0
      vertex -33.0349 -1.3487 0
    endloop
  endfacet
  facet normal 0.527913 0.849298 -0
    outer loop
      vertex -32.85 -1.47224 0
      vertex -32.9445 -1.4135 3
      vertex -32.85 -1.47224 3
    endloop
  endfacet
  facet normal 0.527913 0.849298 0
    outer loop
      vertex -32.9445 -1.4135 3
      vertex -32.85 -1.47224 0
      vertex -32.9445 -1.4135 0
    endloop
  endfacet
  facet normal 0.412793 0.910825 -0
    outer loop
      vertex -32.6506 -1.57059 0
      vertex -32.7519 -1.52468 3
      vertex -32.6506 -1.57059 3
    endloop
  endfacet
  facet normal 0.412793 0.910825 0
    outer loop
      vertex -32.7519 -1.52468 3
      vertex -32.6506 -1.57059 0
      vertex -32.7519 -1.52468 0
    endloop
  endfacet
  facet normal 0.471428 0.881905 -0
    outer loop
      vertex -32.7519 -1.52468 0
      vertex -32.85 -1.47224 3
      vertex -32.7519 -1.52468 3
    endloop
  endfacet
  facet normal 0.471428 0.881905 0
    outer loop
      vertex -32.85 -1.47224 3
      vertex -32.7519 -1.52468 0
      vertex -32.85 -1.47224 0
    endloop
  endfacet
  facet normal 0.227144 0.973861 -0
    outer loop
      vertex -32.3317 -1.66733 0
      vertex -32.44 -1.64207 3
      vertex -32.3317 -1.66733 3
    endloop
  endfacet
  facet normal 0.227144 0.973861 0
    outer loop
      vertex -32.44 -1.64207 3
      vertex -32.3317 -1.66733 0
      vertex -32.44 -1.64207 0
    endloop
  endfacet
  facet normal 0.352029 0.935989 -0
    outer loop
      vertex -32.5464 -1.60978 0
      vertex -32.6506 -1.57059 3
      vertex -32.5464 -1.60978 3
    endloop
  endfacet
  facet normal 0.352029 0.935989 0
    outer loop
      vertex -32.6506 -1.57059 3
      vertex -32.5464 -1.60978 0
      vertex -32.6506 -1.57059 0
    endloop
  endfacet
  facet normal 0.0327163 0.999465 -0
    outer loop
      vertex -32 -1.7 0
      vertex -32.1112 -1.69636 3
      vertex -32 -1.7 3
    endloop
  endfacet
  facet normal 0.0327163 0.999465 0
    outer loop
      vertex -32.1112 -1.69636 3
      vertex -32 -1.7 0
      vertex -32.1112 -1.69636 0
    endloop
  endfacet
  facet normal 0.162913 0.986641 -0
    outer loop
      vertex -32.2219 -1.68546 0
      vertex -32.3317 -1.66733 3
      vertex -32.2219 -1.68546 3
    endloop
  endfacet
  facet normal 0.162913 0.986641 0
    outer loop
      vertex -32.3317 -1.66733 3
      vertex -32.2219 -1.68546 0
      vertex -32.3317 -1.66733 0
    endloop
  endfacet
  facet normal 0.0979904 0.995187 -0
    outer loop
      vertex -32.1112 -1.69636 0
      vertex -32.2219 -1.68546 3
      vertex -32.1112 -1.69636 3
    endloop
  endfacet
  facet normal 0.0979904 0.995187 0
    outer loop
      vertex -32.2219 -1.68546 3
      vertex -32.1112 -1.69636 0
      vertex -32.2219 -1.68546 0
    endloop
  endfacet
  facet normal 0.290399 0.956906 -0
    outer loop
      vertex -32.44 -1.64207 0
      vertex -32.5464 -1.60978 3
      vertex -32.44 -1.64207 3
    endloop
  endfacet
  facet normal 0.290399 0.956906 0
    outer loop
      vertex -32.5464 -1.60978 3
      vertex -32.44 -1.64207 0
      vertex -32.5464 -1.60978 0
    endloop
  endfacet
  facet normal -0.973998 0.226555 0
    outer loop
      vertex -30.3579 -0.439992 0
      vertex -30.3327 -0.331653 3
      vertex -30.3327 -0.331653 0
    endloop
  endfacet
  facet normal -0.973998 0.226555 0
    outer loop
      vertex -30.3327 -0.331653 3
      vertex -30.3579 -0.439992 0
      vertex -30.3579 -0.439992 3
    endloop
  endfacet
  facet normal -0.935864 0.352362 0
    outer loop
      vertex -30.4294 -0.650561 0
      vertex -30.3902 -0.546447 3
      vertex -30.3902 -0.546447 0
    endloop
  endfacet
  facet normal -0.935864 0.352362 0
    outer loop
      vertex -30.3902 -0.546447 3
      vertex -30.4294 -0.650561 0
      vertex -30.4294 -0.650561 3
    endloop
  endfacet
  facet normal -0.999476 0.0323615 0
    outer loop
      vertex -30.3036 -0.111185 0
      vertex -30.3 0 3
      vertex -30.3 0 0
    endloop
  endfacet
  facet normal -0.999476 0.0323615 0
    outer loop
      vertex -30.3 0 3
      vertex -30.3036 -0.111185 0
      vertex -30.3036 -0.111185 3
    endloop
  endfacet
  facet normal -0.986529 0.163584 0
    outer loop
      vertex -30.3327 -0.331653 0
      vertex -30.3145 -0.221894 3
      vertex -30.3145 -0.221894 0
    endloop
  endfacet
  facet normal -0.986529 0.163584 0
    outer loop
      vertex -30.3145 -0.221894 3
      vertex -30.3327 -0.331653 0
      vertex -30.3327 -0.331653 3
    endloop
  endfacet
  facet normal -0.995188 0.0979826 0
    outer loop
      vertex -30.3145 -0.221894 0
      vertex -30.3036 -0.111185 3
      vertex -30.3036 -0.111185 0
    endloop
  endfacet
  facet normal -0.995188 0.0979826 0
    outer loop
      vertex -30.3036 -0.111185 3
      vertex -30.3145 -0.221894 0
      vertex -30.3145 -0.221894 3
    endloop
  endfacet
  facet normal -0.956922 0.290344 0
    outer loop
      vertex -30.3902 -0.546447 0
      vertex -30.3579 -0.439992 3
      vertex -30.3579 -0.439992 0
    endloop
  endfacet
  facet normal -0.956922 0.290344 0
    outer loop
      vertex -30.3579 -0.439992 3
      vertex -30.3902 -0.546447 0
      vertex -30.3902 -0.546447 3
    endloop
  endfacet
  facet normal -0.910903 0.412621 0
    outer loop
      vertex -30.4753 -0.75189 0
      vertex -30.4294 -0.650561 3
      vertex -30.4294 -0.650561 0
    endloop
  endfacet
  facet normal -0.910903 0.412621 0
    outer loop
      vertex -30.4294 -0.650561 3
      vertex -30.4753 -0.75189 0
      vertex -30.4753 -0.75189 3
    endloop
  endfacet
  facet normal -0.849382 0.527779 0
    outer loop
      vertex -30.5865 -0.944468 0
      vertex -30.5278 -0.849999 3
      vertex -30.5278 -0.849999 0
    endloop
  endfacet
  facet normal -0.849382 0.527779 0
    outer loop
      vertex -30.5278 -0.849999 3
      vertex -30.5865 -0.944468 0
      vertex -30.5865 -0.944468 3
    endloop
  endfacet
  facet normal -0.881698 0.471814 0
    outer loop
      vertex -30.5278 -0.849999 0
      vertex -30.4753 -0.75189 3
      vertex -30.4753 -0.75189 0
    endloop
  endfacet
  facet normal -0.881698 0.471814 0
    outer loop
      vertex -30.4753 -0.75189 3
      vertex -30.5278 -0.849999 0
      vertex -30.5278 -0.849999 3
    endloop
  endfacet
  facet normal -0.772915 0.634509 0
    outer loop
      vertex -30.7219 -1.12089 0
      vertex -30.6513 -1.03489 3
      vertex -30.6513 -1.03489 0
    endloop
  endfacet
  facet normal -0.772915 0.634509 0
    outer loop
      vertex -30.6513 -1.03489 3
      vertex -30.7219 -1.12089 0
      vertex -30.7219 -1.12089 3
    endloop
  endfacet
  facet normal -0.290399 0.956906 0
    outer loop
      vertex -31.4536 -1.60978 0
      vertex -31.56 -1.64207 3
      vertex -31.4536 -1.60978 3
    endloop
  endfacet
  facet normal -0.290399 0.956906 0
    outer loop
      vertex -31.56 -1.64207 3
      vertex -31.4536 -1.60978 0
      vertex -31.56 -1.64207 0
    endloop
  endfacet
  facet normal -0.0979904 0.995187 0
    outer loop
      vertex -31.7781 -1.68546 0
      vertex -31.8888 -1.69636 3
      vertex -31.7781 -1.68546 3
    endloop
  endfacet
  facet normal -0.0979904 0.995187 0
    outer loop
      vertex -31.8888 -1.69636 3
      vertex -31.7781 -1.68546 0
      vertex -31.8888 -1.69636 0
    endloop
  endfacet
  facet normal -0.471428 0.881905 0
    outer loop
      vertex -31.15 -1.47224 0
      vertex -31.2481 -1.52468 3
      vertex -31.15 -1.47224 3
    endloop
  endfacet
  facet normal -0.471428 0.881905 0
    outer loop
      vertex -31.2481 -1.52468 3
      vertex -31.15 -1.47224 0
      vertex -31.2481 -1.52468 0
    endloop
  endfacet
  facet normal -0.582598 0.81276 0
    outer loop
      vertex -30.9651 -1.3487 0
      vertex -31.0555 -1.4135 3
      vertex -30.9651 -1.3487 3
    endloop
  endfacet
  facet normal -0.582598 0.81276 0
    outer loop
      vertex -31.0555 -1.4135 3
      vertex -30.9651 -1.3487 0
      vertex -31.0555 -1.4135 0
    endloop
  endfacet
  facet normal 0.999476 -0.0323615 0
    outer loop
      vertex -33.7 0 3
      vertex -33.6964 0.111185 0
      vertex -33.6964 0.111185 3
    endloop
  endfacet
  facet normal 0.999476 -0.0323615 0
    outer loop
      vertex -33.6964 0.111185 0
      vertex -33.7 0 3
      vertex -33.7 0 0
    endloop
  endfacet
  facet normal 0.956922 -0.290344 0
    outer loop
      vertex -33.6421 0.439992 3
      vertex -33.6098 0.546447 0
      vertex -33.6098 0.546447 3
    endloop
  endfacet
  facet normal 0.956922 -0.290344 0
    outer loop
      vertex -33.6098 0.546447 0
      vertex -33.6421 0.439992 3
      vertex -33.6421 0.439992 0
    endloop
  endfacet
  facet normal 0.986529 -0.163584 0
    outer loop
      vertex -33.6855 0.221894 3
      vertex -33.6673 0.331653 0
      vertex -33.6673 0.331653 3
    endloop
  endfacet
  facet normal 0.986529 -0.163584 0
    outer loop
      vertex -33.6673 0.331653 0
      vertex -33.6855 0.221894 3
      vertex -33.6855 0.221894 0
    endloop
  endfacet
  facet normal 0.995188 -0.0979826 0
    outer loop
      vertex -33.6964 0.111185 3
      vertex -33.6855 0.221894 0
      vertex -33.6855 0.221894 3
    endloop
  endfacet
  facet normal 0.995188 -0.0979826 0
    outer loop
      vertex -33.6855 0.221894 0
      vertex -33.6964 0.111185 3
      vertex -33.6964 0.111185 0
    endloop
  endfacet
  facet normal 0.162913 -0.986641 0
    outer loop
      vertex -32.3317 1.66733 0
      vertex -32.2219 1.68546 3
      vertex -32.3317 1.66733 3
    endloop
  endfacet
  facet normal 0.162913 -0.986641 0
    outer loop
      vertex -32.2219 1.68546 3
      vertex -32.3317 1.66733 0
      vertex -32.2219 1.68546 0
    endloop
  endfacet
  facet normal 0.290399 -0.956906 0
    outer loop
      vertex -32.5464 1.60978 0
      vertex -32.44 1.64207 3
      vertex -32.5464 1.60978 3
    endloop
  endfacet
  facet normal 0.290399 -0.956906 0
    outer loop
      vertex -32.44 1.64207 3
      vertex -32.5464 1.60978 0
      vertex -32.44 1.64207 0
    endloop
  endfacet
  facet normal 0.730056 -0.683388 0
    outer loop
      vertex -33.2781 1.12089 3
      vertex -33.2021 1.20208 0
      vertex -33.2021 1.20208 3
    endloop
  endfacet
  facet normal 0.730056 -0.683388 0
    outer loop
      vertex -33.2021 1.20208 0
      vertex -33.2781 1.12089 3
      vertex -33.2781 1.12089 0
    endloop
  endfacet
  facet normal 0.683582 -0.729873 0
    outer loop
      vertex -33.2021 1.20208 0
      vertex -33.1209 1.27813 3
      vertex -33.2021 1.20208 3
    endloop
  endfacet
  facet normal 0.683582 -0.729873 0
    outer loop
      vertex -33.1209 1.27813 3
      vertex -33.2021 1.20208 0
      vertex -33.1209 1.27813 0
    endloop
  endfacet
  facet normal 0.412793 -0.910825 0
    outer loop
      vertex -32.7519 1.52468 0
      vertex -32.6506 1.57059 3
      vertex -32.7519 1.52468 3
    endloop
  endfacet
  facet normal 0.412793 -0.910825 0
    outer loop
      vertex -32.6506 1.57059 3
      vertex -32.7519 1.52468 0
      vertex -32.6506 1.57059 0
    endloop
  endfacet
  facet normal 0.471428 -0.881905 0
    outer loop
      vertex -32.85 1.47224 0
      vertex -32.7519 1.52468 3
      vertex -32.85 1.47224 3
    endloop
  endfacet
  facet normal 0.471428 -0.881905 0
    outer loop
      vertex -32.7519 1.52468 3
      vertex -32.85 1.47224 0
      vertex -32.7519 1.52468 0
    endloop
  endfacet
  facet normal -0.352029 -0.935989 0
    outer loop
      vertex -31.4536 1.60978 0
      vertex -31.3494 1.57059 3
      vertex -31.4536 1.60978 3
    endloop
  endfacet
  facet normal -0.352029 -0.935989 -0
    outer loop
      vertex -31.3494 1.57059 3
      vertex -31.4536 1.60978 0
      vertex -31.3494 1.57059 0
    endloop
  endfacet
  facet normal -0.162913 -0.986641 0
    outer loop
      vertex -31.7781 1.68546 0
      vertex -31.6683 1.66733 3
      vertex -31.7781 1.68546 3
    endloop
  endfacet
  facet normal -0.162913 -0.986641 -0
    outer loop
      vertex -31.6683 1.66733 3
      vertex -31.7781 1.68546 0
      vertex -31.6683 1.66733 0
    endloop
  endfacet
  facet normal -0.527913 -0.849298 0
    outer loop
      vertex -31.15 1.47224 0
      vertex -31.0555 1.4135 3
      vertex -31.15 1.47224 3
    endloop
  endfacet
  facet normal -0.527913 -0.849298 -0
    outer loop
      vertex -31.0555 1.4135 3
      vertex -31.15 1.47224 0
      vertex -31.0555 1.4135 0
    endloop
  endfacet
  facet normal -0.634348 -0.773047 0
    outer loop
      vertex -30.9651 1.3487 0
      vertex -30.8791 1.27813 3
      vertex -30.9651 1.3487 3
    endloop
  endfacet
  facet normal -0.634348 -0.773047 -0
    outer loop
      vertex -30.8791 1.27813 3
      vertex -30.9651 1.3487 0
      vertex -30.8791 1.27813 0
    endloop
  endfacet
  facet normal -0.956922 -0.290344 0
    outer loop
      vertex -30.3579 0.439992 0
      vertex -30.3902 0.546447 3
      vertex -30.3902 0.546447 0
    endloop
  endfacet
  facet normal -0.956922 -0.290344 0
    outer loop
      vertex -30.3902 0.546447 3
      vertex -30.3579 0.439992 0
      vertex -30.3579 0.439992 3
    endloop
  endfacet
  facet normal -0.995188 -0.0979826 0
    outer loop
      vertex -30.3036 0.111185 0
      vertex -30.3145 0.221894 3
      vertex -30.3145 0.221894 0
    endloop
  endfacet
  facet normal -0.995188 -0.0979826 0
    outer loop
      vertex -30.3145 0.221894 3
      vertex -30.3036 0.111185 0
      vertex -30.3036 0.111185 3
    endloop
  endfacet
  facet normal -0.881698 -0.471814 0
    outer loop
      vertex -30.4753 0.75189 0
      vertex -30.5278 0.849999 3
      vertex -30.5278 0.849999 0
    endloop
  endfacet
  facet normal -0.881698 -0.471814 0
    outer loop
      vertex -30.5278 0.849999 3
      vertex -30.4753 0.75189 0
      vertex -30.4753 0.75189 3
    endloop
  endfacet
  facet normal -0.849382 -0.527779 0
    outer loop
      vertex -30.5278 0.849999 0
      vertex -30.5865 0.944468 3
      vertex -30.5865 0.944468 0
    endloop
  endfacet
  facet normal -0.849382 -0.527779 0
    outer loop
      vertex -30.5865 0.944468 3
      vertex -30.5278 0.849999 0
      vertex -30.5278 0.849999 3
    endloop
  endfacet
  facet normal -0.772915 -0.634509 0
    outer loop
      vertex -30.6513 1.03489 0
      vertex -30.7219 1.12089 3
      vertex -30.7219 1.12089 0
    endloop
  endfacet
  facet normal -0.772915 -0.634509 0
    outer loop
      vertex -30.7219 1.12089 3
      vertex -30.6513 1.03489 0
      vertex -30.6513 1.03489 3
    endloop
  endfacet
  facet normal 0.683582 0.729873 -0
    outer loop
      vertex -33.1209 -1.27813 0
      vertex -33.2021 -1.20208 3
      vertex -33.1209 -1.27813 3
    endloop
  endfacet
  facet normal 0.683582 0.729873 0
    outer loop
      vertex -33.2021 -1.20208 3
      vertex -33.1209 -1.27813 0
      vertex -33.2021 -1.20208 0
    endloop
  endfacet
  facet normal -0.634348 0.773047 0
    outer loop
      vertex -30.8791 -1.27813 0
      vertex -30.9651 -1.3487 3
      vertex -30.8791 -1.27813 3
    endloop
  endfacet
  facet normal -0.634348 0.773047 0
    outer loop
      vertex -30.9651 -1.3487 3
      vertex -30.8791 -1.27813 0
      vertex -30.9651 -1.3487 0
    endloop
  endfacet
  facet normal 0.973998 -0.226555 0
    outer loop
      vertex -33.6673 0.331653 3
      vertex -33.6421 0.439992 0
      vertex -33.6421 0.439992 3
    endloop
  endfacet
  facet normal 0.973998 -0.226555 0
    outer loop
      vertex -33.6421 0.439992 0
      vertex -33.6673 0.331653 3
      vertex -33.6673 0.331653 0
    endloop
  endfacet
  facet normal 0.935864 -0.352362 0
    outer loop
      vertex -33.6098 0.546447 3
      vertex -33.5706 0.650561 0
      vertex -33.5706 0.650561 3
    endloop
  endfacet
  facet normal 0.935864 -0.352362 0
    outer loop
      vertex -33.5706 0.650561 0
      vertex -33.6098 0.546447 3
      vertex -33.6098 0.546447 0
    endloop
  endfacet
  facet normal 0.910903 -0.412621 0
    outer loop
      vertex -33.5706 0.650561 3
      vertex -33.5247 0.75189 0
      vertex -33.5247 0.75189 3
    endloop
  endfacet
  facet normal 0.910903 -0.412621 0
    outer loop
      vertex -33.5247 0.75189 0
      vertex -33.5706 0.650561 3
      vertex -33.5706 0.650561 0
    endloop
  endfacet
  facet normal 0.772915 -0.634509 0
    outer loop
      vertex -33.3487 1.03489 3
      vertex -33.2781 1.12089 0
      vertex -33.2781 1.12089 3
    endloop
  endfacet
  facet normal 0.772915 -0.634509 0
    outer loop
      vertex -33.2781 1.12089 0
      vertex -33.3487 1.03489 3
      vertex -33.3487 1.03489 0
    endloop
  endfacet
  facet normal 0.527913 -0.849298 0
    outer loop
      vertex -32.9445 1.4135 0
      vertex -32.85 1.47224 3
      vertex -32.9445 1.4135 3
    endloop
  endfacet
  facet normal 0.527913 -0.849298 0
    outer loop
      vertex -32.85 1.47224 3
      vertex -32.9445 1.4135 0
      vertex -32.85 1.47224 0
    endloop
  endfacet
  facet normal 0.881698 -0.471814 0
    outer loop
      vertex -33.5247 0.75189 3
      vertex -33.4722 0.849999 0
      vertex -33.4722 0.849999 3
    endloop
  endfacet
  facet normal 0.881698 -0.471814 0
    outer loop
      vertex -33.4722 0.849999 0
      vertex -33.5247 0.75189 3
      vertex -33.5247 0.75189 0
    endloop
  endfacet
  facet normal 0.812827 -0.582504 0
    outer loop
      vertex -33.4135 0.944468 3
      vertex -33.3487 1.03489 0
      vertex -33.3487 1.03489 3
    endloop
  endfacet
  facet normal 0.812827 -0.582504 0
    outer loop
      vertex -33.3487 1.03489 0
      vertex -33.4135 0.944468 3
      vertex -33.4135 0.944468 0
    endloop
  endfacet
  facet normal 0.849382 -0.527779 0
    outer loop
      vertex -33.4722 0.849999 3
      vertex -33.4135 0.944468 0
      vertex -33.4135 0.944468 3
    endloop
  endfacet
  facet normal 0.849382 -0.527779 0
    outer loop
      vertex -33.4135 0.944468 0
      vertex -33.4722 0.849999 3
      vertex -33.4722 0.849999 0
    endloop
  endfacet
  facet normal -0.84946 0.527654 0
    outer loop
      vertex 17.4135 -28.6573 0
      vertex 17.4722 -28.5628 3
      vertex 17.4722 -28.5628 0
    endloop
  endfacet
  facet normal -0.84946 0.527654 0
    outer loop
      vertex 17.4722 -28.5628 3
      vertex 17.4135 -28.6573 0
      vertex 17.4135 -28.6573 3
    endloop
  endfacet
  facet normal -0.986515 -0.16367 0
    outer loop
      vertex 17.6855 -27.4909 0
      vertex 17.6673 -27.3812 3
      vertex 17.6673 -27.3812 0
    endloop
  endfacet
  facet normal -0.986515 -0.16367 0
    outer loop
      vertex 17.6673 -27.3812 3
      vertex 17.6855 -27.4909 0
      vertex 17.6855 -27.4909 3
    endloop
  endfacet
  facet normal -0.634509 -0.772915 0
    outer loop
      vertex 17.0349 -26.3641 0
      vertex 17.1209 -26.4347 3
      vertex 17.0349 -26.3641 3
    endloop
  endfacet
  facet normal -0.634509 -0.772915 -0
    outer loop
      vertex 17.1209 -26.4347 3
      vertex 17.0349 -26.3641 0
      vertex 17.1209 -26.4347 0
    endloop
  endfacet
  facet normal 0.0979904 -0.995187 0
    outer loop
      vertex 15.7781 -26.0274 0
      vertex 15.8888 -26.0165 3
      vertex 15.7781 -26.0274 3
    endloop
  endfacet
  facet normal 0.0979904 -0.995187 0
    outer loop
      vertex 15.8888 -26.0165 3
      vertex 15.7781 -26.0274 0
      vertex 15.8888 -26.0165 0
    endloop
  endfacet
  facet normal -0.911012 -0.412381 0
    outer loop
      vertex 17.5706 -27.0623 0
      vertex 17.5247 -26.9609 3
      vertex 17.5247 -26.9609 0
    endloop
  endfacet
  facet normal -0.911012 -0.412381 0
    outer loop
      vertex 17.5247 -26.9609 3
      vertex 17.5706 -27.0623 0
      vertex 17.5706 -27.0623 3
    endloop
  endfacet
  facet normal -0.999476 0.0323571 0
    outer loop
      vertex 17.6964 -27.824 0
      vertex 17.7 -27.7128 3
      vertex 17.7 -27.7128 0
    endloop
  endfacet
  facet normal -0.999476 0.0323571 0
    outer loop
      vertex 17.7 -27.7128 3
      vertex 17.6964 -27.824 0
      vertex 17.6964 -27.824 3
    endloop
  endfacet
  facet normal -0.226633 -0.97398 0
    outer loop
      vertex 16.3317 -26.0455 0
      vertex 16.44 -26.0707 3
      vertex 16.3317 -26.0455 3
    endloop
  endfacet
  facet normal -0.226633 -0.97398 -0
    outer loop
      vertex 16.44 -26.0707 3
      vertex 16.3317 -26.0455 0
      vertex 16.44 -26.0707 0
    endloop
  endfacet
  facet normal -0.772915 -0.634509 0
    outer loop
      vertex 17.3487 -26.6779 0
      vertex 17.2781 -26.5919 3
      vertex 17.2781 -26.5919 0
    endloop
  endfacet
  facet normal -0.772915 -0.634509 0
    outer loop
      vertex 17.2781 -26.5919 3
      vertex 17.3487 -26.6779 0
      vertex 17.3487 -26.6779 3
    endloop
  endfacet
  facet normal 0.528302 0.849057 -0
    outer loop
      vertex 15.15 -29.1851 0
      vertex 15.0555 -29.1263 3
      vertex 15.15 -29.1851 3
    endloop
  endfacet
  facet normal 0.528302 0.849057 0
    outer loop
      vertex 15.0555 -29.1263 3
      vertex 15.15 -29.1851 0
      vertex 15.0555 -29.1263 0
    endloop
  endfacet
  facet normal 0.974026 -0.226434 0
    outer loop
      vertex 14.3327 -27.3812 3
      vertex 14.3579 -27.2728 0
      vertex 14.3579 -27.2728 3
    endloop
  endfacet
  facet normal 0.974026 -0.226434 0
    outer loop
      vertex 14.3579 -27.2728 0
      vertex 14.3327 -27.3812 3
      vertex 14.3327 -27.3812 0
    endloop
  endfacet
  facet normal -0.634509 0.772915 0
    outer loop
      vertex 17.1209 -28.9909 0
      vertex 17.0349 -29.0615 3
      vertex 17.1209 -28.9909 3
    endloop
  endfacet
  facet normal -0.634509 0.772915 0
    outer loop
      vertex 17.0349 -29.0615 3
      vertex 17.1209 -28.9909 0
      vertex 17.0349 -29.0615 0
    endloop
  endfacet
  facet normal -0.730098 0.683343 0
    outer loop
      vertex 17.2021 -28.9149 0
      vertex 17.2781 -28.8337 3
      vertex 17.2781 -28.8337 0
    endloop
  endfacet
  facet normal -0.730098 0.683343 0
    outer loop
      vertex 17.2781 -28.8337 3
      vertex 17.2021 -28.9149 0
      vertex 17.2021 -28.9149 3
    endloop
  endfacet
  facet normal -0.97398 0.226633 0
    outer loop
      vertex 17.6421 -28.1528 0
      vertex 17.6673 -28.0445 3
      vertex 17.6673 -28.0445 0
    endloop
  endfacet
  facet normal -0.97398 0.226633 0
    outer loop
      vertex 17.6673 -28.0445 3
      vertex 17.6421 -28.1528 0
      vertex 17.6421 -28.1528 3
    endloop
  endfacet
  facet normal -0.974026 -0.226434 0
    outer loop
      vertex 17.6673 -27.3812 0
      vertex 17.6421 -27.2728 3
      vertex 17.6421 -27.2728 0
    endloop
  endfacet
  facet normal -0.974026 -0.226434 0
    outer loop
      vertex 17.6421 -27.2728 3
      vertex 17.6673 -27.3812 0
      vertex 17.6673 -27.3812 3
    endloop
  endfacet
  facet normal -0.935848 -0.352404 0
    outer loop
      vertex 17.6098 -27.1664 0
      vertex 17.5706 -27.0623 3
      vertex 17.5706 -27.0623 0
    endloop
  endfacet
  facet normal -0.935848 -0.352404 0
    outer loop
      vertex 17.5706 -27.0623 3
      vertex 17.6098 -27.1664 0
      vertex 17.6098 -27.1664 3
    endloop
  endfacet
  facet normal -0.999476 -0.0323571 0
    outer loop
      vertex 17.7 -27.7128 0
      vertex 17.6964 -27.6016 3
      vertex 17.6964 -27.6016 0
    endloop
  endfacet
  facet normal -0.999476 -0.0323571 0
    outer loop
      vertex 17.6964 -27.6016 3
      vertex 17.7 -27.7128 0
      vertex 17.7 -27.7128 3
    endloop
  endfacet
  facet normal -0.995187 0.0979904 0
    outer loop
      vertex 17.6855 -27.9347 0
      vertex 17.6964 -27.824 3
      vertex 17.6964 -27.824 0
    endloop
  endfacet
  facet normal -0.995187 0.0979904 0
    outer loop
      vertex 17.6964 -27.824 3
      vertex 17.6855 -27.9347 0
      vertex 17.6855 -27.9347 3
    endloop
  endfacet
  facet normal 0.471847 -0.88168 0
    outer loop
      vertex 15.15 -26.2406 0
      vertex 15.2481 -26.1881 3
      vertex 15.15 -26.2406 3
    endloop
  endfacet
  facet normal 0.471847 -0.88168 0
    outer loop
      vertex 15.2481 -26.1881 3
      vertex 15.15 -26.2406 0
      vertex 15.2481 -26.1881 0
    endloop
  endfacet
  facet normal 0.290482 -0.956881 0
    outer loop
      vertex 15.4536 -26.103 0
      vertex 15.56 -26.0707 3
      vertex 15.4536 -26.103 3
    endloop
  endfacet
  facet normal 0.290482 -0.956881 0
    outer loop
      vertex 15.56 -26.0707 3
      vertex 15.4536 -26.103 0
      vertex 15.56 -26.0707 0
    endloop
  endfacet
  facet normal -0.0979904 -0.995187 0
    outer loop
      vertex 16.1112 -26.0165 0
      vertex 16.2219 -26.0274 3
      vertex 16.1112 -26.0165 3
    endloop
  endfacet
  facet normal -0.0979904 -0.995187 -0
    outer loop
      vertex 16.2219 -26.0274 3
      vertex 16.1112 -26.0165 0
      vertex 16.2219 -26.0274 0
    endloop
  endfacet
  facet normal -0.81276 -0.582598 0
    outer loop
      vertex 17.4135 -26.7683 0
      vertex 17.3487 -26.6779 3
      vertex 17.3487 -26.6779 0
    endloop
  endfacet
  facet normal -0.81276 -0.582598 0
    outer loop
      vertex 17.3487 -26.6779 3
      vertex 17.4135 -26.7683 0
      vertex 17.4135 -26.7683 3
    endloop
  endfacet
  facet normal -0.471847 -0.88168 0
    outer loop
      vertex 16.7519 -26.1881 0
      vertex 16.85 -26.2406 3
      vertex 16.7519 -26.1881 3
    endloop
  endfacet
  facet normal -0.471847 -0.88168 -0
    outer loop
      vertex 16.85 -26.2406 3
      vertex 16.7519 -26.1881 0
      vertex 16.85 -26.2406 0
    endloop
  endfacet
  facet normal -0.527654 -0.84946 0
    outer loop
      vertex 16.85 -26.2406 0
      vertex 16.9445 -26.2993 3
      vertex 16.85 -26.2406 3
    endloop
  endfacet
  facet normal -0.527654 -0.84946 -0
    outer loop
      vertex 16.9445 -26.2993 3
      vertex 16.85 -26.2406 0
      vertex 16.9445 -26.2993 0
    endloop
  endfacet
  facet normal -0.290482 -0.956881 0
    outer loop
      vertex 16.44 -26.0707 0
      vertex 16.5464 -26.103 3
      vertex 16.44 -26.0707 3
    endloop
  endfacet
  facet normal -0.290482 -0.956881 -0
    outer loop
      vertex 16.5464 -26.103 3
      vertex 16.44 -26.0707 0
      vertex 16.5464 -26.103 0
    endloop
  endfacet
  facet normal -0.412719 0.910859 0
    outer loop
      vertex 16.7519 -29.2375 0
      vertex 16.6506 -29.2834 3
      vertex 16.7519 -29.2375 3
    endloop
  endfacet
  facet normal -0.412719 0.910859 0
    outer loop
      vertex 16.6506 -29.2834 3
      vertex 16.7519 -29.2375 0
      vertex 16.6506 -29.2834 0
    endloop
  endfacet
  facet normal -0.582598 0.81276 0
    outer loop
      vertex 17.0349 -29.0615 0
      vertex 16.9445 -29.1263 3
      vertex 17.0349 -29.0615 3
    endloop
  endfacet
  facet normal -0.582598 0.81276 0
    outer loop
      vertex 16.9445 -29.1263 3
      vertex 17.0349 -29.0615 0
      vertex 16.9445 -29.1263 0
    endloop
  endfacet
  facet normal -0.772915 0.634509 0
    outer loop
      vertex 17.2781 -28.8337 0
      vertex 17.3487 -28.7477 3
      vertex 17.3487 -28.7477 0
    endloop
  endfacet
  facet normal -0.772915 0.634509 0
    outer loop
      vertex 17.3487 -28.7477 3
      vertex 17.2781 -28.8337 0
      vertex 17.2781 -28.8337 3
    endloop
  endfacet
  facet normal -0.683343 0.730098 0
    outer loop
      vertex 17.2021 -28.9149 0
      vertex 17.1209 -28.9909 3
      vertex 17.2021 -28.9149 3
    endloop
  endfacet
  facet normal -0.683343 0.730098 0
    outer loop
      vertex 17.1209 -28.9909 3
      vertex 17.2021 -28.9149 0
      vertex 17.1209 -28.9909 0
    endloop
  endfacet
  facet normal -0.910859 0.412719 0
    outer loop
      vertex 17.5247 -28.4647 0
      vertex 17.5706 -28.3634 3
      vertex 17.5706 -28.3634 0
    endloop
  endfacet
  facet normal -0.910859 0.412719 0
    outer loop
      vertex 17.5706 -28.3634 3
      vertex 17.5247 -28.4647 0
      vertex 17.5247 -28.4647 3
    endloop
  endfacet
  facet normal -0.935848 0.352404 0
    outer loop
      vertex 17.5706 -28.3634 0
      vertex 17.6098 -28.2593 3
      vertex 17.6098 -28.2593 0
    endloop
  endfacet
  facet normal -0.935848 0.352404 0
    outer loop
      vertex 17.6098 -28.2593 3
      vertex 17.5706 -28.3634 0
      vertex 17.5706 -28.3634 3
    endloop
  endfacet
  facet normal -0.84946 -0.527654 0
    outer loop
      vertex 17.4722 -26.8628 0
      vertex 17.4135 -26.7683 3
      vertex 17.4135 -26.7683 0
    endloop
  endfacet
  facet normal -0.84946 -0.527654 0
    outer loop
      vertex 17.4135 -26.7683 3
      vertex 17.4722 -26.8628 0
      vertex 17.4722 -26.8628 3
    endloop
  endfacet
  facet normal -0.956881 -0.290482 0
    outer loop
      vertex 17.6421 -27.2728 0
      vertex 17.6098 -27.1664 3
      vertex 17.6098 -27.1664 0
    endloop
  endfacet
  facet normal -0.956881 -0.290482 0
    outer loop
      vertex 17.6098 -27.1664 3
      vertex 17.6421 -27.2728 0
      vertex 17.6421 -27.2728 3
    endloop
  endfacet
  facet normal -0.995187 -0.0979904 0
    outer loop
      vertex 17.6964 -27.6016 0
      vertex 17.6855 -27.4909 3
      vertex 17.6855 -27.4909 0
    endloop
  endfacet
  facet normal -0.995187 -0.0979904 0
    outer loop
      vertex 17.6855 -27.4909 3
      vertex 17.6964 -27.6016 0
      vertex 17.6964 -27.6016 3
    endloop
  endfacet
  facet normal -0.986539 0.163525 0
    outer loop
      vertex 17.6673 -28.0445 0
      vertex 17.6855 -27.9347 3
      vertex 17.6855 -27.9347 0
    endloop
  endfacet
  facet normal -0.986539 0.163525 0
    outer loop
      vertex 17.6855 -27.9347 3
      vertex 17.6673 -28.0445 0
      vertex 17.6673 -28.0445 3
    endloop
  endfacet
  facet normal 0.226633 -0.97398 0
    outer loop
      vertex 15.56 -26.0707 0
      vertex 15.6683 -26.0455 3
      vertex 15.56 -26.0707 3
    endloop
  endfacet
  facet normal 0.226633 -0.97398 0
    outer loop
      vertex 15.6683 -26.0455 3
      vertex 15.56 -26.0707 0
      vertex 15.6683 -26.0455 0
    endloop
  endfacet
  facet normal 0.16265 -0.986684 0
    outer loop
      vertex 15.6683 -26.0455 0
      vertex 15.7781 -26.0274 3
      vertex 15.6683 -26.0455 3
    endloop
  endfacet
  facet normal 0.16265 -0.986684 0
    outer loop
      vertex 15.7781 -26.0274 3
      vertex 15.6683 -26.0455 0
      vertex 15.7781 -26.0274 0
    endloop
  endfacet
  facet normal 0.352108 -0.93596 0
    outer loop
      vertex 15.3494 -26.1422 0
      vertex 15.4536 -26.103 3
      vertex 15.3494 -26.1422 3
    endloop
  endfacet
  facet normal 0.352108 -0.93596 0
    outer loop
      vertex 15.4536 -26.103 3
      vertex 15.3494 -26.1422 0
      vertex 15.4536 -26.103 0
    endloop
  endfacet
  facet normal 0.412719 -0.910859 0
    outer loop
      vertex 15.2481 -26.1881 0
      vertex 15.3494 -26.1422 3
      vertex 15.2481 -26.1881 3
    endloop
  endfacet
  facet normal 0.412719 -0.910859 0
    outer loop
      vertex 15.3494 -26.1422 3
      vertex 15.2481 -26.1881 0
      vertex 15.3494 -26.1422 0
    endloop
  endfacet
  facet normal 0.033255 -0.999447 0
    outer loop
      vertex 15.8888 -26.0165 0
      vertex 16 -26.0128 3
      vertex 15.8888 -26.0165 3
    endloop
  endfacet
  facet normal 0.033255 -0.999447 0
    outer loop
      vertex 16 -26.0128 3
      vertex 15.8888 -26.0165 0
      vertex 16 -26.0128 0
    endloop
  endfacet
  facet normal -0.16265 -0.986684 0
    outer loop
      vertex 16.2219 -26.0274 0
      vertex 16.3317 -26.0455 3
      vertex 16.2219 -26.0274 3
    endloop
  endfacet
  facet normal -0.16265 -0.986684 -0
    outer loop
      vertex 16.3317 -26.0455 3
      vertex 16.2219 -26.0274 0
      vertex 16.3317 -26.0455 0
    endloop
  endfacet
  facet normal -0.683343 -0.730098 0
    outer loop
      vertex 17.1209 -26.4347 0
      vertex 17.2021 -26.5107 3
      vertex 17.1209 -26.4347 3
    endloop
  endfacet
  facet normal -0.683343 -0.730098 -0
    outer loop
      vertex 17.2021 -26.5107 3
      vertex 17.1209 -26.4347 0
      vertex 17.2021 -26.5107 0
    endloop
  endfacet
  facet normal -0.582598 -0.81276 0
    outer loop
      vertex 16.9445 -26.2993 0
      vertex 17.0349 -26.3641 3
      vertex 16.9445 -26.2993 3
    endloop
  endfacet
  facet normal -0.582598 -0.81276 -0
    outer loop
      vertex 17.0349 -26.3641 3
      vertex 16.9445 -26.2993 0
      vertex 17.0349 -26.3641 0
    endloop
  endfacet
  facet normal -0.352108 -0.93596 0
    outer loop
      vertex 16.5464 -26.103 0
      vertex 16.6506 -26.1422 3
      vertex 16.5464 -26.103 3
    endloop
  endfacet
  facet normal -0.352108 -0.93596 -0
    outer loop
      vertex 16.6506 -26.1422 3
      vertex 16.5464 -26.103 0
      vertex 16.6506 -26.1422 0
    endloop
  endfacet
  facet normal -0.412719 -0.910859 0
    outer loop
      vertex 16.6506 -26.1422 0
      vertex 16.7519 -26.1881 3
      vertex 16.6506 -26.1422 3
    endloop
  endfacet
  facet normal -0.412719 -0.910859 -0
    outer loop
      vertex 16.7519 -26.1881 3
      vertex 16.6506 -26.1422 0
      vertex 16.7519 -26.1881 0
    endloop
  endfacet
  facet normal -0.528302 0.849057 0
    outer loop
      vertex 16.9445 -29.1263 0
      vertex 16.85 -29.1851 3
      vertex 16.9445 -29.1263 3
    endloop
  endfacet
  facet normal -0.528302 0.849057 0
    outer loop
      vertex 16.85 -29.1851 3
      vertex 16.9445 -29.1263 0
      vertex 16.85 -29.1851 0
    endloop
  endfacet
  facet normal -0.352108 0.93596 0
    outer loop
      vertex 16.6506 -29.2834 0
      vertex 16.5464 -29.3226 3
      vertex 16.6506 -29.2834 3
    endloop
  endfacet
  facet normal -0.352108 0.93596 0
    outer loop
      vertex 16.5464 -29.3226 3
      vertex 16.6506 -29.2834 0
      vertex 16.5464 -29.3226 0
    endloop
  endfacet
  facet normal -0.163525 0.986539 0
    outer loop
      vertex 16.3317 -29.3801 0
      vertex 16.2219 -29.3983 3
      vertex 16.3317 -29.3801 3
    endloop
  endfacet
  facet normal -0.163525 0.986539 0
    outer loop
      vertex 16.2219 -29.3983 3
      vertex 16.3317 -29.3801 0
      vertex 16.2219 -29.3983 0
    endloop
  endfacet
  facet normal 0.88168 0.471847 0
    outer loop
      vertex 14.5278 -28.5628 3
      vertex 14.4753 -28.4647 0
      vertex 14.4753 -28.4647 3
    endloop
  endfacet
  facet normal 0.88168 0.471847 0
    outer loop
      vertex 14.4753 -28.4647 0
      vertex 14.5278 -28.5628 3
      vertex 14.5278 -28.5628 0
    endloop
  endfacet
  facet normal 0.910859 0.412719 0
    outer loop
      vertex 14.4753 -28.4647 3
      vertex 14.4294 -28.3634 0
      vertex 14.4294 -28.3634 3
    endloop
  endfacet
  facet normal 0.910859 0.412719 0
    outer loop
      vertex 14.4294 -28.3634 0
      vertex 14.4753 -28.4647 3
      vertex 14.4753 -28.4647 0
    endloop
  endfacet
  facet normal 0.634509 -0.772915 0
    outer loop
      vertex 14.8791 -26.4347 0
      vertex 14.9651 -26.3641 3
      vertex 14.8791 -26.4347 3
    endloop
  endfacet
  facet normal 0.634509 -0.772915 0
    outer loop
      vertex 14.9651 -26.3641 3
      vertex 14.8791 -26.4347 0
      vertex 14.9651 -26.3641 0
    endloop
  endfacet
  facet normal 0.81276 -0.582598 0
    outer loop
      vertex 14.5865 -26.7683 3
      vertex 14.6513 -26.6779 0
      vertex 14.6513 -26.6779 3
    endloop
  endfacet
  facet normal 0.81276 -0.582598 0
    outer loop
      vertex 14.6513 -26.6779 0
      vertex 14.5865 -26.7683 3
      vertex 14.5865 -26.7683 0
    endloop
  endfacet
  facet normal 0.81276 0.582598 0
    outer loop
      vertex 14.6513 -28.7477 3
      vertex 14.5865 -28.6573 0
      vertex 14.5865 -28.6573 3
    endloop
  endfacet
  facet normal 0.81276 0.582598 0
    outer loop
      vertex 14.5865 -28.6573 0
      vertex 14.6513 -28.7477 3
      vertex 14.6513 -28.7477 0
    endloop
  endfacet
  facet normal 0.634509 0.772915 -0
    outer loop
      vertex 14.9651 -29.0615 0
      vertex 14.8791 -28.9909 3
      vertex 14.9651 -29.0615 3
    endloop
  endfacet
  facet normal 0.634509 0.772915 0
    outer loop
      vertex 14.8791 -28.9909 3
      vertex 14.9651 -29.0615 0
      vertex 14.8791 -28.9909 0
    endloop
  endfacet
  facet normal -0.81276 0.582598 0
    outer loop
      vertex 17.3487 -28.7477 0
      vertex 17.4135 -28.6573 3
      vertex 17.4135 -28.6573 0
    endloop
  endfacet
  facet normal -0.81276 0.582598 0
    outer loop
      vertex 17.4135 -28.6573 3
      vertex 17.3487 -28.7477 0
      vertex 17.3487 -28.7477 3
    endloop
  endfacet
  facet normal -0.88168 0.471847 0
    outer loop
      vertex 17.4722 -28.5628 0
      vertex 17.5247 -28.4647 3
      vertex 17.5247 -28.4647 0
    endloop
  endfacet
  facet normal -0.88168 0.471847 0
    outer loop
      vertex 17.5247 -28.4647 3
      vertex 17.4722 -28.5628 0
      vertex 17.4722 -28.5628 3
    endloop
  endfacet
  facet normal -0.956956 0.290232 0
    outer loop
      vertex 17.6098 -28.2593 0
      vertex 17.6421 -28.1528 3
      vertex 17.6421 -28.1528 0
    endloop
  endfacet
  facet normal -0.956956 0.290232 0
    outer loop
      vertex 17.6421 -28.1528 3
      vertex 17.6098 -28.2593 0
      vertex 17.6098 -28.2593 3
    endloop
  endfacet
  facet normal -0.88168 -0.471847 0
    outer loop
      vertex 17.5247 -26.9609 0
      vertex 17.4722 -26.8628 3
      vertex 17.4722 -26.8628 0
    endloop
  endfacet
  facet normal -0.88168 -0.471847 0
    outer loop
      vertex 17.4722 -26.8628 3
      vertex 17.5247 -26.9609 0
      vertex 17.5247 -26.9609 3
    endloop
  endfacet
  facet normal -0.033255 -0.999447 0
    outer loop
      vertex 16 -26.0128 0
      vertex 16.1112 -26.0165 3
      vertex 16 -26.0128 3
    endloop
  endfacet
  facet normal -0.033255 -0.999447 -0
    outer loop
      vertex 16.1112 -26.0165 3
      vertex 16 -26.0128 0
      vertex 16.1112 -26.0165 0
    endloop
  endfacet
  facet normal -0.730098 -0.683343 0
    outer loop
      vertex 17.2781 -26.5919 0
      vertex 17.2021 -26.5107 3
      vertex 17.2021 -26.5107 0
    endloop
  endfacet
  facet normal -0.730098 -0.683343 0
    outer loop
      vertex 17.2021 -26.5107 3
      vertex 17.2781 -26.5919 0
      vertex 17.2781 -26.5919 3
    endloop
  endfacet
  facet normal -0.290482 0.956881 0
    outer loop
      vertex 16.5464 -29.3226 0
      vertex 16.44 -29.3549 3
      vertex 16.5464 -29.3226 3
    endloop
  endfacet
  facet normal -0.290482 0.956881 0
    outer loop
      vertex 16.44 -29.3549 3
      vertex 16.5464 -29.3226 0
      vertex 16.44 -29.3549 0
    endloop
  endfacet
  facet normal -0.471148 0.882054 0
    outer loop
      vertex 16.85 -29.1851 0
      vertex 16.7519 -29.2375 3
      vertex 16.85 -29.1851 3
    endloop
  endfacet
  facet normal -0.471148 0.882054 0
    outer loop
      vertex 16.7519 -29.2375 3
      vertex 16.85 -29.1851 0
      vertex 16.7519 -29.2375 0
    endloop
  endfacet
  facet normal -0.0323571 0.999476 0
    outer loop
      vertex 16.1112 -29.4092 0
      vertex 16 -29.4128 3
      vertex 16.1112 -29.4092 3
    endloop
  endfacet
  facet normal -0.0323571 0.999476 0
    outer loop
      vertex 16 -29.4128 3
      vertex 16.1112 -29.4092 0
      vertex 16 -29.4128 0
    endloop
  endfacet
  facet normal -0.0979904 0.995187 0
    outer loop
      vertex 16.2219 -29.3983 0
      vertex 16.1112 -29.4092 3
      vertex 16.2219 -29.3983 3
    endloop
  endfacet
  facet normal -0.0979904 0.995187 0
    outer loop
      vertex 16.1112 -29.4092 3
      vertex 16.2219 -29.3983 0
      vertex 16.1112 -29.4092 0
    endloop
  endfacet
  facet normal 0.0323571 0.999476 -0
    outer loop
      vertex 16 -29.4128 0
      vertex 15.8888 -29.4092 3
      vertex 16 -29.4128 3
    endloop
  endfacet
  facet normal 0.0323571 0.999476 0
    outer loop
      vertex 15.8888 -29.4092 3
      vertex 16 -29.4128 0
      vertex 15.8888 -29.4092 0
    endloop
  endfacet
  facet normal 0.999476 -0.0323571 0
    outer loop
      vertex 14.3 -27.7128 3
      vertex 14.3036 -27.6016 0
      vertex 14.3036 -27.6016 3
    endloop
  endfacet
  facet normal 0.999476 -0.0323571 0
    outer loop
      vertex 14.3036 -27.6016 0
      vertex 14.3 -27.7128 3
      vertex 14.3 -27.7128 0
    endloop
  endfacet
  facet normal 0.999476 0.0323571 0
    outer loop
      vertex 14.3036 -27.824 3
      vertex 14.3 -27.7128 0
      vertex 14.3 -27.7128 3
    endloop
  endfacet
  facet normal 0.999476 0.0323571 0
    outer loop
      vertex 14.3 -27.7128 0
      vertex 14.3036 -27.824 3
      vertex 14.3036 -27.824 0
    endloop
  endfacet
  facet normal 0.97398 0.226633 0
    outer loop
      vertex 14.3579 -28.1528 3
      vertex 14.3327 -28.0445 0
      vertex 14.3327 -28.0445 3
    endloop
  endfacet
  facet normal 0.97398 0.226633 0
    outer loop
      vertex 14.3327 -28.0445 0
      vertex 14.3579 -28.1528 3
      vertex 14.3579 -28.1528 0
    endloop
  endfacet
  facet normal 0.935848 0.352404 0
    outer loop
      vertex 14.4294 -28.3634 3
      vertex 14.3902 -28.2593 0
      vertex 14.3902 -28.2593 3
    endloop
  endfacet
  facet normal 0.935848 0.352404 0
    outer loop
      vertex 14.3902 -28.2593 0
      vertex 14.4294 -28.3634 3
      vertex 14.4294 -28.3634 0
    endloop
  endfacet
  facet normal 0.527654 -0.84946 0
    outer loop
      vertex 15.0555 -26.2993 0
      vertex 15.15 -26.2406 3
      vertex 15.0555 -26.2993 3
    endloop
  endfacet
  facet normal 0.527654 -0.84946 0
    outer loop
      vertex 15.15 -26.2406 3
      vertex 15.0555 -26.2993 0
      vertex 15.15 -26.2406 0
    endloop
  endfacet
  facet normal 0.772915 -0.634509 0
    outer loop
      vertex 14.6513 -26.6779 3
      vertex 14.7219 -26.5919 0
      vertex 14.7219 -26.5919 3
    endloop
  endfacet
  facet normal 0.772915 -0.634509 0
    outer loop
      vertex 14.7219 -26.5919 0
      vertex 14.6513 -26.6779 3
      vertex 14.6513 -26.6779 0
    endloop
  endfacet
  facet normal 0.88168 -0.471847 0
    outer loop
      vertex 14.4753 -26.9609 3
      vertex 14.5278 -26.8628 0
      vertex 14.5278 -26.8628 3
    endloop
  endfacet
  facet normal 0.88168 -0.471847 0
    outer loop
      vertex 14.5278 -26.8628 0
      vertex 14.4753 -26.9609 3
      vertex 14.4753 -26.9609 0
    endloop
  endfacet
  facet normal 0.911012 -0.412381 0
    outer loop
      vertex 14.4294 -27.0623 3
      vertex 14.4753 -26.9609 0
      vertex 14.4753 -26.9609 3
    endloop
  endfacet
  facet normal 0.911012 -0.412381 0
    outer loop
      vertex 14.4753 -26.9609 0
      vertex 14.4294 -27.0623 3
      vertex 14.4294 -27.0623 0
    endloop
  endfacet
  facet normal 0.956881 -0.290482 0
    outer loop
      vertex 14.3579 -27.2728 3
      vertex 14.3902 -27.1664 0
      vertex 14.3902 -27.1664 3
    endloop
  endfacet
  facet normal 0.956881 -0.290482 0
    outer loop
      vertex 14.3902 -27.1664 0
      vertex 14.3579 -27.2728 3
      vertex 14.3579 -27.2728 0
    endloop
  endfacet
  facet normal 0.772915 0.634509 0
    outer loop
      vertex 14.7219 -28.8337 3
      vertex 14.6513 -28.7477 0
      vertex 14.6513 -28.7477 3
    endloop
  endfacet
  facet normal 0.772915 0.634509 0
    outer loop
      vertex 14.6513 -28.7477 0
      vertex 14.7219 -28.8337 3
      vertex 14.7219 -28.8337 0
    endloop
  endfacet
  facet normal 0.582598 0.81276 -0
    outer loop
      vertex 15.0555 -29.1263 0
      vertex 14.9651 -29.0615 3
      vertex 15.0555 -29.1263 3
    endloop
  endfacet
  facet normal 0.582598 0.81276 0
    outer loop
      vertex 14.9651 -29.0615 3
      vertex 15.0555 -29.1263 0
      vertex 14.9651 -29.0615 0
    endloop
  endfacet
  facet normal -0.226633 0.97398 0
    outer loop
      vertex 16.44 -29.3549 0
      vertex 16.3317 -29.3801 3
      vertex 16.44 -29.3549 3
    endloop
  endfacet
  facet normal -0.226633 0.97398 0
    outer loop
      vertex 16.3317 -29.3801 3
      vertex 16.44 -29.3549 0
      vertex 16.3317 -29.3801 0
    endloop
  endfacet
  facet normal 0.471148 0.882054 -0
    outer loop
      vertex 15.2481 -29.2375 0
      vertex 15.15 -29.1851 3
      vertex 15.2481 -29.2375 3
    endloop
  endfacet
  facet normal 0.471148 0.882054 0
    outer loop
      vertex 15.15 -29.1851 3
      vertex 15.2481 -29.2375 0
      vertex 15.15 -29.1851 0
    endloop
  endfacet
  facet normal 0.290482 0.956881 -0
    outer loop
      vertex 15.56 -29.3549 0
      vertex 15.4536 -29.3226 3
      vertex 15.56 -29.3549 3
    endloop
  endfacet
  facet normal 0.290482 0.956881 0
    outer loop
      vertex 15.4536 -29.3226 3
      vertex 15.56 -29.3549 0
      vertex 15.4536 -29.3226 0
    endloop
  endfacet
  facet normal 0.352108 0.93596 -0
    outer loop
      vertex 15.4536 -29.3226 0
      vertex 15.3494 -29.2834 3
      vertex 15.4536 -29.3226 3
    endloop
  endfacet
  facet normal 0.352108 0.93596 0
    outer loop
      vertex 15.3494 -29.2834 3
      vertex 15.4536 -29.3226 0
      vertex 15.3494 -29.2834 0
    endloop
  endfacet
  facet normal 0.163525 0.986539 -0
    outer loop
      vertex 15.7781 -29.3983 0
      vertex 15.6683 -29.3801 3
      vertex 15.7781 -29.3983 3
    endloop
  endfacet
  facet normal 0.163525 0.986539 0
    outer loop
      vertex 15.6683 -29.3801 3
      vertex 15.7781 -29.3983 0
      vertex 15.6683 -29.3801 0
    endloop
  endfacet
  facet normal 0.0979904 0.995187 -0
    outer loop
      vertex 15.8888 -29.4092 0
      vertex 15.7781 -29.3983 3
      vertex 15.8888 -29.4092 3
    endloop
  endfacet
  facet normal 0.0979904 0.995187 0
    outer loop
      vertex 15.7781 -29.3983 3
      vertex 15.8888 -29.4092 0
      vertex 15.7781 -29.3983 0
    endloop
  endfacet
  facet normal 0.986515 -0.16367 0
    outer loop
      vertex 14.3145 -27.4909 3
      vertex 14.3327 -27.3812 0
      vertex 14.3327 -27.3812 3
    endloop
  endfacet
  facet normal 0.986515 -0.16367 0
    outer loop
      vertex 14.3327 -27.3812 0
      vertex 14.3145 -27.4909 3
      vertex 14.3145 -27.4909 0
    endloop
  endfacet
  facet normal 0.84946 0.527654 0
    outer loop
      vertex 14.5865 -28.6573 3
      vertex 14.5278 -28.5628 0
      vertex 14.5278 -28.5628 3
    endloop
  endfacet
  facet normal 0.84946 0.527654 0
    outer loop
      vertex 14.5278 -28.5628 0
      vertex 14.5865 -28.6573 3
      vertex 14.5865 -28.6573 0
    endloop
  endfacet
  facet normal 0.995187 -0.0979904 0
    outer loop
      vertex 14.3036 -27.6016 3
      vertex 14.3145 -27.4909 0
      vertex 14.3145 -27.4909 3
    endloop
  endfacet
  facet normal 0.995187 -0.0979904 0
    outer loop
      vertex 14.3145 -27.4909 0
      vertex 14.3036 -27.6016 3
      vertex 14.3036 -27.6016 0
    endloop
  endfacet
  facet normal 0.995187 0.0979904 0
    outer loop
      vertex 14.3145 -27.9347 3
      vertex 14.3036 -27.824 0
      vertex 14.3036 -27.824 3
    endloop
  endfacet
  facet normal 0.995187 0.0979904 0
    outer loop
      vertex 14.3036 -27.824 0
      vertex 14.3145 -27.9347 3
      vertex 14.3145 -27.9347 0
    endloop
  endfacet
  facet normal 0.956956 0.290232 0
    outer loop
      vertex 14.3902 -28.2593 3
      vertex 14.3579 -28.1528 0
      vertex 14.3579 -28.1528 3
    endloop
  endfacet
  facet normal 0.956956 0.290232 0
    outer loop
      vertex 14.3579 -28.1528 0
      vertex 14.3902 -28.2593 3
      vertex 14.3902 -28.2593 0
    endloop
  endfacet
  facet normal 0.582598 -0.81276 0
    outer loop
      vertex 14.9651 -26.3641 0
      vertex 15.0555 -26.2993 3
      vertex 14.9651 -26.3641 3
    endloop
  endfacet
  facet normal 0.582598 -0.81276 0
    outer loop
      vertex 15.0555 -26.2993 3
      vertex 14.9651 -26.3641 0
      vertex 15.0555 -26.2993 0
    endloop
  endfacet
  facet normal 0.730098 -0.683343 0
    outer loop
      vertex 14.7219 -26.5919 3
      vertex 14.7979 -26.5107 0
      vertex 14.7979 -26.5107 3
    endloop
  endfacet
  facet normal 0.730098 -0.683343 0
    outer loop
      vertex 14.7979 -26.5107 0
      vertex 14.7219 -26.5919 3
      vertex 14.7219 -26.5919 0
    endloop
  endfacet
  facet normal 0.683343 -0.730098 0
    outer loop
      vertex 14.7979 -26.5107 0
      vertex 14.8791 -26.4347 3
      vertex 14.7979 -26.5107 3
    endloop
  endfacet
  facet normal 0.683343 -0.730098 0
    outer loop
      vertex 14.8791 -26.4347 3
      vertex 14.7979 -26.5107 0
      vertex 14.8791 -26.4347 0
    endloop
  endfacet
  facet normal 0.84946 -0.527654 0
    outer loop
      vertex 14.5278 -26.8628 3
      vertex 14.5865 -26.7683 0
      vertex 14.5865 -26.7683 3
    endloop
  endfacet
  facet normal 0.84946 -0.527654 0
    outer loop
      vertex 14.5865 -26.7683 0
      vertex 14.5278 -26.8628 3
      vertex 14.5278 -26.8628 0
    endloop
  endfacet
  facet normal 0.935848 -0.352404 0
    outer loop
      vertex 14.3902 -27.1664 3
      vertex 14.4294 -27.0623 0
      vertex 14.4294 -27.0623 3
    endloop
  endfacet
  facet normal 0.935848 -0.352404 0
    outer loop
      vertex 14.4294 -27.0623 0
      vertex 14.3902 -27.1664 3
      vertex 14.3902 -27.1664 0
    endloop
  endfacet
  facet normal 0.683343 0.730098 -0
    outer loop
      vertex 14.8791 -28.9909 0
      vertex 14.7979 -28.9149 3
      vertex 14.8791 -28.9909 3
    endloop
  endfacet
  facet normal 0.683343 0.730098 0
    outer loop
      vertex 14.7979 -28.9149 3
      vertex 14.8791 -28.9909 0
      vertex 14.7979 -28.9149 0
    endloop
  endfacet
  facet normal 0.730098 0.683343 0
    outer loop
      vertex 14.7979 -28.9149 3
      vertex 14.7219 -28.8337 0
      vertex 14.7219 -28.8337 3
    endloop
  endfacet
  facet normal 0.730098 0.683343 0
    outer loop
      vertex 14.7219 -28.8337 0
      vertex 14.7979 -28.9149 3
      vertex 14.7979 -28.9149 0
    endloop
  endfacet
  facet normal 0.412719 0.910859 -0
    outer loop
      vertex 15.3494 -29.2834 0
      vertex 15.2481 -29.2375 3
      vertex 15.3494 -29.2834 3
    endloop
  endfacet
  facet normal 0.412719 0.910859 0
    outer loop
      vertex 15.2481 -29.2375 3
      vertex 15.3494 -29.2834 0
      vertex 15.2481 -29.2375 0
    endloop
  endfacet
  facet normal 0.226633 0.97398 -0
    outer loop
      vertex 15.6683 -29.3801 0
      vertex 15.56 -29.3549 3
      vertex 15.6683 -29.3801 3
    endloop
  endfacet
  facet normal 0.226633 0.97398 0
    outer loop
      vertex 15.56 -29.3549 3
      vertex 15.6683 -29.3801 0
      vertex 15.56 -29.3549 0
    endloop
  endfacet
  facet normal 0.986539 0.163525 0
    outer loop
      vertex 14.3327 -28.0445 3
      vertex 14.3145 -27.9347 0
      vertex 14.3145 -27.9347 3
    endloop
  endfacet
  facet normal 0.986539 0.163525 0
    outer loop
      vertex 14.3145 -27.9347 0
      vertex 14.3327 -28.0445 3
      vertex 14.3327 -28.0445 0
    endloop
  endfacet
  facet normal -0.58247 -0.812852 0
    outer loop
      vertex 12.4448 18.6249 0
      vertex 13.6363 17.7711 3
      vertex 12.4448 18.6249 3
    endloop
  endfacet
  facet normal -0.58247 -0.812852 -0
    outer loop
      vertex 13.6363 17.7711 3
      vertex 12.4448 18.6249 0
      vertex 13.6363 17.7711 0
    endloop
  endfacet
  facet normal 0.352229 -0.935914 0
    outer loop
      vertex -8.57211 20.6949 0
      vertex -7.20024 21.2112 3
      vertex -8.57211 20.6949 3
    endloop
  endfacet
  facet normal 0.352229 -0.935914 0
    outer loop
      vertex -7.20024 21.2112 3
      vertex -8.57211 20.6949 0
      vertex -7.20024 21.2112 0
    endloop
  endfacet
  facet normal 0.910852 -0.412734 0
    outer loop
      vertex -20.6949 8.57211 3
      vertex -20.0899 9.90727 0
      vertex -20.0899 9.90727 3
    endloop
  endfacet
  facet normal 0.910852 -0.412734 0
    outer loop
      vertex -20.0899 9.90727 0
      vertex -20.6949 8.57211 3
      vertex -20.6949 8.57211 0
    endloop
  endfacet
  facet normal -0.999464 0.0327463 0
    outer loop
      vertex 22.352 -1.46503 0
      vertex 22.4 0 3
      vertex 22.4 0 0
    endloop
  endfacet
  facet normal -0.999464 0.0327463 0
    outer loop
      vertex 22.4 0 3
      vertex 22.352 -1.46503 0
      vertex 22.352 -1.46503 3
    endloop
  endfacet
  facet normal -0.910852 -0.412734 0
    outer loop
      vertex 20.6949 8.57211 0
      vertex 20.0899 9.90727 3
      vertex 20.0899 9.90727 0
    endloop
  endfacet
  facet normal -0.910852 -0.412734 0
    outer loop
      vertex 20.0899 9.90727 3
      vertex 20.6949 8.57211 0
      vertex 20.6949 8.57211 3
    endloop
  endfacet
  facet normal -0.881944 -0.471355 0
    outer loop
      vertex 20.0899 9.90727 0
      vertex 19.399 11.2 3
      vertex 19.399 11.2 0
    endloop
  endfacet
  facet normal -0.881944 -0.471355 0
    outer loop
      vertex 19.399 11.2 3
      vertex 20.0899 9.90727 0
      vertex 20.0899 9.90727 3
    endloop
  endfacet
  facet normal -0.412734 -0.910852 0
    outer loop
      vertex 8.57211 20.6949 0
      vertex 9.90727 20.0899 3
      vertex 8.57211 20.6949 3
    endloop
  endfacet
  facet normal -0.412734 -0.910852 -0
    outer loop
      vertex 9.90727 20.0899 3
      vertex 8.57211 20.6949 0
      vertex 9.90727 20.0899 0
    endloop
  endfacet
  facet normal -0.162913 -0.98664 0
    outer loop
      vertex 2.92379 22.2084 0
      vertex 4.37002 21.9696 3
      vertex 2.92379 22.2084 3
    endloop
  endfacet
  facet normal -0.162913 -0.98664 -0
    outer loop
      vertex 4.37002 21.9696 3
      vertex 2.92379 22.2084 0
      vertex 4.37002 21.9696 0
    endloop
  endfacet
  facet normal 0.98664 -0.162913 0
    outer loop
      vertex -22.2084 2.92379 3
      vertex -21.9696 4.37002 0
      vertex -21.9696 4.37002 3
    endloop
  endfacet
  facet normal 0.98664 -0.162913 0
    outer loop
      vertex -21.9696 4.37002 0
      vertex -22.2084 2.92379 3
      vertex -22.2084 2.92379 0
    endloop
  endfacet
  facet normal 0.729888 -0.683567 0
    outer loop
      vertex -16.8412 14.7693 3
      vertex -15.8392 15.8392 0
      vertex -15.8392 15.8392 3
    endloop
  endfacet
  facet normal 0.729888 -0.683567 0
    outer loop
      vertex -15.8392 15.8392 0
      vertex -16.8412 14.7693 3
      vertex -16.8412 14.7693 0
    endloop
  endfacet
  facet normal 0.162913 -0.98664 0
    outer loop
      vertex -4.37002 21.9696 0
      vertex -2.92379 22.2084 3
      vertex -4.37002 21.9696 3
    endloop
  endfacet
  facet normal 0.162913 -0.98664 0
    outer loop
      vertex -2.92379 22.2084 3
      vertex -4.37002 21.9696 0
      vertex -2.92379 22.2084 0
    endloop
  endfacet
  facet normal -0.352229 0.935914 0
    outer loop
      vertex 8.57211 -20.6949 0
      vertex 7.20024 -21.2112 3
      vertex 8.57211 -20.6949 3
    endloop
  endfacet
  facet normal -0.352229 0.935914 0
    outer loop
      vertex 7.20024 -21.2112 3
      vertex 8.57211 -20.6949 0
      vertex 7.20024 -21.2112 0
    endloop
  endfacet
  facet normal 0.162913 0.98664 -0
    outer loop
      vertex -2.92379 -22.2084 0
      vertex -4.37002 -21.9696 3
      vertex -2.92379 -22.2084 3
    endloop
  endfacet
  facet normal 0.162913 0.98664 0
    outer loop
      vertex -4.37002 -21.9696 3
      vertex -2.92379 -22.2084 0
      vertex -4.37002 -21.9696 0
    endloop
  endfacet
  facet normal 0.683567 0.729888 -0
    outer loop
      vertex -14.7693 -16.8412 0
      vertex -15.8392 -15.8392 3
      vertex -14.7693 -16.8412 3
    endloop
  endfacet
  facet normal 0.683567 0.729888 0
    outer loop
      vertex -15.8392 -15.8392 3
      vertex -14.7693 -16.8412 0
      vertex -15.8392 -15.8392 0
    endloop
  endfacet
  facet normal 0.98664 0.162913 0
    outer loop
      vertex -21.9696 -4.37002 3
      vertex -22.2084 -2.92379 0
      vertex -22.2084 -2.92379 3
    endloop
  endfacet
  facet normal 0.98664 0.162913 0
    outer loop
      vertex -22.2084 -2.92379 0
      vertex -21.9696 -4.37002 3
      vertex -21.9696 -4.37002 0
    endloop
  endfacet
  facet normal 0.812852 0.58247 0
    outer loop
      vertex -17.7711 -13.6363 3
      vertex -18.6249 -12.4448 0
      vertex -18.6249 -12.4448 3
    endloop
  endfacet
  facet normal 0.812852 0.58247 0
    outer loop
      vertex -18.6249 -12.4448 0
      vertex -17.7711 -13.6363 3
      vertex -17.7711 -13.6363 0
    endloop
  endfacet
  facet normal -0.98664 -0.162913 0
    outer loop
      vertex 22.2084 2.92379 0
      vertex 21.9696 4.37002 3
      vertex 21.9696 4.37002 0
    endloop
  endfacet
  facet normal -0.98664 -0.162913 0
    outer loop
      vertex 21.9696 4.37002 3
      vertex 22.2084 2.92379 0
      vertex 22.2084 2.92379 3
    endloop
  endfacet
  facet normal -0.97387 -0.227106 0
    outer loop
      vertex 21.9696 4.37002 0
      vertex 21.6367 5.79755 3
      vertex 21.6367 5.79755 0
    endloop
  endfacet
  facet normal -0.97387 -0.227106 0
    outer loop
      vertex 21.6367 5.79755 3
      vertex 21.9696 4.37002 0
      vertex 21.9696 4.37002 3
    endloop
  endfacet
  facet normal -0.772987 -0.634422 0
    outer loop
      vertex 17.7711 13.6363 0
      vertex 16.8412 14.7693 3
      vertex 16.8412 14.7693 0
    endloop
  endfacet
  facet normal -0.772987 -0.634422 0
    outer loop
      vertex 16.8412 14.7693 3
      vertex 17.7711 13.6363 0
      vertex 17.7711 13.6363 3
    endloop
  endfacet
  facet normal -0.812852 -0.58247 0
    outer loop
      vertex 18.6249 12.4448 0
      vertex 17.7711 13.6363 3
      vertex 17.7711 13.6363 0
    endloop
  endfacet
  facet normal -0.812852 -0.58247 0
    outer loop
      vertex 17.7711 13.6363 3
      vertex 18.6249 12.4448 0
      vertex 18.6249 12.4448 3
    endloop
  endfacet
  facet normal -0.729888 -0.683567 0
    outer loop
      vertex 16.8412 14.7693 0
      vertex 15.8392 15.8392 3
      vertex 15.8392 15.8392 0
    endloop
  endfacet
  facet normal -0.729888 -0.683567 0
    outer loop
      vertex 15.8392 15.8392 3
      vertex 16.8412 14.7693 0
      vertex 16.8412 14.7693 3
    endloop
  endfacet
  facet normal -0.528084 -0.849192 0
    outer loop
      vertex 11.2 19.399 0
      vertex 12.4448 18.6249 3
      vertex 11.2 19.399 3
    endloop
  endfacet
  facet normal -0.528084 -0.849192 -0
    outer loop
      vertex 12.4448 18.6249 3
      vertex 11.2 19.399 0
      vertex 12.4448 18.6249 0
    endloop
  endfacet
  facet normal -0.471355 -0.881944 0
    outer loop
      vertex 9.90727 20.0899 0
      vertex 11.2 19.399 3
      vertex 9.90727 20.0899 3
    endloop
  endfacet
  facet normal -0.471355 -0.881944 -0
    outer loop
      vertex 11.2 19.399 3
      vertex 9.90727 20.0899 0
      vertex 11.2 19.399 0
    endloop
  endfacet
  facet normal -0.290284 -0.956941 0
    outer loop
      vertex 5.79755 21.6367 0
      vertex 7.20024 21.2112 3
      vertex 5.79755 21.6367 3
    endloop
  endfacet
  facet normal -0.290284 -0.956941 -0
    outer loop
      vertex 7.20024 21.2112 3
      vertex 5.79755 21.6367 0
      vertex 7.20024 21.2112 0
    endloop
  endfacet
  facet normal -0.227106 -0.97387 0
    outer loop
      vertex 4.37002 21.9696 0
      vertex 5.79755 21.6367 3
      vertex 4.37002 21.9696 3
    endloop
  endfacet
  facet normal -0.227106 -0.97387 -0
    outer loop
      vertex 5.79755 21.6367 3
      vertex 4.37002 21.9696 0
      vertex 5.79755 21.6367 0
    endloop
  endfacet
  facet normal 0.956941 -0.290284 0
    outer loop
      vertex -21.6367 5.79755 3
      vertex -21.2112 7.20024 0
      vertex -21.2112 7.20024 3
    endloop
  endfacet
  facet normal 0.956941 -0.290284 0
    outer loop
      vertex -21.2112 7.20024 0
      vertex -21.6367 5.79755 3
      vertex -21.6367 5.79755 0
    endloop
  endfacet
  facet normal 0.97387 -0.227106 0
    outer loop
      vertex -21.9696 4.37002 3
      vertex -21.6367 5.79755 0
      vertex -21.6367 5.79755 3
    endloop
  endfacet
  facet normal 0.97387 -0.227106 0
    outer loop
      vertex -21.6367 5.79755 0
      vertex -21.9696 4.37002 3
      vertex -21.9696 4.37002 0
    endloop
  endfacet
  facet normal 0.849192 -0.528084 0
    outer loop
      vertex -19.399 11.2 3
      vertex -18.6249 12.4448 0
      vertex -18.6249 12.4448 3
    endloop
  endfacet
  facet normal 0.849192 -0.528084 0
    outer loop
      vertex -18.6249 12.4448 0
      vertex -19.399 11.2 3
      vertex -19.399 11.2 0
    endloop
  endfacet
  facet normal 0.812852 -0.58247 0
    outer loop
      vertex -18.6249 12.4448 3
      vertex -17.7711 13.6363 0
      vertex -17.7711 13.6363 3
    endloop
  endfacet
  facet normal 0.812852 -0.58247 0
    outer loop
      vertex -17.7711 13.6363 0
      vertex -18.6249 12.4448 3
      vertex -18.6249 12.4448 0
    endloop
  endfacet
  facet normal 0.227106 -0.97387 0
    outer loop
      vertex -5.79755 21.6367 0
      vertex -4.37002 21.9696 3
      vertex -5.79755 21.6367 3
    endloop
  endfacet
  facet normal 0.227106 -0.97387 0
    outer loop
      vertex -4.37002 21.9696 3
      vertex -5.79755 21.6367 0
      vertex -4.37002 21.9696 0
    endloop
  endfacet
  facet normal 0.528084 -0.849192 0
    outer loop
      vertex -12.4448 18.6249 0
      vertex -11.2 19.399 3
      vertex -12.4448 18.6249 3
    endloop
  endfacet
  facet normal 0.528084 -0.849192 0
    outer loop
      vertex -11.2 19.399 3
      vertex -12.4448 18.6249 0
      vertex -11.2 19.399 0
    endloop
  endfacet
  facet normal 0.412734 -0.910852 0
    outer loop
      vertex -9.90727 20.0899 0
      vertex -8.57211 20.6949 3
      vertex -9.90727 20.0899 3
    endloop
  endfacet
  facet normal 0.412734 -0.910852 0
    outer loop
      vertex -8.57211 20.6949 3
      vertex -9.90727 20.0899 0
      vertex -8.57211 20.6949 0
    endloop
  endfacet
  facet normal 0.683567 -0.729888 0
    outer loop
      vertex -15.8392 15.8392 0
      vertex -14.7693 16.8412 3
      vertex -15.8392 15.8392 3
    endloop
  endfacet
  facet normal 0.683567 -0.729888 0
    outer loop
      vertex -14.7693 16.8412 3
      vertex -15.8392 15.8392 0
      vertex -14.7693 16.8412 0
    endloop
  endfacet
  facet normal -0.999464 -0.0327463 0
    outer loop
      vertex 22.4 0 0
      vertex 22.352 1.46503 3
      vertex 22.352 1.46503 0
    endloop
  endfacet
  facet normal -0.999464 -0.0327463 0
    outer loop
      vertex 22.352 1.46503 3
      vertex 22.4 0 0
      vertex 22.4 0 3
    endloop
  endfacet
  facet normal -0.162913 0.98664 0
    outer loop
      vertex 4.37002 -21.9696 0
      vertex 2.92379 -22.2084 3
      vertex 4.37002 -21.9696 3
    endloop
  endfacet
  facet normal -0.162913 0.98664 0
    outer loop
      vertex 2.92379 -22.2084 3
      vertex 4.37002 -21.9696 0
      vertex 2.92379 -22.2084 0
    endloop
  endfacet
  facet normal -0.881944 0.471355 0
    outer loop
      vertex 19.399 -11.2 0
      vertex 20.0899 -9.90727 3
      vertex 20.0899 -9.90727 0
    endloop
  endfacet
  facet normal -0.881944 0.471355 0
    outer loop
      vertex 20.0899 -9.90727 3
      vertex 19.399 -11.2 0
      vertex 19.399 -11.2 3
    endloop
  endfacet
  facet normal -0.910852 0.412734 0
    outer loop
      vertex 20.0899 -9.90727 0
      vertex 20.6949 -8.57211 3
      vertex 20.6949 -8.57211 0
    endloop
  endfacet
  facet normal -0.910852 0.412734 0
    outer loop
      vertex 20.6949 -8.57211 3
      vertex 20.0899 -9.90727 0
      vertex 20.0899 -9.90727 3
    endloop
  endfacet
  facet normal -0.227106 0.97387 0
    outer loop
      vertex 5.79755 -21.6367 0
      vertex 4.37002 -21.9696 3
      vertex 5.79755 -21.6367 3
    endloop
  endfacet
  facet normal -0.227106 0.97387 0
    outer loop
      vertex 4.37002 -21.9696 3
      vertex 5.79755 -21.6367 0
      vertex 4.37002 -21.9696 0
    endloop
  endfacet
  facet normal -0.634422 0.772987 0
    outer loop
      vertex 14.7693 -16.8412 0
      vertex 13.6363 -17.7711 3
      vertex 14.7693 -16.8412 3
    endloop
  endfacet
  facet normal -0.634422 0.772987 0
    outer loop
      vertex 13.6363 -17.7711 3
      vertex 14.7693 -16.8412 0
      vertex 13.6363 -17.7711 0
    endloop
  endfacet
  facet normal -0.729888 0.683567 0
    outer loop
      vertex 15.8392 -15.8392 0
      vertex 16.8412 -14.7693 3
      vertex 16.8412 -14.7693 0
    endloop
  endfacet
  facet normal -0.729888 0.683567 0
    outer loop
      vertex 16.8412 -14.7693 3
      vertex 15.8392 -15.8392 0
      vertex 15.8392 -15.8392 3
    endloop
  endfacet
  facet normal -0.412734 0.910852 0
    outer loop
      vertex 9.90727 -20.0899 0
      vertex 8.57211 -20.6949 3
      vertex 9.90727 -20.0899 3
    endloop
  endfacet
  facet normal -0.412734 0.910852 0
    outer loop
      vertex 8.57211 -20.6949 3
      vertex 9.90727 -20.0899 0
      vertex 8.57211 -20.6949 0
    endloop
  endfacet
  facet normal 0.0327463 0.999464 -0
    outer loop
      vertex 0 -22.4 0
      vertex -1.46503 -22.352 3
      vertex 0 -22.4 3
    endloop
  endfacet
  facet normal 0.0327463 0.999464 0
    outer loop
      vertex -1.46503 -22.352 3
      vertex 0 -22.4 0
      vertex -1.46503 -22.352 0
    endloop
  endfacet
  facet normal 0.528084 0.849192 -0
    outer loop
      vertex -11.2 -19.399 0
      vertex -12.4448 -18.6249 3
      vertex -11.2 -19.399 3
    endloop
  endfacet
  facet normal 0.528084 0.849192 0
    outer loop
      vertex -12.4448 -18.6249 3
      vertex -11.2 -19.399 0
      vertex -12.4448 -18.6249 0
    endloop
  endfacet
  facet normal 0.412734 0.910852 -0
    outer loop
      vertex -8.57211 -20.6949 0
      vertex -9.90727 -20.0899 3
      vertex -8.57211 -20.6949 3
    endloop
  endfacet
  facet normal 0.412734 0.910852 0
    outer loop
      vertex -9.90727 -20.0899 3
      vertex -8.57211 -20.6949 0
      vertex -9.90727 -20.0899 0
    endloop
  endfacet
  facet normal 0.58247 0.812852 -0
    outer loop
      vertex -12.4448 -18.6249 0
      vertex -13.6363 -17.7711 3
      vertex -12.4448 -18.6249 3
    endloop
  endfacet
  facet normal 0.58247 0.812852 0
    outer loop
      vertex -13.6363 -17.7711 3
      vertex -12.4448 -18.6249 0
      vertex -13.6363 -17.7711 0
    endloop
  endfacet
  facet normal 0.97387 0.227106 0
    outer loop
      vertex -21.6367 -5.79755 3
      vertex -21.9696 -4.37002 0
      vertex -21.9696 -4.37002 3
    endloop
  endfacet
  facet normal 0.97387 0.227106 0
    outer loop
      vertex -21.9696 -4.37002 0
      vertex -21.6367 -5.79755 3
      vertex -21.6367 -5.79755 0
    endloop
  endfacet
  facet normal 0.935914 0.352229 0
    outer loop
      vertex -20.6949 -8.57211 3
      vertex -21.2112 -7.20024 0
      vertex -21.2112 -7.20024 3
    endloop
  endfacet
  facet normal 0.935914 0.352229 0
    outer loop
      vertex -21.2112 -7.20024 0
      vertex -20.6949 -8.57211 3
      vertex -20.6949 -8.57211 0
    endloop
  endfacet
  facet normal -0.99519 -0.0979662 0
    outer loop
      vertex 22.352 1.46503 0
      vertex 22.2084 2.92379 3
      vertex 22.2084 2.92379 0
    endloop
  endfacet
  facet normal -0.99519 -0.0979662 0
    outer loop
      vertex 22.2084 2.92379 3
      vertex 22.352 1.46503 0
      vertex 22.352 1.46503 3
    endloop
  endfacet
  facet normal -0.956941 -0.290284 0
    outer loop
      vertex 21.6367 5.79755 0
      vertex 21.2112 7.20024 3
      vertex 21.2112 7.20024 0
    endloop
  endfacet
  facet normal -0.956941 -0.290284 0
    outer loop
      vertex 21.2112 7.20024 3
      vertex 21.6367 5.79755 0
      vertex 21.6367 5.79755 3
    endloop
  endfacet
  facet normal -0.935914 -0.352229 0
    outer loop
      vertex 21.2112 7.20024 0
      vertex 20.6949 8.57211 3
      vertex 20.6949 8.57211 0
    endloop
  endfacet
  facet normal -0.935914 -0.352229 0
    outer loop
      vertex 20.6949 8.57211 3
      vertex 21.2112 7.20024 0
      vertex 21.2112 7.20024 3
    endloop
  endfacet
  facet normal -0.849192 -0.528084 0
    outer loop
      vertex 19.399 11.2 0
      vertex 18.6249 12.4448 3
      vertex 18.6249 12.4448 0
    endloop
  endfacet
  facet normal -0.849192 -0.528084 0
    outer loop
      vertex 18.6249 12.4448 3
      vertex 19.399 11.2 0
      vertex 19.399 11.2 3
    endloop
  endfacet
  facet normal -0.683567 -0.729888 0
    outer loop
      vertex 14.7693 16.8412 0
      vertex 15.8392 15.8392 3
      vertex 14.7693 16.8412 3
    endloop
  endfacet
  facet normal -0.683567 -0.729888 -0
    outer loop
      vertex 15.8392 15.8392 3
      vertex 14.7693 16.8412 0
      vertex 15.8392 15.8392 0
    endloop
  endfacet
  facet normal -0.0327463 -0.999464 0
    outer loop
      vertex 0 22.4 0
      vertex 1.46503 22.352 3
      vertex 0 22.4 3
    endloop
  endfacet
  facet normal -0.0327463 -0.999464 -0
    outer loop
      vertex 1.46503 22.352 3
      vertex 0 22.4 0
      vertex 1.46503 22.352 0
    endloop
  endfacet
  facet normal -0.352229 -0.935914 0
    outer loop
      vertex 7.20024 21.2112 0
      vertex 8.57211 20.6949 3
      vertex 7.20024 21.2112 3
    endloop
  endfacet
  facet normal -0.352229 -0.935914 -0
    outer loop
      vertex 8.57211 20.6949 3
      vertex 7.20024 21.2112 0
      vertex 8.57211 20.6949 0
    endloop
  endfacet
  facet normal -0.0979662 -0.99519 0
    outer loop
      vertex 1.46503 22.352 0
      vertex 2.92379 22.2084 3
      vertex 1.46503 22.352 3
    endloop
  endfacet
  facet normal -0.0979662 -0.99519 -0
    outer loop
      vertex 2.92379 22.2084 3
      vertex 1.46503 22.352 0
      vertex 2.92379 22.2084 0
    endloop
  endfacet
  facet normal 0.999464 -0.0327463 0
    outer loop
      vertex -22.4 0 3
      vertex -22.352 1.46503 0
      vertex -22.352 1.46503 3
    endloop
  endfacet
  facet normal 0.999464 -0.0327463 0
    outer loop
      vertex -22.352 1.46503 0
      vertex -22.4 0 3
      vertex -22.4 0 0
    endloop
  endfacet
  facet normal 0.935914 -0.352229 0
    outer loop
      vertex -21.2112 7.20024 3
      vertex -20.6949 8.57211 0
      vertex -20.6949 8.57211 3
    endloop
  endfacet
  facet normal 0.935914 -0.352229 0
    outer loop
      vertex -20.6949 8.57211 0
      vertex -21.2112 7.20024 3
      vertex -21.2112 7.20024 0
    endloop
  endfacet
  facet normal 0.99519 -0.0979662 0
    outer loop
      vertex -22.352 1.46503 3
      vertex -22.2084 2.92379 0
      vertex -22.2084 2.92379 3
    endloop
  endfacet
  facet normal 0.99519 -0.0979662 0
    outer loop
      vertex -22.2084 2.92379 0
      vertex -22.352 1.46503 3
      vertex -22.352 1.46503 0
    endloop
  endfacet
  facet normal 0.881944 -0.471355 0
    outer loop
      vertex -20.0899 9.90727 3
      vertex -19.399 11.2 0
      vertex -19.399 11.2 3
    endloop
  endfacet
  facet normal 0.881944 -0.471355 0
    outer loop
      vertex -19.399 11.2 0
      vertex -20.0899 9.90727 3
      vertex -20.0899 9.90727 0
    endloop
  endfacet
  facet normal 0.772987 -0.634422 0
    outer loop
      vertex -17.7711 13.6363 3
      vertex -16.8412 14.7693 0
      vertex -16.8412 14.7693 3
    endloop
  endfacet
  facet normal 0.772987 -0.634422 0
    outer loop
      vertex -16.8412 14.7693 0
      vertex -17.7711 13.6363 3
      vertex -17.7711 13.6363 0
    endloop
  endfacet
  facet normal 0.290284 -0.956941 0
    outer loop
      vertex -7.20024 21.2112 0
      vertex -5.79755 21.6367 3
      vertex -7.20024 21.2112 3
    endloop
  endfacet
  facet normal 0.290284 -0.956941 0
    outer loop
      vertex -5.79755 21.6367 3
      vertex -7.20024 21.2112 0
      vertex -5.79755 21.6367 0
    endloop
  endfacet
  facet normal 0.0327463 -0.999464 0
    outer loop
      vertex -1.46503 22.352 0
      vertex 0 22.4 3
      vertex -1.46503 22.352 3
    endloop
  endfacet
  facet normal 0.0327463 -0.999464 0
    outer loop
      vertex 0 22.4 3
      vertex -1.46503 22.352 0
      vertex 0 22.4 0
    endloop
  endfacet
  facet normal 0.0979662 -0.99519 0
    outer loop
      vertex -2.92379 22.2084 0
      vertex -1.46503 22.352 3
      vertex -2.92379 22.2084 3
    endloop
  endfacet
  facet normal 0.0979662 -0.99519 0
    outer loop
      vertex -1.46503 22.352 3
      vertex -2.92379 22.2084 0
      vertex -1.46503 22.352 0
    endloop
  endfacet
  facet normal 0.471355 -0.881944 0
    outer loop
      vertex -11.2 19.399 0
      vertex -9.90727 20.0899 3
      vertex -11.2 19.399 3
    endloop
  endfacet
  facet normal 0.471355 -0.881944 0
    outer loop
      vertex -9.90727 20.0899 3
      vertex -11.2 19.399 0
      vertex -9.90727 20.0899 0
    endloop
  endfacet
  facet normal 0.58247 -0.812852 0
    outer loop
      vertex -13.6363 17.7711 0
      vertex -12.4448 18.6249 3
      vertex -13.6363 17.7711 3
    endloop
  endfacet
  facet normal 0.58247 -0.812852 0
    outer loop
      vertex -12.4448 18.6249 3
      vertex -13.6363 17.7711 0
      vertex -12.4448 18.6249 0
    endloop
  endfacet
  facet normal 0.634422 -0.772987 0
    outer loop
      vertex -14.7693 16.8412 0
      vertex -13.6363 17.7711 3
      vertex -14.7693 16.8412 3
    endloop
  endfacet
  facet normal 0.634422 -0.772987 0
    outer loop
      vertex -13.6363 17.7711 3
      vertex -14.7693 16.8412 0
      vertex -13.6363 17.7711 0
    endloop
  endfacet
  facet normal -0.0327463 0.999464 0
    outer loop
      vertex 1.46503 -22.352 0
      vertex 0 -22.4 3
      vertex 1.46503 -22.352 3
    endloop
  endfacet
  facet normal -0.0327463 0.999464 0
    outer loop
      vertex 0 -22.4 3
      vertex 1.46503 -22.352 0
      vertex 0 -22.4 0
    endloop
  endfacet
  facet normal -0.98664 0.162913 0
    outer loop
      vertex 21.9696 -4.37002 0
      vertex 22.2084 -2.92379 3
      vertex 22.2084 -2.92379 0
    endloop
  endfacet
  facet normal -0.98664 0.162913 0
    outer loop
      vertex 22.2084 -2.92379 3
      vertex 21.9696 -4.37002 0
      vertex 21.9696 -4.37002 3
    endloop
  endfacet
  facet normal -0.99519 0.0979662 0
    outer loop
      vertex 22.2084 -2.92379 0
      vertex 22.352 -1.46503 3
      vertex 22.352 -1.46503 0
    endloop
  endfacet
  facet normal -0.99519 0.0979662 0
    outer loop
      vertex 22.352 -1.46503 3
      vertex 22.2084 -2.92379 0
      vertex 22.2084 -2.92379 3
    endloop
  endfacet
  facet normal -0.97387 0.227106 0
    outer loop
      vertex 21.6367 -5.79755 0
      vertex 21.9696 -4.37002 3
      vertex 21.9696 -4.37002 0
    endloop
  endfacet
  facet normal -0.97387 0.227106 0
    outer loop
      vertex 21.9696 -4.37002 3
      vertex 21.6367 -5.79755 0
      vertex 21.6367 -5.79755 3
    endloop
  endfacet
  facet normal -0.849192 0.528084 0
    outer loop
      vertex 18.6249 -12.4448 0
      vertex 19.399 -11.2 3
      vertex 19.399 -11.2 0
    endloop
  endfacet
  facet normal -0.849192 0.528084 0
    outer loop
      vertex 19.399 -11.2 3
      vertex 18.6249 -12.4448 0
      vertex 18.6249 -12.4448 3
    endloop
  endfacet
  facet normal -0.0979662 0.99519 0
    outer loop
      vertex 2.92379 -22.2084 0
      vertex 1.46503 -22.352 3
      vertex 2.92379 -22.2084 3
    endloop
  endfacet
  facet normal -0.0979662 0.99519 0
    outer loop
      vertex 1.46503 -22.352 3
      vertex 2.92379 -22.2084 0
      vertex 1.46503 -22.352 0
    endloop
  endfacet
  facet normal -0.290284 0.956941 0
    outer loop
      vertex 7.20024 -21.2112 0
      vertex 5.79755 -21.6367 3
      vertex 7.20024 -21.2112 3
    endloop
  endfacet
  facet normal -0.290284 0.956941 0
    outer loop
      vertex 5.79755 -21.6367 3
      vertex 7.20024 -21.2112 0
      vertex 5.79755 -21.6367 0
    endloop
  endfacet
  facet normal -0.58247 0.812852 0
    outer loop
      vertex 13.6363 -17.7711 0
      vertex 12.4448 -18.6249 3
      vertex 13.6363 -17.7711 3
    endloop
  endfacet
  facet normal -0.58247 0.812852 0
    outer loop
      vertex 12.4448 -18.6249 3
      vertex 13.6363 -17.7711 0
      vertex 12.4448 -18.6249 0
    endloop
  endfacet
  facet normal -0.683567 0.729888 0
    outer loop
      vertex 15.8392 -15.8392 0
      vertex 14.7693 -16.8412 3
      vertex 15.8392 -15.8392 3
    endloop
  endfacet
  facet normal -0.683567 0.729888 0
    outer loop
      vertex 14.7693 -16.8412 3
      vertex 15.8392 -15.8392 0
      vertex 14.7693 -16.8412 0
    endloop
  endfacet
  facet normal -0.528084 0.849192 0
    outer loop
      vertex 12.4448 -18.6249 0
      vertex 11.2 -19.399 3
      vertex 12.4448 -18.6249 3
    endloop
  endfacet
  facet normal -0.528084 0.849192 0
    outer loop
      vertex 11.2 -19.399 3
      vertex 12.4448 -18.6249 0
      vertex 11.2 -19.399 0
    endloop
  endfacet
  facet normal -0.471355 0.881944 0
    outer loop
      vertex 11.2 -19.399 0
      vertex 9.90727 -20.0899 3
      vertex 11.2 -19.399 3
    endloop
  endfacet
  facet normal -0.471355 0.881944 0
    outer loop
      vertex 9.90727 -20.0899 3
      vertex 11.2 -19.399 0
      vertex 9.90727 -20.0899 0
    endloop
  endfacet
  facet normal 0.227106 0.97387 -0
    outer loop
      vertex -4.37002 -21.9696 0
      vertex -5.79755 -21.6367 3
      vertex -4.37002 -21.9696 3
    endloop
  endfacet
  facet normal 0.227106 0.97387 0
    outer loop
      vertex -5.79755 -21.6367 3
      vertex -4.37002 -21.9696 0
      vertex -5.79755 -21.6367 0
    endloop
  endfacet
  facet normal 0.352229 0.935914 -0
    outer loop
      vertex -7.20024 -21.2112 0
      vertex -8.57211 -20.6949 3
      vertex -7.20024 -21.2112 3
    endloop
  endfacet
  facet normal 0.352229 0.935914 0
    outer loop
      vertex -8.57211 -20.6949 3
      vertex -7.20024 -21.2112 0
      vertex -8.57211 -20.6949 0
    endloop
  endfacet
  facet normal 0.0979662 0.99519 -0
    outer loop
      vertex -1.46503 -22.352 0
      vertex -2.92379 -22.2084 3
      vertex -1.46503 -22.352 3
    endloop
  endfacet
  facet normal 0.0979662 0.99519 0
    outer loop
      vertex -2.92379 -22.2084 3
      vertex -1.46503 -22.352 0
      vertex -2.92379 -22.2084 0
    endloop
  endfacet
  facet normal 0.290284 0.956941 -0
    outer loop
      vertex -5.79755 -21.6367 0
      vertex -7.20024 -21.2112 3
      vertex -5.79755 -21.6367 3
    endloop
  endfacet
  facet normal 0.290284 0.956941 0
    outer loop
      vertex -7.20024 -21.2112 3
      vertex -5.79755 -21.6367 0
      vertex -7.20024 -21.2112 0
    endloop
  endfacet
  facet normal 0.471355 0.881944 -0
    outer loop
      vertex -9.90727 -20.0899 0
      vertex -11.2 -19.399 3
      vertex -9.90727 -20.0899 3
    endloop
  endfacet
  facet normal 0.471355 0.881944 0
    outer loop
      vertex -11.2 -19.399 3
      vertex -9.90727 -20.0899 0
      vertex -11.2 -19.399 0
    endloop
  endfacet
  facet normal 0.634422 0.772987 -0
    outer loop
      vertex -13.6363 -17.7711 0
      vertex -14.7693 -16.8412 3
      vertex -13.6363 -17.7711 3
    endloop
  endfacet
  facet normal 0.634422 0.772987 0
    outer loop
      vertex -14.7693 -16.8412 3
      vertex -13.6363 -17.7711 0
      vertex -14.7693 -16.8412 0
    endloop
  endfacet
  facet normal 0.956941 0.290284 0
    outer loop
      vertex -21.2112 -7.20024 3
      vertex -21.6367 -5.79755 0
      vertex -21.6367 -5.79755 3
    endloop
  endfacet
  facet normal 0.956941 0.290284 0
    outer loop
      vertex -21.6367 -5.79755 0
      vertex -21.2112 -7.20024 3
      vertex -21.2112 -7.20024 0
    endloop
  endfacet
  facet normal 0.999464 0.0327463 0
    outer loop
      vertex -22.352 -1.46503 3
      vertex -22.4 0 0
      vertex -22.4 0 3
    endloop
  endfacet
  facet normal 0.999464 0.0327463 0
    outer loop
      vertex -22.4 0 0
      vertex -22.352 -1.46503 3
      vertex -22.352 -1.46503 0
    endloop
  endfacet
  facet normal 0.99519 0.0979662 0
    outer loop
      vertex -22.2084 -2.92379 3
      vertex -22.352 -1.46503 0
      vertex -22.352 -1.46503 3
    endloop
  endfacet
  facet normal 0.99519 0.0979662 0
    outer loop
      vertex -22.352 -1.46503 0
      vertex -22.2084 -2.92379 3
      vertex -22.2084 -2.92379 0
    endloop
  endfacet
  facet normal 0.849192 0.528084 0
    outer loop
      vertex -18.6249 -12.4448 3
      vertex -19.399 -11.2 0
      vertex -19.399 -11.2 3
    endloop
  endfacet
  facet normal 0.849192 0.528084 0
    outer loop
      vertex -19.399 -11.2 0
      vertex -18.6249 -12.4448 3
      vertex -18.6249 -12.4448 0
    endloop
  endfacet
  facet normal 0.910852 0.412734 0
    outer loop
      vertex -20.0899 -9.90727 3
      vertex -20.6949 -8.57211 0
      vertex -20.6949 -8.57211 3
    endloop
  endfacet
  facet normal 0.910852 0.412734 0
    outer loop
      vertex -20.6949 -8.57211 0
      vertex -20.0899 -9.90727 3
      vertex -20.0899 -9.90727 0
    endloop
  endfacet
  facet normal 0.729888 0.683567 0
    outer loop
      vertex -15.8392 -15.8392 3
      vertex -16.8412 -14.7693 0
      vertex -16.8412 -14.7693 3
    endloop
  endfacet
  facet normal 0.729888 0.683567 0
    outer loop
      vertex -16.8412 -14.7693 0
      vertex -15.8392 -15.8392 3
      vertex -15.8392 -15.8392 0
    endloop
  endfacet
  facet normal -0.634422 -0.772987 0
    outer loop
      vertex 13.6363 17.7711 0
      vertex 14.7693 16.8412 3
      vertex 13.6363 17.7711 3
    endloop
  endfacet
  facet normal -0.634422 -0.772987 -0
    outer loop
      vertex 14.7693 16.8412 3
      vertex 13.6363 17.7711 0
      vertex 14.7693 16.8412 0
    endloop
  endfacet
  facet normal -0.956941 0.290284 0
    outer loop
      vertex 21.2112 -7.20024 0
      vertex 21.6367 -5.79755 3
      vertex 21.6367 -5.79755 0
    endloop
  endfacet
  facet normal -0.956941 0.290284 0
    outer loop
      vertex 21.6367 -5.79755 3
      vertex 21.2112 -7.20024 0
      vertex 21.2112 -7.20024 3
    endloop
  endfacet
  facet normal -0.935914 0.352229 0
    outer loop
      vertex 20.6949 -8.57211 0
      vertex 21.2112 -7.20024 3
      vertex 21.2112 -7.20024 0
    endloop
  endfacet
  facet normal -0.935914 0.352229 0
    outer loop
      vertex 21.2112 -7.20024 3
      vertex 20.6949 -8.57211 0
      vertex 20.6949 -8.57211 3
    endloop
  endfacet
  facet normal -0.772987 0.634422 0
    outer loop
      vertex 16.8412 -14.7693 0
      vertex 17.7711 -13.6363 3
      vertex 17.7711 -13.6363 0
    endloop
  endfacet
  facet normal -0.772987 0.634422 0
    outer loop
      vertex 17.7711 -13.6363 3
      vertex 16.8412 -14.7693 0
      vertex 16.8412 -14.7693 3
    endloop
  endfacet
  facet normal -0.812852 0.58247 0
    outer loop
      vertex 17.7711 -13.6363 0
      vertex 18.6249 -12.4448 3
      vertex 18.6249 -12.4448 0
    endloop
  endfacet
  facet normal -0.812852 0.58247 0
    outer loop
      vertex 18.6249 -12.4448 3
      vertex 17.7711 -13.6363 0
      vertex 17.7711 -13.6363 3
    endloop
  endfacet
  facet normal 0.881944 0.471355 0
    outer loop
      vertex -19.399 -11.2 3
      vertex -20.0899 -9.90727 0
      vertex -20.0899 -9.90727 3
    endloop
  endfacet
  facet normal 0.881944 0.471355 0
    outer loop
      vertex -20.0899 -9.90727 0
      vertex -19.399 -11.2 3
      vertex -19.399 -11.2 0
    endloop
  endfacet
  facet normal 0.772987 0.634422 0
    outer loop
      vertex -16.8412 -14.7693 3
      vertex -17.7711 -13.6363 0
      vertex -17.7711 -13.6363 3
    endloop
  endfacet
  facet normal 0.772987 0.634422 0
    outer loop
      vertex -17.7711 -13.6363 0
      vertex -16.8412 -14.7693 3
      vertex -16.8412 -14.7693 0
    endloop
  endfacet
endsolid OpenSCAD_Model
